{
    "GamePlayTimer": {
        "clock_position": [
            876.0,
            100.0
        ],
        "numberInterval": 36.5,
        "numberOriginPos": [
            910.0,
            100.0
        ],
        "numberSpriteScale": [
            0.800000011920929,
            0.800000011920929
        ]
    }
}
