{
    "Player": {
        "lookAtT": 0.07500000298023224,
        "moveSpeed": 1.0,
        "position": [
            -4.0,
            5.0,
            0.0
        ],
        "radius": 0.8999999761581421,
        "velocity": [
            1.0,
            0.0,
            0.0
        ]
    }
}
