{
    "aoi": {
        "Test1_0": {
            "objType": 0,
            "position": [
                -1.399999976158142,
                0.0,
                0.0
            ],
            "radius": 1.0,
            "rotate": [
                0.0,
                0.0,
                0.0,
                1.0
            ],
            "scale": [
                1.0,
                1.0,
                1.0
            ]
        },
        "Test1_1": {
            "objType": 0,
            "position": [
                2.4000000953674316,
                -1.2999999523162842,
                0.0
            ],
            "radius": 1.0,
            "rotate": [
                0.0,
                0.0,
                0.0,
                1.0
            ],
            "scale": [
                1.0,
                1.0,
                1.0
            ]
        }
    }
}
