{
    "aoi": {
        "Test1_0": {
            "objType": 0,
            "position": [
                31.600000381469727,
                0.0,
                0.0
            ],
            "radius": 1.0,
            "rotate": [
                0.0,
                0.0,
                0.0,
                1.0
            ],
            "scale": [
                1.0,
                1.0,
                1.0
            ]
        },
        "Test1_1": {
            "objType": 0,
            "position": [
                20.899999618530273,
                2.700000047683716,
                0.0
            ],
            "radius": 1.0,
            "rotate": [
                0.0,
                0.0,
                0.0,
                1.0
            ],
            "scale": [
                1.0,
                1.0,
                1.0
            ]
        }
    }
}
