{
    "bird_0": {
        "BIRD_0": {
            "objType": 2,
            "position": [
                39.29999923706055,
                243.5,
                0.0
            ],
            "radius": 9.570239067077637,
            "rotate": [
                0.0,
                0.0,
                0.0,
                1.0
            ],
            "scale": [
                3.0,
                3.0,
                3.0
            ],
            "subType": 0
        },
        "BIRD_1": {
            "objType": 2,
            "position": [
                10.5,
                144.3000030517578,
                0.0
            ],
            "radius": 7.849287033081055,
            "rotate": [
                0.0,
                0.0,
                0.0,
                1.0
            ],
            "scale": [
                3.0,
                3.0,
                3.0
            ],
            "subType": 0
        },
        "BIRD_2": {
            "objType": 2,
            "position": [
                124.19999694824219,
                439.79998779296875,
                0.0
            ],
            "radius": 8.2977294921875,
            "rotate": [
                0.0,
                0.0,
                0.0,
                1.0
            ],
            "scale": [
                3.0,
                3.0,
                3.0
            ],
            "subType": 0
        },
        "BIRD_3": {
            "objType": 2,
            "position": [
                26.299999237060547,
                389.29998779296875,
                0.0
            ],
            "radius": 9.133551597595215,
            "rotate": [
                0.0,
                0.0,
                0.0,
                1.0
            ],
            "scale": [
                3.0,
                3.0,
                3.0
            ],
            "subType": 0
        },
        "BIRD_4": {
            "objType": 2,
            "position": [
                184.8000030517578,
                400.0,
                0.0
            ],
            "radius": 9.132847785949707,
            "rotate": [
                0.0,
                0.0,
                0.0,
                1.0
            ],
            "scale": [
                3.0,
                3.0,
                3.0
            ],
            "subType": 0
        },
        "BIRD_5": {
            "objType": 2,
            "position": [
                86.0,
                98.19999694824219,
                0.0
            ],
            "radius": 6.952106475830078,
            "rotate": [
                0.0,
                0.0,
                0.0,
                1.0
            ],
            "scale": [
                3.0,
                3.0,
                3.0
            ],
            "subType": 0
        },
        "BIRD_6": {
            "objType": 2,
            "position": [
                22.100000381469727,
                44.20000076293945,
                0.0
            ],
            "radius": 9.85452651977539,
            "rotate": [
                0.0,
                0.0,
                0.0,
                1.0
            ],
            "scale": [
                3.0,
                3.0,
                3.0
            ],
            "subType": 0
        },
        "BIRD_7": {
            "objType": 2,
            "position": [
                164.60000610351563,
                33.79999923706055,
                0.0
            ],
            "radius": 8.30787181854248,
            "rotate": [
                0.0,
                0.0,
                0.0,
                1.0
            ],
            "scale": [
                3.0,
                3.0,
                3.0
            ],
            "subType": 0
        },
        "BIRD_8": {
            "objType": 2,
            "position": [
                146.8000030517578,
                155.10000610351563,
                0.0
            ],
            "radius": 7.2237749099731445,
            "rotate": [
                0.0,
                0.0,
                0.0,
                1.0
            ],
            "scale": [
                3.0,
                3.0,
                3.0
            ],
            "subType": 1
        },
        "FISH_10": {
            "objType": 1,
            "position": [
                140.6999969482422,
                -24.899999618530273,
                0.0
            ],
            "radius": 2.5999999046325684,
            "rotate": [
                0.0,
                -0.7071068286895752,
                0.0,
                0.7071068286895752
            ],
            "scale": [
                1.0,
                1.0,
                1.0
            ],
            "subType": 1
        },
        "FISH_11": {
            "objType": 1,
            "position": [
                114.80000305175781,
                -33.79999923706055,
                0.0
            ],
            "radius": 2.5999999046325684,
            "rotate": [
                0.0,
                -0.7071068286895752,
                0.0,
                0.7071068286895752
            ],
            "scale": [
                1.0,
                1.0,
                1.0
            ],
            "subType": 0
        },
        "FISH_12": {
            "objType": 1,
            "position": [
                158.0,
                -16.899999618530273,
                0.0
            ],
            "radius": 4.0,
            "rotate": [
                0.0,
                -0.7071068286895752,
                0.0,
                0.7071068286895752
            ],
            "scale": [
                4.0,
                4.0,
                4.0
            ],
            "subType": 3
        },
        "FISH_13": {
            "objType": 1,
            "position": [
                39.79999923706055,
                -24.899999618530273,
                0.0
            ],
            "radius": 2.5999999046325684,
            "rotate": [
                0.0,
                -0.7071068286895752,
                0.0,
                0.7071068286895752
            ],
            "scale": [
                1.0,
                1.0,
                1.0
            ],
            "subType": 1
        },
        "FISH_14": {
            "objType": 1,
            "position": [
                61.900001525878906,
                -14.899999618530273,
                0.0
            ],
            "radius": 2.5999999046325684,
            "rotate": [
                0.0,
                -0.7071068286895752,
                0.0,
                0.7071068286895752
            ],
            "scale": [
                1.0,
                1.0,
                1.0
            ],
            "subType": 0
        },
        "FISH_15": {
            "objType": 1,
            "position": [
                88.0999984741211,
                -25.299999237060547,
                0.0
            ],
            "radius": 2.5999999046325684,
            "rotate": [
                0.0,
                -0.7071068286895752,
                0.0,
                0.7071068286895752
            ],
            "scale": [
                1.0,
                1.0,
                1.0
            ],
            "subType": 0
        },
        "FISH_9": {
            "objType": 1,
            "position": [
                110.80000305175781,
                -10.5,
                0.0
            ],
            "radius": 2.5999999046325684,
            "rotate": [
                0.0,
                -0.7071068286895752,
                0.0,
                0.7071068286895752
            ],
            "scale": [
                1.0,
                1.0,
                1.0
            ],
            "subType": 1
        },
        "level": 0
    }
}
