{
    "Coin": {
        "COIN_0": {
            "objType": 6,
            "position": [
                35.599998474121094,
                3.700000047683716,
                0.0
            ],
            "radius": 1.0,
            "rotate": [
                0.0,
                0.0,
                0.0,
                1.0
            ],
            "scale": [
                1.0,
                1.0,
                1.0
            ]
        },
        "COIN_1": {
            "objType": 6,
            "position": [
                8.600000381469727,
                13.5,
                0.0
            ],
            "radius": 1.0,
            "rotate": [
                0.0,
                0.0,
                0.0,
                1.0
            ],
            "scale": [
                1.0,
                1.0,
                1.0
            ]
        },
        "level": 0
    }
}
