{
    "fish": {
        "FISH_0": {
            "objType": 1,
            "position": [
                0.0,
                0.0,
                0.0
            ],
            "radius": 2.5999999046325684,
            "rotate": [
                0.0,
                -0.7071068286895752,
                0.0,
                0.7071068286895752
            ],
            "scale": [
                1.0,
                1.0,
                1.0
            ],
            "subType": 1
        },
        "FISH_1": {
            "objType": 1,
            "position": [
                44.099998474121094,
                -5.099999904632568,
                0.0
            ],
            "radius": 2.5999999046325684,
            "rotate": [
                0.0,
                -0.7071068286895752,
                0.0,
                0.7071068286895752
            ],
            "scale": [
                1.0,
                1.0,
                1.0
            ],
            "subType": 1
        },
        "level": 0
    }
}
