{
    "hisaiti": {
        "Test1_1": {
            "objType": 0,
            "position": [
                -3.0999999046325684,
                1.399999976158142,
                0.0
            ],
            "radius": 1.0,
            "rotate": [
                0.0,
                0.0,
                0.0,
                1.0
            ],
            "scale": [
                1.0,
                1.0,
                1.0
            ]
        },
        "Test2_0": {
            "objType": 1,
            "position": [
                5.0,
                2.0999999046325684,
                0.0
            ],
            "radius": 1.0,
            "rotate": [
                0.0,
                0.0,
                0.0,
                1.0
            ],
            "scale": [
                1.0,
                1.0,
                1.0
            ]
        }
    }
}
