{
    "hisaiti": {
        "Test1_0": {
            "objType": 0,
            "position": [
                -7.099999904632568,
                1.399999976158142,
                0.0
            ],
            "radius": 1.0,
            "rotate": [
                0.0,
                0.0,
                0.0,
                1.0
            ],
            "scale": [
                1.0,
                1.0,
                1.0
            ]
        },
        "Test2_1": {
            "objType": 1,
            "position": [
                1.0,
                2.0999999046325684,
                0.0
            ],
            "radius": 1.0,
            "rotate": [
                0.0,
                0.0,
                0.0,
                1.0
            ],
            "scale": [
                1.0,
                1.0,
                1.0
            ]
        },
        "Test2_2": {
            "objType": 1,
            "position": [
                10.0,
                -2.9000000953674316,
                0.0
            ],
            "radius": 1.0,
            "rotate": [
                0.0,
                0.0,
                0.0,
                1.0
            ],
            "scale": [
                1.0,
                1.0,
                1.0
            ]
        }
    }
}
