{
    "newName": {
        "BIRD_0": {
            "objType": 2,
            "position": [
                39.29999923706055,
                243.5,
                0.0
            ],
            "radius": 8.090970993041992,
            "rotate": [
                0.0,
                0.0,
                0.0,
                1.0
            ],
            "scale": [
                3.0,
                3.0,
                3.0
            ],
            "subType": 0
        },
        "BIRD_1": {
            "objType": 2,
            "position": [
                10.5,
                144.3000030517578,
                0.0
            ],
            "radius": 9.621190071105957,
            "rotate": [
                0.0,
                0.0,
                0.0,
                1.0
            ],
            "scale": [
                3.0,
                3.0,
                3.0
            ],
            "subType": 0
        },
        "BIRD_2": {
            "objType": 2,
            "position": [
                124.19999694824219,
                439.79998779296875,
                0.0
            ],
            "radius": 8.468328475952148,
            "rotate": [
                0.0,
                0.0,
                0.0,
                1.0
            ],
            "scale": [
                3.0,
                3.0,
                3.0
            ],
            "subType": 0
        },
        "BIRD_3": {
            "objType": 2,
            "position": [
                26.299999237060547,
                389.29998779296875,
                0.0
            ],
            "radius": 8.488380432128906,
            "rotate": [
                0.0,
                0.0,
                0.0,
                1.0
            ],
            "scale": [
                3.0,
                3.0,
                3.0
            ],
            "subType": 0
        },
        "BIRD_4": {
            "objType": 2,
            "position": [
                184.8000030517578,
                400.0,
                0.0
            ],
            "radius": 7.272787094116211,
            "rotate": [
                0.0,
                0.0,
                0.0,
                1.0
            ],
            "scale": [
                3.0,
                3.0,
                3.0
            ],
            "subType": 0
        },
        "BIRD_5": {
            "objType": 2,
            "position": [
                86.0,
                98.19999694824219,
                0.0
            ],
            "radius": 6.207716941833496,
            "rotate": [
                0.0,
                0.0,
                0.0,
                1.0
            ],
            "scale": [
                3.0,
                3.0,
                3.0
            ],
            "subType": 0
        },
        "BIRD_6": {
            "objType": 2,
            "position": [
                22.100000381469727,
                44.20000076293945,
                0.0
            ],
            "radius": 6.511259078979492,
            "rotate": [
                0.0,
                0.0,
                0.0,
                1.0
            ],
            "scale": [
                3.0,
                3.0,
                3.0
            ],
            "subType": 0
        },
        "BIRD_7": {
            "objType": 2,
            "position": [
                164.60000610351563,
                33.79999923706055,
                0.0
            ],
            "radius": 7.475227355957031,
            "rotate": [
                0.0,
                0.0,
                0.0,
                1.0
            ],
            "scale": [
                3.0,
                3.0,
                3.0
            ],
            "subType": 0
        },
        "BIRD_8": {
            "objType": 2,
            "position": [
                146.8000030517578,
                155.10000610351563,
                0.0
            ],
            "radius": 8.465837478637695,
            "rotate": [
                0.0,
                0.0,
                0.0,
                1.0
            ],
            "scale": [
                3.0,
                3.0,
                3.0
            ],
            "subType": 1
        },
        "FISH_10": {
            "objType": 1,
            "position": [
                110.80000305175781,
                -9.300000190734863,
                0.0
            ],
            "radius": 4.0,
            "rotate": [
                0.0,
                -0.7071068286895752,
                0.0,
                0.7071068286895752
            ],
            "scale": [
                2.5,
                2.5,
                2.5
            ],
            "subType": 2
        },
        "FISH_11": {
            "objType": 1,
            "position": [
                140.6999969482422,
                -24.899999618530273,
                0.0
            ],
            "radius": 2.5999999046325684,
            "rotate": [
                0.0,
                -0.7071068286895752,
                0.0,
                0.7071068286895752
            ],
            "scale": [
                1.0,
                1.0,
                1.0
            ],
            "subType": 1
        },
        "FISH_12": {
            "objType": 1,
            "position": [
                114.80000305175781,
                -33.79999923706055,
                0.0
            ],
            "radius": 2.5999999046325684,
            "rotate": [
                0.0,
                -0.7071068286895752,
                0.0,
                0.7071068286895752
            ],
            "scale": [
                1.0,
                1.0,
                1.0
            ],
            "subType": 1
        },
        "FISH_13": {
            "objType": 1,
            "position": [
                158.0,
                -16.899999618530273,
                0.0
            ],
            "radius": 6.0,
            "rotate": [
                0.0,
                -0.7071068286895752,
                0.0,
                0.7071068286895752
            ],
            "scale": [
                4.0,
                4.0,
                4.0
            ],
            "subType": 3
        },
        "FISH_14": {
            "objType": 1,
            "position": [
                39.79999923706055,
                -24.899999618530273,
                0.0
            ],
            "radius": 2.5999999046325684,
            "rotate": [
                0.0,
                -0.7071068286895752,
                0.0,
                0.7071068286895752
            ],
            "scale": [
                1.0,
                1.0,
                1.0
            ],
            "subType": 1
        },
        "FISH_15": {
            "objType": 1,
            "position": [
                61.900001525878906,
                -14.899999618530273,
                0.0
            ],
            "radius": 2.5999999046325684,
            "rotate": [
                0.0,
                -0.7071068286895752,
                0.0,
                0.7071068286895752
            ],
            "scale": [
                1.0,
                1.0,
                1.0
            ],
            "subType": 1
        },
        "FISH_9": {
            "objType": 1,
            "position": [
                88.0999984741211,
                -25.299999237060547,
                0.0
            ],
            "radius": 2.5999999046325684,
            "rotate": [
                0.0,
                -0.7071068286895752,
                0.0,
                0.7071068286895752
            ],
            "scale": [
                1.0,
                1.0,
                1.0
            ],
            "subType": 1
        },
        "level": 1
    }
}
