{
    "stage_1_3": {
        "BIRD_0": {
            "objType": 2,
            "position": [
                92.80000305175781,
                149.60000610351563,
                0.0
            ],
            "radius": 13.0,
            "rotate": [
                0.0,
                0.0,
                0.0,
                1.0
            ],
            "scale": [
                6.0,
                6.0,
                6.0
            ],
            "subType": 0
        },
        "BIRD_1": {
            "objType": 2,
            "position": [
                46.5,
                47.20000076293945,
                0.0
            ],
            "radius": 13.0,
            "rotate": [
                0.0,
                0.0,
                0.0,
                1.0
            ],
            "scale": [
                6.0,
                6.0,
                6.0
            ],
            "subType": 0
        },
        "BIRD_2": {
            "objType": 2,
            "position": [
                42.099998474121094,
                246.1999969482422,
                0.0
            ],
            "radius": 13.0,
            "rotate": [
                0.0,
                0.0,
                0.0,
                1.0
            ],
            "scale": [
                6.0,
                6.0,
                6.0
            ],
            "subType": 0
        },
        "BIRD_8": {
            "objType": 2,
            "position": [
                118.9000015258789,
                151.3000030517578,
                0.0
            ],
            "radius": 13.0,
            "rotate": [
                0.0,
                0.0,
                0.0,
                1.0
            ],
            "scale": [
                8.0,
                8.0,
                8.0
            ],
            "subType": 0
        },
        "FISH_3": {
            "objType": 1,
            "position": [
                75.19999694824219,
                -41.0,
                0.0
            ],
            "radius": 4.599999904632568,
            "rotate": [
                0.0,
                -0.7071068286895752,
                0.0,
                0.7071068286895752
            ],
            "scale": [
                1.5,
                1.5,
                1.5
            ],
            "subType": 1
        },
        "FISH_4": {
            "objType": 1,
            "position": [
                76.30000305175781,
                -26.200000762939453,
                0.0
            ],
            "radius": 4.599999904632568,
            "rotate": [
                0.0,
                -0.7071068286895752,
                0.0,
                0.7071068286895752
            ],
            "scale": [
                1.5,
                1.5,
                1.5
            ],
            "subType": 1
        },
        "FISH_5": {
            "objType": 1,
            "position": [
                76.80000305175781,
                -1.2000000476837158,
                0.0
            ],
            "radius": 4.599999904632568,
            "rotate": [
                0.0,
                -0.7071068286895752,
                0.0,
                0.7071068286895752
            ],
            "scale": [
                1.5,
                1.5,
                1.5
            ],
            "subType": 1
        },
        "FISH_6": {
            "objType": 1,
            "position": [
                76.5999984741211,
                -11.300000190734863,
                0.0
            ],
            "radius": 4.599999904632568,
            "rotate": [
                0.0,
                -0.7071068286895752,
                0.0,
                0.7071068286895752
            ],
            "scale": [
                1.5,
                1.5,
                1.5
            ],
            "subType": 1
        },
        "FISH_7": {
            "objType": 1,
            "position": [
                89.80000305175781,
                -27.700000762939453,
                0.0
            ],
            "radius": 4.599999904632568,
            "rotate": [
                0.0,
                -0.7071068286895752,
                0.0,
                0.7071068286895752
            ],
            "scale": [
                1.5,
                1.5,
                1.5
            ],
            "subType": 1
        },
        "level": 1
    }
}
