{
    "stage_2_1": {
        "BIRD_0": {
            "objType": 2,
            "position": [
                0.0,
                410.20001220703125,
                0.0
            ],
            "radius": 7.050572395324707,
            "rotate": [
                0.0,
                0.0,
                0.0,
                1.0
            ],
            "scale": [
                3.0,
                3.0,
                3.0
            ],
            "subType": 0
        },
        "BIRD_1": {
            "objType": 2,
            "position": [
                49.599998474121094,
                340.0,
                0.0
            ],
            "radius": 7.350489616394043,
            "rotate": [
                0.0,
                0.0,
                0.0,
                1.0
            ],
            "scale": [
                3.0,
                3.0,
                3.0
            ],
            "subType": 0
        },
        "BIRD_2": {
            "objType": 2,
            "position": [
                94.5,
                266.5,
                0.0
            ],
            "radius": 8.45862102508545,
            "rotate": [
                0.0,
                0.0,
                0.0,
                1.0
            ],
            "scale": [
                3.0,
                3.0,
                3.0
            ],
            "subType": 0
        },
        "BIRD_3": {
            "objType": 2,
            "position": [
                141.10000610351563,
                172.8000030517578,
                0.0
            ],
            "radius": 6.3567633628845215,
            "rotate": [
                0.0,
                0.0,
                0.0,
                1.0
            ],
            "scale": [
                3.0,
                3.0,
                3.0
            ],
            "subType": 0
        },
        "BIRD_4": {
            "objType": 2,
            "position": [
                177.3000030517578,
                84.0999984741211,
                0.0
            ],
            "radius": 9.212006568908691,
            "rotate": [
                0.0,
                0.0,
                0.0,
                1.0
            ],
            "scale": [
                3.0,
                3.0,
                3.0
            ],
            "subType": 0
        },
        "BIRD_5": {
            "objType": 2,
            "position": [
                201.8000030517578,
                13.800000190734863,
                0.0
            ],
            "radius": 8.241934776306152,
            "rotate": [
                0.0,
                0.0,
                0.0,
                1.0
            ],
            "scale": [
                3.0,
                3.0,
                3.0
            ],
            "subType": 0
        },
        "level": 2
    }
}
