{
    "stage_2_2": {
        "BIRD_0": {
            "objType": 2,
            "position": [
                27.700000762939453,
                195.6999969482422,
                0.0
            ],
            "radius": 9.487676620483398,
            "rotate": [
                0.0,
                0.0,
                0.0,
                1.0
            ],
            "scale": [
                3.0,
                3.0,
                3.0
            ],
            "subType": 1
        },
        "BIRD_1": {
            "objType": 2,
            "position": [
                146.8000030517578,
                101.5999984741211,
                0.0
            ],
            "radius": 9.72080135345459,
            "rotate": [
                0.0,
                0.0,
                0.0,
                1.0
            ],
            "scale": [
                3.0,
                3.0,
                3.0
            ],
            "subType": 0
        },
        "BIRD_2": {
            "objType": 2,
            "position": [
                120.30000305175781,
                301.0,
                0.0
            ],
            "radius": 8.602445602416992,
            "rotate": [
                0.0,
                0.0,
                0.0,
                1.0
            ],
            "scale": [
                3.0,
                3.0,
                3.0
            ],
            "subType": 0
        },
        "BIRD_3": {
            "objType": 2,
            "position": [
                170.0,
                440.0,
                0.0
            ],
            "radius": 8.094724655151367,
            "rotate": [
                0.0,
                0.0,
                0.0,
                1.0
            ],
            "scale": [
                3.0,
                3.0,
                3.0
            ],
            "subType": 0
        },
        "FISH_4": {
            "objType": 1,
            "position": [
                51.29999923706055,
                -39.29999923706055,
                0.0
            ],
            "radius": 4.599999904632568,
            "rotate": [
                0.0,
                -0.7071068286895752,
                0.0,
                0.7071068286895752
            ],
            "scale": [
                1.5,
                1.5,
                1.5
            ],
            "subType": 1
        },
        "FISH_5": {
            "objType": 1,
            "position": [
                125.30000305175781,
                -35.29999923706055,
                0.0
            ],
            "radius": 7.0,
            "rotate": [
                0.0,
                -0.7071068286895752,
                0.0,
                0.7071068286895752
            ],
            "scale": [
                3.5,
                3.5,
                3.5
            ],
            "subType": 2
        },
        "ROCK_6": {
            "objType": 0,
            "position": [
                22.700000762939453,
                -44.099998474121094,
                0.0
            ],
            "radius": 13.0,
            "rotate": [
                0.0,
                0.0,
                0.0,
                1.0
            ],
            "scale": [
                1.0,
                1.0,
                1.0
            ],
            "subType": 1
        },
        "ROCK_7": {
            "objType": 0,
            "position": [
                87.0,
                -44.400001525878906,
                0.0
            ],
            "radius": 13.0,
            "rotate": [
                0.0,
                0.0,
                0.0,
                1.0
            ],
            "scale": [
                1.0,
                1.0,
                1.0
            ],
            "subType": 1
        },
        "ROCK_8": {
            "objType": 0,
            "position": [
                173.5,
                -47.0,
                0.0
            ],
            "radius": 19.5,
            "rotate": [
                0.0,
                0.0,
                0.0,
                1.0
            ],
            "scale": [
                2.5,
                2.5,
                2.5
            ],
            "subType": 2
        },
        "level": 2
    }
}
