{
    "stage_1_5": {
        "FISH_0": {
            "objType": 1,
            "position": [
                38.099998474121094,
                -18.200000762939453,
                0.0
            ],
            "radius": 4.599999904632568,
            "rotate": [
                0.0,
                -0.7071068286895752,
                0.0,
                0.7071068286895752
            ],
            "scale": [
                1.5,
                1.5,
                1.5
            ],
            "subType": 1
        },
        "FISH_1": {
            "objType": 1,
            "position": [
                75.4000015258789,
                -33.79999923706055,
                0.0
            ],
            "radius": 10.0,
            "rotate": [
                0.0,
                -0.7071068286895752,
                0.0,
                0.7071068286895752
            ],
            "scale": [
                5.0,
                5.0,
                5.0
            ],
            "subType": 3
        },
        "FISH_2": {
            "objType": 1,
            "position": [
                112.30000305175781,
                -31.200000762939453,
                0.0
            ],
            "radius": 10.0,
            "rotate": [
                0.0,
                -0.7071068286895752,
                0.0,
                0.7071068286895752
            ],
            "scale": [
                5.0,
                5.0,
                5.0
            ],
            "subType": 3
        },
        "FISH_3": {
            "objType": 1,
            "position": [
                159.10000610351563,
                -19.100000381469727,
                0.0
            ],
            "radius": 4.599999904632568,
            "rotate": [
                0.0,
                -0.7071068286895752,
                0.0,
                0.7071068286895752
            ],
            "scale": [
                1.5,
                1.5,
                1.5
            ],
            "subType": 1
        },
        "FISH_4": {
            "objType": 1,
            "position": [
                94.69999694824219,
                -5.300000190734863,
                0.0
            ],
            "radius": 4.599999904632568,
            "rotate": [
                0.0,
                -0.7071068286895752,
                0.0,
                0.7071068286895752
            ],
            "scale": [
                1.5,
                1.5,
                1.5
            ],
            "subType": 1
        },
        "level": 1
    }
}
