{
    "stage_3_4": {
        "BIRD_0": {
            "objType": 2,
            "position": [
                69.5999984741211,
                98.5,
                0.0
            ],
            "radius": 6.455939769744873,
            "rotate": [
                0.0,
                0.0,
                0.0,
                1.0
            ],
            "scale": [
                3.0,
                3.0,
                3.0
            ],
            "subType": 0
        },
        "BIRD_1": {
            "objType": 2,
            "position": [
                171.10000610351563,
                186.39999389648438,
                0.0
            ],
            "radius": 7.030168056488037,
            "rotate": [
                0.0,
                0.0,
                0.0,
                1.0
            ],
            "scale": [
                3.0,
                3.0,
                3.0
            ],
            "subType": 0
        },
        "BIRD_2": {
            "objType": 2,
            "position": [
                0.0,
                400.0,
                0.0
            ],
            "radius": 9.58482551574707,
            "rotate": [
                0.0,
                0.0,
                0.0,
                1.0
            ],
            "scale": [
                3.0,
                3.0,
                3.0
            ],
            "subType": 0
        },
        "BIRD_3": {
            "objType": 2,
            "position": [
                163.0,
                309.70001220703125,
                0.0
            ],
            "radius": 6.297970294952393,
            "rotate": [
                0.0,
                0.0,
                0.0,
                1.0
            ],
            "scale": [
                3.0,
                3.0,
                3.0
            ],
            "subType": 0
        },
        "BIRD_4": {
            "objType": 2,
            "position": [
                29.5,
                22.799999237060547,
                0.0
            ],
            "radius": 8.005163192749023,
            "rotate": [
                0.0,
                0.0,
                0.0,
                1.0
            ],
            "scale": [
                3.0,
                3.0,
                3.0
            ],
            "subType": 0
        },
        "BIRD_5": {
            "objType": 2,
            "position": [
                60.29999923706055,
                331.0,
                0.0
            ],
            "radius": 9.181485176086426,
            "rotate": [
                0.0,
                0.0,
                0.0,
                1.0
            ],
            "scale": [
                3.0,
                3.0,
                3.0
            ],
            "subType": 0
        },
        "BIRD_6": {
            "objType": 2,
            "position": [
                132.5,
                113.5,
                0.0
            ],
            "radius": 8.988483428955078,
            "rotate": [
                0.0,
                0.0,
                0.0,
                1.0
            ],
            "scale": [
                3.0,
                3.0,
                3.0
            ],
            "subType": 1
        },
        "BIRD_7": {
            "objType": 2,
            "position": [
                23.700000762939453,
                206.3000030517578,
                0.0
            ],
            "radius": 9.196557998657227,
            "rotate": [
                0.0,
                0.0,
                0.0,
                1.0
            ],
            "scale": [
                3.0,
                3.0,
                3.0
            ],
            "subType": 0
        },
        "DRIFTWOOD_8": {
            "objType": 4,
            "position": [
                141.3000030517578,
                1.399999976158142,
                0.0
            ],
            "radius": 28.0,
            "rotate": [
                0.0,
                0.0,
                0.0,
                1.0
            ],
            "scale": [
                1.0,
                1.0,
                1.0
            ],
            "subType": 0
        },
        "FISH_10": {
            "objType": 1,
            "position": [
                192.39999389648438,
                -42.20000076293945,
                0.0
            ],
            "radius": 10.0,
            "rotate": [
                0.0,
                -0.7071068286895752,
                0.0,
                0.7071068286895752
            ],
            "scale": [
                5.0,
                5.0,
                5.0
            ],
            "subType": 3
        },
        "FISH_11": {
            "objType": 1,
            "position": [
                43.79999923706055,
                -8.399999618530273,
                0.0
            ],
            "radius": 4.599999904632568,
            "rotate": [
                0.0,
                -0.7071068286895752,
                0.0,
                0.7071068286895752
            ],
            "scale": [
                1.5,
                1.5,
                1.5
            ],
            "subType": 1
        },
        "FISH_12": {
            "objType": 1,
            "position": [
                93.80000305175781,
                -31.100000381469727,
                0.0
            ],
            "radius": 4.599999904632568,
            "rotate": [
                0.0,
                -0.7071068286895752,
                0.0,
                0.7071068286895752
            ],
            "scale": [
                1.5,
                1.5,
                1.5
            ],
            "subType": 1
        },
        "FISH_13": {
            "objType": 1,
            "position": [
                153.39999389648438,
                -29.399999618530273,
                0.0
            ],
            "radius": 4.599999904632568,
            "rotate": [
                0.0,
                -0.7071068286895752,
                0.0,
                0.7071068286895752
            ],
            "scale": [
                1.5,
                1.5,
                1.5
            ],
            "subType": 1
        },
        "FISH_9": {
            "objType": 1,
            "position": [
                122.9000015258789,
                -16.200000762939453,
                0.0
            ],
            "radius": 7.0,
            "rotate": [
                0.0,
                -0.7071068286895752,
                0.0,
                0.7071068286895752
            ],
            "scale": [
                3.5,
                3.5,
                3.5
            ],
            "subType": 2
        },
        "ROCK_14": {
            "objType": 0,
            "position": [
                34.79999923706055,
                -49.29999923706055,
                0.0
            ],
            "radius": 28.80000114440918,
            "rotate": [
                0.0,
                0.0,
                0.0,
                1.0
            ],
            "scale": [
                4.0,
                4.0,
                4.0
            ],
            "subType": 3
        },
        "level": 3
    }
}
