{
    "stage_2_3": {
        "BIRD_0": {
            "objType": 2,
            "position": [
                117.4000015258789,
                251.0,
                0.0
            ],
            "radius": 13.0,
            "rotate": [
                0.0,
                0.0,
                0.0,
                1.0
            ],
            "scale": [
                6.0,
                6.0,
                6.0
            ],
            "subType": 0
        },
        "BIRD_1": {
            "objType": 2,
            "position": [
                0.0,
                500.0,
                0.0
            ],
            "radius": 13.0,
            "rotate": [
                0.0,
                0.0,
                0.0,
                1.0
            ],
            "scale": [
                6.0,
                6.0,
                6.0
            ],
            "subType": 0
        },
        "BIRD_2": {
            "objType": 2,
            "position": [
                76.9000015258789,
                19.5,
                0.0
            ],
            "radius": 13.0,
            "rotate": [
                0.0,
                0.0,
                0.0,
                1.0
            ],
            "scale": [
                6.0,
                6.0,
                6.0
            ],
            "subType": 0
        },
        "BIRD_9": {
            "objType": 2,
            "position": [
                90.80000305175781,
                255.8000030517578,
                0.0
            ],
            "radius": 13.0,
            "rotate": [
                0.0,
                0.0,
                0.0,
                1.0
            ],
            "scale": [
                8.0,
                8.0,
                8.0
            ],
            "subType": 0
        },
        "FISH_3": {
            "objType": 1,
            "position": [
                69.4000015258789,
                -11.899999618530273,
                0.0
            ],
            "radius": 7.0,
            "rotate": [
                0.0,
                -0.7071068286895752,
                0.0,
                0.7071068286895752
            ],
            "scale": [
                3.5,
                3.5,
                3.5
            ],
            "subType": 2
        },
        "FISH_4": {
            "objType": 1,
            "position": [
                87.5,
                -37.400001525878906,
                0.0
            ],
            "radius": 7.0,
            "rotate": [
                0.0,
                -0.7071068286895752,
                0.0,
                0.7071068286895752
            ],
            "scale": [
                3.5,
                3.5,
                3.5
            ],
            "subType": 2
        },
        "FISH_5": {
            "objType": 1,
            "position": [
                45.400001525878906,
                -24.899999618530273,
                0.0
            ],
            "radius": 4.599999904632568,
            "rotate": [
                0.0,
                -0.7071068286895752,
                0.0,
                0.7071068286895752
            ],
            "scale": [
                1.5,
                1.5,
                1.5
            ],
            "subType": 1
        },
        "FISH_6": {
            "objType": 1,
            "position": [
                155.10000610351563,
                -41.29999923706055,
                0.0
            ],
            "radius": 4.599999904632568,
            "rotate": [
                0.0,
                -0.7071068286895752,
                0.0,
                0.7071068286895752
            ],
            "scale": [
                1.5,
                1.5,
                1.5
            ],
            "subType": 1
        },
        "ROCK_7": {
            "objType": 0,
            "position": [
                122.9000015258789,
                -48.599998474121094,
                0.0
            ],
            "radius": 19.5,
            "rotate": [
                0.0,
                0.0,
                0.0,
                1.0
            ],
            "scale": [
                2.5,
                2.5,
                2.5
            ],
            "subType": 2
        },
        "ROCK_8": {
            "objType": 0,
            "position": [
                29.0,
                -46.599998474121094,
                0.0
            ],
            "radius": 13.0,
            "rotate": [
                0.0,
                0.0,
                0.0,
                1.0
            ],
            "scale": [
                1.0,
                1.0,
                1.0
            ],
            "subType": 1
        },
        "level": 2
    }
}
