{
    "stage_3_5": {
        "BIRD_0": {
            "objType": 2,
            "position": [
                121.5,
                202.5,
                0.0
            ],
            "radius": 6.819143295288086,
            "rotate": [
                0.0,
                0.0,
                0.0,
                1.0
            ],
            "scale": [
                3.0,
                3.0,
                3.0
            ],
            "subType": 0
        },
        "BIRD_1": {
            "objType": 2,
            "position": [
                148.0,
                296.6000061035156,
                0.0
            ],
            "radius": 8.114002227783203,
            "rotate": [
                0.0,
                0.0,
                0.0,
                1.0
            ],
            "scale": [
                3.0,
                3.0,
                3.0
            ],
            "subType": 0
        },
        "BIRD_2": {
            "objType": 2,
            "position": [
                172.3000030517578,
                400.0,
                0.0
            ],
            "radius": 8.737017631530762,
            "rotate": [
                0.0,
                0.0,
                0.0,
                1.0
            ],
            "scale": [
                3.0,
                3.0,
                3.0
            ],
            "subType": 0
        },
        "BIRD_3": {
            "objType": 2,
            "position": [
                99.69999694824219,
                29.299999237060547,
                0.0
            ],
            "radius": 9.820699691772461,
            "rotate": [
                0.0,
                0.0,
                0.0,
                1.0
            ],
            "scale": [
                3.0,
                3.0,
                3.0
            ],
            "subType": 0
        },
        "FISH_4": {
            "objType": 1,
            "position": [
                125.69999694824219,
                -19.899999618530273,
                0.0
            ],
            "radius": 4.599999904632568,
            "rotate": [
                0.0,
                -0.7071068286895752,
                0.0,
                0.7071068286895752
            ],
            "scale": [
                1.5,
                1.5,
                1.5
            ],
            "subType": 1
        },
        "FISH_5": {
            "objType": 1,
            "position": [
                15.800000190734863,
                -19.299999237060547,
                0.0
            ],
            "radius": 4.599999904632568,
            "rotate": [
                0.0,
                -0.7071068286895752,
                0.0,
                0.7071068286895752
            ],
            "scale": [
                1.5,
                1.5,
                1.5
            ],
            "subType": 1
        },
        "FISH_6": {
            "objType": 1,
            "position": [
                54.400001525878906,
                -20.799999237060547,
                0.0
            ],
            "radius": 7.0,
            "rotate": [
                0.0,
                -0.7071068286895752,
                0.0,
                0.7071068286895752
            ],
            "scale": [
                3.5,
                3.5,
                3.5
            ],
            "subType": 2
        },
        "FISH_7": {
            "objType": 1,
            "position": [
                154.39999389648438,
                -15.199999809265137,
                0.0
            ],
            "radius": 10.0,
            "rotate": [
                0.0,
                -0.7071068286895752,
                0.0,
                0.7071068286895752
            ],
            "scale": [
                5.0,
                5.0,
                5.0
            ],
            "subType": 3
        },
        "ROCK_8": {
            "objType": 0,
            "position": [
                106.69999694824219,
                -46.599998474121094,
                0.0
            ],
            "radius": 19.5,
            "rotate": [
                0.0,
                0.0,
                0.0,
                1.0
            ],
            "scale": [
                2.5,
                2.5,
                2.5
            ],
            "subType": 2
        },
        "level": 3
    }
}
