{
    "stage_2_8": {
        "FISH_0": {
            "objType": 1,
            "position": [
                41.0,
                -33.0,
                0.0
            ],
            "radius": 7.0,
            "rotate": [
                0.0,
                -0.7071068286895752,
                0.0,
                0.7071068286895752
            ],
            "scale": [
                3.5,
                3.5,
                3.5
            ],
            "subType": 2
        },
        "FISH_1": {
            "objType": 1,
            "position": [
                81.4000015258789,
                -11.800000190734863,
                0.0
            ],
            "radius": 4.599999904632568,
            "rotate": [
                0.0,
                -0.7071068286895752,
                0.0,
                0.7071068286895752
            ],
            "scale": [
                1.5,
                1.5,
                1.5
            ],
            "subType": 1
        },
        "FISH_2": {
            "objType": 1,
            "position": [
                92.80000305175781,
                -2.700000047683716,
                0.0
            ],
            "radius": 4.599999904632568,
            "rotate": [
                0.0,
                -0.7071068286895752,
                0.0,
                0.7071068286895752
            ],
            "scale": [
                1.5,
                1.5,
                1.5
            ],
            "subType": 1
        },
        "FISH_3": {
            "objType": 1,
            "position": [
                106.69999694824219,
                -2.700000047683716,
                0.0
            ],
            "radius": 4.599999904632568,
            "rotate": [
                0.0,
                -0.7071068286895752,
                0.0,
                0.7071068286895752
            ],
            "scale": [
                1.5,
                1.5,
                1.5
            ],
            "subType": 1
        },
        "FISH_4": {
            "objType": 1,
            "position": [
                119.30000305175781,
                -11.199999809265137,
                0.0
            ],
            "radius": 4.599999904632568,
            "rotate": [
                0.0,
                -0.7071068286895752,
                0.0,
                0.7071068286895752
            ],
            "scale": [
                1.5,
                1.5,
                1.5
            ],
            "subType": 1
        },
        "FISH_5": {
            "objType": 1,
            "position": [
                157.6999969482422,
                -38.29999923706055,
                0.0
            ],
            "radius": 7.0,
            "rotate": [
                0.0,
                -0.7071068286895752,
                0.0,
                0.7071068286895752
            ],
            "scale": [
                3.5,
                3.5,
                3.5
            ],
            "subType": 2
        },
        "level": 2
    }
}
