{
    "stage_1_1": {
        "BIRD_0": {
            "objType": 2,
            "position": [
                130.3000030517578,
                36.70000076293945,
                0.0
            ],
            "radius": 13.0,
            "rotate": [
                0.0,
                0.0,
                0.0,
                1.0
            ],
            "scale": [
                6.0,
                6.0,
                6.0
            ],
            "subType": 0
        },
        "FISH_1": {
            "objType": 1,
            "position": [
                25.299999237060547,
                -3.5999999046325684,
                0.0
            ],
            "radius": 4.599999904632568,
            "rotate": [
                0.0,
                -0.7071068286895752,
                0.0,
                0.7071068286895752
            ],
            "scale": [
                1.5,
                1.5,
                1.5
            ],
            "subType": 1
        },
        "FISH_2": {
            "objType": 1,
            "position": [
                64.0999984741211,
                -15.600000381469727,
                0.0
            ],
            "radius": 4.599999904632568,
            "rotate": [
                0.0,
                -0.7071068286895752,
                0.0,
                0.7071068286895752
            ],
            "scale": [
                1.5,
                1.5,
                1.5
            ],
            "subType": 1
        },
        "FISH_3": {
            "objType": 1,
            "position": [
                108.5,
                -27.399999618530273,
                0.0
            ],
            "radius": 4.599999904632568,
            "rotate": [
                0.0,
                -0.7071068286895752,
                0.0,
                0.7071068286895752
            ],
            "scale": [
                1.5,
                1.5,
                1.5
            ],
            "subType": 1
        },
        "FISH_4": {
            "objType": 1,
            "position": [
                149.0,
                -38.79999923706055,
                0.0
            ],
            "radius": 4.599999904632568,
            "rotate": [
                0.0,
                -0.7071068286895752,
                0.0,
                0.7071068286895752
            ],
            "scale": [
                1.5,
                1.5,
                1.5
            ],
            "subType": 1
        },
        "level": 1
    }
}
