{
    "stage_3_1": {
        "BIRD_0": {
            "objType": 2,
            "position": [
                9.199999809265137,
                303.8999938964844,
                0.0
            ],
            "radius": 7.555812835693359,
            "rotate": [
                0.0,
                0.0,
                0.0,
                1.0
            ],
            "scale": [
                3.0,
                3.0,
                3.0
            ],
            "subType": 0
        },
        "BIRD_1": {
            "objType": 2,
            "position": [
                149.89999389648438,
                187.1999969482422,
                0.0
            ],
            "radius": 6.700325012207031,
            "rotate": [
                0.0,
                0.0,
                0.0,
                1.0
            ],
            "scale": [
                3.0,
                3.0,
                3.0
            ],
            "subType": 0
        },
        "BIRD_2": {
            "objType": 2,
            "position": [
                41.400001525878906,
                99.69999694824219,
                0.0
            ],
            "radius": 6.54494047164917,
            "rotate": [
                0.0,
                0.0,
                0.0,
                1.0
            ],
            "scale": [
                3.0,
                3.0,
                3.0
            ],
            "subType": 0
        },
        "BIRD_3": {
            "objType": 2,
            "position": [
                92.0999984741211,
                263.3999938964844,
                0.0
            ],
            "radius": 7.799317359924316,
            "rotate": [
                0.0,
                0.0,
                0.0,
                1.0
            ],
            "scale": [
                3.0,
                3.0,
                3.0
            ],
            "subType": 0
        },
        "FISH_4": {
            "objType": 1,
            "position": [
                87.69999694824219,
                -20.200000762939453,
                0.0
            ],
            "radius": 7.0,
            "rotate": [
                0.0,
                -0.7071068286895752,
                0.0,
                0.7071068286895752
            ],
            "scale": [
                3.5,
                3.5,
                3.5
            ],
            "subType": 2
        },
        "FISH_5": {
            "objType": 1,
            "position": [
                113.5999984741211,
                -32.29999923706055,
                0.0
            ],
            "radius": 4.599999904632568,
            "rotate": [
                0.0,
                -0.7071068286895752,
                0.0,
                0.7071068286895752
            ],
            "scale": [
                1.5,
                1.5,
                1.5
            ],
            "subType": 1
        },
        "FISH_6": {
            "objType": 1,
            "position": [
                24.0,
                -34.70000076293945,
                0.0
            ],
            "radius": 4.599999904632568,
            "rotate": [
                0.0,
                -0.7071068286895752,
                0.0,
                0.7071068286895752
            ],
            "scale": [
                1.5,
                1.5,
                1.5
            ],
            "subType": 1
        },
        "FISH_7": {
            "objType": 1,
            "position": [
                144.6999969482422,
                -18.700000762939453,
                0.0
            ],
            "radius": 10.0,
            "rotate": [
                0.0,
                -0.7071068286895752,
                0.0,
                0.7071068286895752
            ],
            "scale": [
                5.0,
                5.0,
                5.0
            ],
            "subType": 3
        },
        "FISH_8": {
            "objType": 1,
            "position": [
                52.400001525878906,
                -23.200000762939453,
                0.0
            ],
            "radius": 4.599999904632568,
            "rotate": [
                0.0,
                -0.7071068286895752,
                0.0,
                0.7071068286895752
            ],
            "scale": [
                1.5,
                1.5,
                1.5
            ],
            "subType": 1
        },
        "level": 3
    }
}
