{
    "stage_3_2": {
        "BIRD_0": {
            "objType": 2,
            "position": [
                87.69999694824219,
                19.399999618530273,
                0.0
            ],
            "radius": 9.833000183105469,
            "rotate": [
                0.0,
                0.0,
                0.0,
                1.0
            ],
            "scale": [
                3.0,
                3.0,
                3.0
            ],
            "subType": 3
        },
        "BIRD_1": {
            "objType": 2,
            "position": [
                158.8000030517578,
                207.8000030517578,
                0.0
            ],
            "radius": 9.764640808105469,
            "rotate": [
                0.0,
                0.0,
                0.0,
                1.0
            ],
            "scale": [
                3.0,
                3.0,
                3.0
            ],
            "subType": 0
        },
        "BIRD_2": {
            "objType": 2,
            "position": [
                61.70000076293945,
                447.70001220703125,
                0.0
            ],
            "radius": 7.614200115203857,
            "rotate": [
                0.0,
                0.0,
                0.0,
                1.0
            ],
            "scale": [
                3.0,
                3.0,
                3.0
            ],
            "subType": 0
        },
        "BIRD_3": {
            "objType": 2,
            "position": [
                79.5999984741211,
                369.6000061035156,
                0.0
            ],
            "radius": 8.735692024230957,
            "rotate": [
                0.0,
                0.0,
                0.0,
                1.0
            ],
            "scale": [
                3.0,
                3.0,
                3.0
            ],
            "subType": 0
        },
        "BIRD_4": {
            "objType": 2,
            "position": [
                27.700000762939453,
                105.5999984741211,
                0.0
            ],
            "radius": 8.439167022705078,
            "rotate": [
                0.0,
                0.0,
                0.0,
                1.0
            ],
            "scale": [
                3.0,
                3.0,
                3.0
            ],
            "subType": 0
        },
        "BIRD_5": {
            "objType": 2,
            "position": [
                38.70000076293945,
                264.3999938964844,
                0.0
            ],
            "radius": 6.248240947723389,
            "rotate": [
                0.0,
                0.0,
                0.0,
                1.0
            ],
            "scale": [
                3.0,
                3.0,
                3.0
            ],
            "subType": 0
        },
        "BIRD_6": {
            "objType": 2,
            "position": [
                136.60000610351563,
                83.5999984741211,
                0.0
            ],
            "radius": 7.426639556884766,
            "rotate": [
                0.0,
                0.0,
                0.0,
                1.0
            ],
            "scale": [
                3.0,
                3.0,
                3.0
            ],
            "subType": 0
        },
        "DRIFTWOOD_7": {
            "objType": 4,
            "position": [
                112.0,
                2.200000047683716,
                0.0
            ],
            "radius": 28.0,
            "rotate": [
                0.0,
                0.0,
                0.0,
                1.0
            ],
            "scale": [
                1.0,
                1.0,
                1.0
            ],
            "subType": 0
        },
        "FISH_10": {
            "objType": 1,
            "position": [
                119.0,
                -10.5,
                0.0
            ],
            "radius": 4.599999904632568,
            "rotate": [
                0.0,
                -0.7071068286895752,
                0.0,
                0.7071068286895752
            ],
            "scale": [
                1.5,
                1.5,
                1.5
            ],
            "subType": 1
        },
        "FISH_11": {
            "objType": 1,
            "position": [
                113.5999984741211,
                -32.29999923706055,
                0.0
            ],
            "radius": 4.599999904632568,
            "rotate": [
                0.0,
                -0.7071068286895752,
                0.0,
                0.7071068286895752
            ],
            "scale": [
                1.5,
                1.5,
                1.5
            ],
            "subType": 1
        },
        "FISH_12": {
            "objType": 1,
            "position": [
                151.5,
                -12.100000381469727,
                0.0
            ],
            "radius": 4.599999904632568,
            "rotate": [
                0.0,
                -0.7071068286895752,
                0.0,
                0.7071068286895752
            ],
            "scale": [
                1.5,
                1.5,
                1.5
            ],
            "subType": 1
        },
        "FISH_8": {
            "objType": 1,
            "position": [
                34.599998474121094,
                -32.29999923706055,
                0.0
            ],
            "radius": 4.599999904632568,
            "rotate": [
                0.0,
                -0.7071068286895752,
                0.0,
                0.7071068286895752
            ],
            "scale": [
                1.5,
                1.5,
                1.5
            ],
            "subType": 1
        },
        "FISH_9": {
            "objType": 1,
            "position": [
                87.69999694824219,
                -20.200000762939453,
                0.0
            ],
            "radius": 7.0,
            "rotate": [
                0.0,
                -0.7071068286895752,
                0.0,
                0.7071068286895752
            ],
            "scale": [
                3.5,
                3.5,
                3.5
            ],
            "subType": 2
        },
        "ROCK_13": {
            "objType": 0,
            "position": [
                123.19999694824219,
                -46.20000076293945,
                0.0
            ],
            "radius": 13.0,
            "rotate": [
                0.0,
                0.0,
                0.0,
                1.0
            ],
            "scale": [
                1.0,
                1.0,
                1.0
            ],
            "subType": 1
        },
        "level": 3
    }
}
