{
    "stage_2_5": {
        "BIRD_0": {
            "objType": 2,
            "position": [
                0.0,
                550.0,
                0.0
            ],
            "radius": 13.0,
            "rotate": [
                0.0,
                0.0,
                0.0,
                1.0
            ],
            "scale": [
                6.0,
                6.0,
                6.0
            ],
            "subType": 0
        },
        "BIRD_1": {
            "objType": 2,
            "position": [
                98.30000305175781,
                340.0,
                0.0
            ],
            "radius": 13.0,
            "rotate": [
                0.0,
                0.0,
                0.0,
                1.0
            ],
            "scale": [
                6.0,
                6.0,
                6.0
            ],
            "subType": 0
        },
        "BIRD_2": {
            "objType": 2,
            "position": [
                27.700000762939453,
                31.200000762939453,
                0.0
            ],
            "radius": 13.0,
            "rotate": [
                0.0,
                0.0,
                0.0,
                1.0
            ],
            "scale": [
                6.0,
                6.0,
                6.0
            ],
            "subType": 0
        },
        "BIRD_3": {
            "objType": 2,
            "position": [
                161.8000030517578,
                22.299999237060547,
                0.0
            ],
            "radius": 13.0,
            "rotate": [
                0.0,
                0.0,
                0.0,
                1.0
            ],
            "scale": [
                6.0,
                6.0,
                6.0
            ],
            "subType": 0
        },
        "FISH_4": {
            "objType": 1,
            "position": [
                40.900001525878906,
                -37.20000076293945,
                0.0
            ],
            "radius": 4.599999904632568,
            "rotate": [
                0.0,
                -0.7071068286895752,
                0.0,
                0.7071068286895752
            ],
            "scale": [
                1.5,
                1.5,
                1.5
            ],
            "subType": 1
        },
        "FISH_5": {
            "objType": 1,
            "position": [
                90.0999984741211,
                -26.399999618530273,
                0.0
            ],
            "radius": 7.0,
            "rotate": [
                0.0,
                -0.7071068286895752,
                0.0,
                0.7071068286895752
            ],
            "scale": [
                3.5,
                3.5,
                3.5
            ],
            "subType": 2
        },
        "FISH_6": {
            "objType": 1,
            "position": [
                129.1999969482422,
                -15.0,
                0.0
            ],
            "radius": 7.0,
            "rotate": [
                0.0,
                -0.7071068286895752,
                0.0,
                0.7071068286895752
            ],
            "scale": [
                3.5,
                3.5,
                3.5
            ],
            "subType": 2
        },
        "FISH_7": {
            "objType": 1,
            "position": [
                172.5,
                -2.200000047683716,
                0.0
            ],
            "radius": 4.599999904632568,
            "rotate": [
                0.0,
                -0.7071068286895752,
                0.0,
                0.7071068286895752
            ],
            "scale": [
                1.5,
                1.5,
                1.5
            ],
            "subType": 1
        },
        "level": 2
    }
}
