{
    "TestFish": {
        "FISH_0": {
            "objType": 1,
            "position": [
                35.79999923706055,
                28.5,
                0.0
            ],
            "radius": 2.5999999046325684,
            "rotate": [
                0.0,
                -0.7071068286895752,
                0.0,
                0.7071068286895752
            ],
            "scale": [
                1.0,
                1.0,
                1.0
            ],
            "subType": 1
        },
        "FISH_1": {
            "objType": 1,
            "position": [
                60.20000076293945,
                8.100000381469727,
                0.0
            ],
            "radius": 2.5999999046325684,
            "rotate": [
                0.0,
                -0.7071068286895752,
                0.0,
                0.7071068286895752
            ],
            "scale": [
                1.0,
                1.0,
                1.0
            ],
            "subType": 1
        },
        "FISH_2": {
            "objType": 1,
            "position": [
                35.70000076293945,
                0.0,
                0.0
            ],
            "radius": 2.5999999046325684,
            "rotate": [
                0.0,
                -0.7071068286895752,
                0.0,
                0.7071068286895752
            ],
            "scale": [
                1.0,
                1.0,
                1.0
            ],
            "subType": 1
        },
        "FISH_3": {
            "objType": 1,
            "position": [
                19.399999618530273,
                15.600000381469727,
                0.0
            ],
            "radius": 2.5999999046325684,
            "rotate": [
                0.0,
                -0.7071068286895752,
                0.0,
                0.7071068286895752
            ],
            "scale": [
                1.0,
                1.0,
                1.0
            ],
            "subType": 1
        },
        "level": 0
    }
}
