{
    "TestGui": {
        "Test2_0": {
            "objType": 1,
            "position": [
                7.900000095367432,
                0.0,
                0.0
            ],
            "radius": 1.0,
            "rotate": [
                0.3369402587413788,
                0.021487491205334663,
                0.31602245569229126,
                -0.8866450190544128
            ],
            "scale": [
                1.0,
                1.0,
                1.0
            ]
        }
    }
}
