{
    "Test3": {
        "BIRD_0": {
            "objType": 2,
            "position": [
                52.70000076293945,
                3.5,
                0.0
            ],
            "radius": 1.0,
            "rotate": [
                0.0,
                0.0,
                0.0,
                1.0
            ],
            "scale": [
                1.0,
                1.0,
                1.0
            ]
        },
        "DRIFTWOOD_1": {
            "objType": 4,
            "position": [
                41.599998474121094,
                -0.20000000298023224,
                0.0
            ],
            "radius": 3.0,
            "rotate": [
                0.0,
                0.0,
                0.0,
                1.0
            ],
            "scale": [
                1.0,
                1.0,
                1.0
            ]
        }
    }
}
