{
    "test2": {
        "BIRD_0": {
            "objType": 2,
            "position": [
                103.80000305175781,
                39.20000076293945,
                0.0
            ],
            "radius": 7.362094879150391,
            "rotate": [
                0.0,
                0.0,
                0.0,
                1.0
            ],
            "scale": [
                3.0,
                3.0,
                3.0
            ],
            "subType": 0
        },
        "BIRD_1": {
            "objType": 2,
            "position": [
                44.70000076293945,
                34.400001525878906,
                0.0
            ],
            "radius": 8.333366394042969,
            "rotate": [
                0.0,
                0.0,
                0.0,
                1.0
            ],
            "scale": [
                3.0,
                3.0,
                3.0
            ],
            "subType": 4
        },
        "level": 0
    }
}
