{
    "test1": {
        "Test2_0": {
            "objType": 1,
            "position": [
                -13.5,
                -7.099999904632568,
                -1.899999976158142
            ],
            "radius": 1.0,
            "rotate": [
                0.32118386030197144,
                0.0,
                0.0,
                0.9470168948173523
            ],
            "scale": [
                1.0,
                1.0,
                1.0
            ]
        }
    }
}
