{
    "tutorial_Fish": {
        "FISH_0": {
            "objType": 1,
            "position": [
                -301.29998779296875,
                -21.0,
                0.0
            ],
            "radius": 10.0,
            "rotate": [
                0.0,
                -0.7071068286895752,
                0.0,
                0.7071068286895752
            ],
            "scale": [
                5.0,
                5.0,
                5.0
            ],
            "subType": 3
        },
        "FISH_1": {
            "objType": 1,
            "position": [
                -168.8000030517578,
                -25.899999618530273,
                0.0
            ],
            "radius": 10.0,
            "rotate": [
                0.0,
                -0.7071068286895752,
                0.0,
                0.7071068286895752
            ],
            "scale": [
                5.0,
                5.0,
                5.0
            ],
            "subType": 3
        },
        "FISH_2": {
            "objType": 1,
            "position": [
                -82.9000015258789,
                -34.20000076293945,
                0.0
            ],
            "radius": 7.0,
            "rotate": [
                0.0,
                -0.7071068286895752,
                0.0,
                0.7071068286895752
            ],
            "scale": [
                3.5,
                3.5,
                3.5
            ],
            "subType": 2
        },
        "FISH_3": {
            "objType": 1,
            "position": [
                -250.10000610351563,
                -42.400001525878906,
                0.0
            ],
            "radius": 7.0,
            "rotate": [
                0.0,
                -0.7071068286895752,
                0.0,
                0.7071068286895752
            ],
            "scale": [
                3.5,
                3.5,
                3.5
            ],
            "subType": 2
        },
        "FISH_4": {
            "objType": 1,
            "position": [
                -113.80000305175781,
                -41.5,
                0.0
            ],
            "radius": 7.0,
            "rotate": [
                0.0,
                -0.7071068286895752,
                0.0,
                0.7071068286895752
            ],
            "scale": [
                3.5,
                3.5,
                3.5
            ],
            "subType": 2
        },
        "level": 0
    }
}
