{
    "tutorial_bird": {
        "BIRD_0": {
            "objType": 2,
            "position": [
                125.0,
                22.899999618530273,
                0.0
            ],
            "radius": 7.291968822479248,
            "rotate": [
                0.0,
                0.0,
                0.0,
                1.0
            ],
            "scale": [
                3.0,
                3.0,
                3.0
            ],
            "subType": 4
        },
        "BIRD_1": {
            "objType": 2,
            "position": [
                150.8000030517578,
                22.5,
                0.0
            ],
            "radius": 8.326093673706055,
            "rotate": [
                0.0,
                0.0,
                0.0,
                1.0
            ],
            "scale": [
                3.0,
                3.0,
                3.0
            ],
            "subType": 4
        },
        "BIRD_2": {
            "objType": 2,
            "position": [
                174.6999969482422,
                22.100000381469727,
                0.0
            ],
            "radius": 6.124499320983887,
            "rotate": [
                0.0,
                0.0,
                0.0,
                1.0
            ],
            "scale": [
                3.0,
                3.0,
                3.0
            ],
            "subType": 4
        },
        "level": 0
    }
}
