{
    "tutorial_Fish": {
        "FISH_0": {
            "objType": 1,
            "position": [
                -227.60000610351563,
                -21.0,
                0.0
            ],
            "radius": 4.599999904632568,
            "rotate": [
                0.0,
                -0.7071068286895752,
                0.0,
                0.7071068286895752
            ],
            "scale": [
                1.5,
                1.5,
                1.5
            ],
            "subType": 1
        },
        "FISH_1": {
            "objType": 1,
            "position": [
                -92.4000015258789,
                -25.899999618530273,
                0.0
            ],
            "radius": 4.599999904632568,
            "rotate": [
                0.0,
                -0.7071068286895752,
                0.0,
                0.7071068286895752
            ],
            "scale": [
                1.5,
                1.5,
                1.5
            ],
            "subType": 1
        },
        "FISH_2": {
            "objType": 1,
            "position": [
                0.0,
                -34.20000076293945,
                0.0
            ],
            "radius": 7.0,
            "rotate": [
                0.0,
                -0.7071068286895752,
                0.0,
                0.7071068286895752
            ],
            "scale": [
                3.5,
                3.5,
                3.5
            ],
            "subType": 2
        },
        "FISH_3": {
            "objType": 1,
            "position": [
                -149.6999969482422,
                -42.400001525878906,
                0.0
            ],
            "radius": 4.599999904632568,
            "rotate": [
                0.0,
                -0.7071068286895752,
                0.0,
                0.7071068286895752
            ],
            "scale": [
                1.5,
                1.5,
                1.5
            ],
            "subType": 1
        },
        "FISH_4": {
            "objType": 1,
            "position": [
                -38.29999923706055,
                -41.5,
                0.0
            ],
            "radius": 4.599999904632568,
            "rotate": [
                0.0,
                -0.7071068286895752,
                0.0,
                0.7071068286895752
            ],
            "scale": [
                1.5,
                1.5,
                1.5
            ],
            "subType": 1
        },
        "level": 0
    }
}
