{
    "tutorial_bird": {
        "BIRD_0": {
            "objType": 2,
            "position": [
                142.3000030517578,
                11.0,
                0.0
            ],
            "radius": 8.224482536315918,
            "rotate": [
                0.0,
                0.0,
                0.0,
                1.0
            ],
            "scale": [
                3.0,
                3.0,
                3.0
            ],
            "subType": 4
        },
        "BIRD_1": {
            "objType": 2,
            "position": [
                159.1999969482422,
                11.0,
                0.0
            ],
            "radius": 7.585110664367676,
            "rotate": [
                0.0,
                0.0,
                0.0,
                1.0
            ],
            "scale": [
                3.0,
                3.0,
                3.0
            ],
            "subType": 4
        },
        "BIRD_13": {
            "objType": 2,
            "position": [
                210.8000030517578,
                11.0,
                0.0
            ],
            "radius": 9.932318687438965,
            "rotate": [
                0.0,
                0.0,
                0.0,
                1.0
            ],
            "scale": [
                3.0,
                3.0,
                3.0
            ],
            "subType": 0
        },
        "BIRD_14": {
            "objType": 2,
            "position": [
                231.3000030517578,
                11.0,
                0.0
            ],
            "radius": 6.645659923553467,
            "rotate": [
                0.0,
                0.0,
                0.0,
                1.0
            ],
            "scale": [
                3.0,
                3.0,
                3.0
            ],
            "subType": 0
        },
        "BIRD_15": {
            "objType": 2,
            "position": [
                248.0,
                11.0,
                0.0
            ],
            "radius": 9.041688919067383,
            "rotate": [
                0.0,
                0.0,
                0.0,
                1.0
            ],
            "scale": [
                3.0,
                3.0,
                3.0
            ],
            "subType": 0
        },
        "BIRD_2": {
            "objType": 2,
            "position": [
                55.400001525878906,
                11.0,
                0.0
            ],
            "radius": 8.96281623840332,
            "rotate": [
                0.0,
                0.0,
                0.0,
                1.0
            ],
            "scale": [
                3.0,
                3.0,
                3.0
            ],
            "subType": 0
        },
        "BIRD_3": {
            "objType": 2,
            "position": [
                38.0,
                7.5,
                0.0
            ],
            "radius": 7.148253917694092,
            "rotate": [
                0.0,
                0.0,
                0.0,
                1.0
            ],
            "scale": [
                3.0,
                3.0,
                3.0
            ],
            "subType": 0
        },
        "BIRD_4": {
            "objType": 2,
            "position": [
                174.6999969482422,
                11.0,
                0.0
            ],
            "radius": 7.222923278808594,
            "rotate": [
                0.0,
                0.0,
                0.0,
                1.0
            ],
            "scale": [
                3.0,
                3.0,
                3.0
            ],
            "subType": 4
        },
        "BIRD_5": {
            "objType": 2,
            "position": [
                106.69999694824219,
                11.0,
                0.0
            ],
            "radius": 9.718685150146484,
            "rotate": [
                0.0,
                0.0,
                0.0,
                1.0
            ],
            "scale": [
                3.0,
                3.0,
                3.0
            ],
            "subType": 0
        },
        "BIRD_6": {
            "objType": 2,
            "position": [
                123.0,
                11.0,
                0.0
            ],
            "radius": 6.3770952224731445,
            "rotate": [
                0.0,
                0.0,
                0.0,
                1.0
            ],
            "scale": [
                3.0,
                3.0,
                3.0
            ],
            "subType": 0
        },
        "BIRD_7": {
            "objType": 2,
            "position": [
                91.0999984741211,
                10.5,
                0.0
            ],
            "radius": 9.359794616699219,
            "rotate": [
                0.0,
                0.0,
                0.0,
                1.0
            ],
            "scale": [
                3.0,
                3.0,
                3.0
            ],
            "subType": 0
        },
        "BIRD_8": {
            "objType": 2,
            "position": [
                75.19999694824219,
                11.0,
                0.0
            ],
            "radius": 6.385275840759277,
            "rotate": [
                0.0,
                0.0,
                0.0,
                1.0
            ],
            "scale": [
                3.0,
                3.0,
                3.0
            ],
            "subType": 0
        },
        "BIRD_9": {
            "objType": 2,
            "position": [
                191.6999969482422,
                11.0,
                0.0
            ],
            "radius": 6.3701958656311035,
            "rotate": [
                0.0,
                0.0,
                0.0,
                1.0
            ],
            "scale": [
                3.0,
                3.0,
                3.0
            ],
            "subType": 0
        },
        "FISH_10": {
            "objType": 1,
            "position": [
                -120.5999984741211,
                -39.0,
                0.0
            ],
            "radius": 4.599999904632568,
            "rotate": [
                0.0,
                -0.7071068286895752,
                0.0,
                0.7071068286895752
            ],
            "scale": [
                1.5,
                1.5,
                1.5
            ],
            "subType": 1
        },
        "FISH_11": {
            "objType": 1,
            "position": [
                -95.0,
                -38.20000076293945,
                0.0
            ],
            "radius": 4.599999904632568,
            "rotate": [
                0.0,
                -0.7071068286895752,
                0.0,
                0.7071068286895752
            ],
            "scale": [
                1.5,
                1.5,
                1.5
            ],
            "subType": 1
        },
        "FISH_12": {
            "objType": 1,
            "position": [
                -75.5,
                -21.399999618530273,
                0.0
            ],
            "radius": 4.599999904632568,
            "rotate": [
                0.0,
                -0.7071068286895752,
                0.0,
                0.7071068286895752
            ],
            "scale": [
                1.5,
                1.5,
                1.5
            ],
            "subType": 1
        },
        "level": 0
    }
}
