# Blender 4.5.0
# www.blender.org
mtllib Ground_WaterPlant.mtl
o Cube.013
v -189.268127 -9.391326 -16.783340
v -187.739197 -13.993070 -15.932035
v -187.995087 -14.095778 -17.914936
v -189.976883 -13.913819 -17.661551
v -189.618561 -18.063782 -16.612705
v -189.605530 -17.975498 -16.612602
v -189.015808 -22.392632 -19.061319
v -192.046417 -21.124493 -18.339235
v -191.259308 -20.589743 -15.270528
v -190.097870 -24.464516 -15.921000
v -190.086761 -24.333286 -15.951242
v -192.346756 -26.272610 -15.486863
v -191.149765 -26.272608 -13.884609
v -189.686676 -27.903101 -14.977640
v -191.060547 -30.577707 -15.239991
v -15.666924 1.577928 -16.398973
v -15.326515 -2.767886 -13.842463
v -13.293343 -3.006398 -15.607477
v -15.062386 -3.280520 -17.636019
v -15.831917 -7.431888 -16.257921
v -15.854836 -15.754643 -15.844842
v -15.595451 -22.243660 -15.036476
v -18.698952 -18.903637 -14.922761
v -15.769447 -18.368885 -13.716737
v -17.463631 -20.171776 -17.782822
v -15.613014 -22.112431 -15.063484
v -16.593575 -24.051754 -12.975014
v -14.593575 -24.051752 -12.975014
v -14.593590 -25.682243 -14.801323
v -15.626015 -28.356852 -13.857681
v -15.789696 -7.170470 -16.217318
v -14.192635 -11.772216 -16.932680
v -15.934334 -11.874922 -17.914446
v -16.917442 -11.692964 -16.175112
v -15.862724 -15.842926 -15.834466
v -78.774910 15.011064 -16.398979
v -78.434486 10.665250 -13.842471
v -76.401329 10.426741 -15.607482
v -78.170364 10.152617 -17.636019
v -78.939919 6.001250 -16.257917
v -78.962822 -2.321508 -15.844843
v -78.703430 -8.810523 -15.036485
v -81.806923 -5.470500 -14.922762
v -78.877426 -4.935747 -13.716734
v -80.571609 -6.738640 -17.782824
v -78.721008 -8.679294 -15.063485
v -79.701569 -10.618616 -12.975022
v -77.701569 -10.618616 -12.975015
v -77.701576 -12.249109 -14.801324
v -78.734016 -14.923716 -13.857678
v -78.897667 6.262667 -16.217318
v -77.300621 1.660920 -16.932688
v -79.042313 1.558214 -17.914442
v -80.025414 1.740172 -16.175123
v -78.970703 -2.409788 -15.834463
v -136.577667 11.131965 -16.398987
v -136.237259 6.786154 -13.842473
v -134.204102 6.547640 -15.607490
v -135.973129 6.273520 -17.636024
v -136.742676 2.122148 -16.257929
v -136.765579 -6.200606 -15.844852
v -136.506195 -12.689624 -15.036488
v -139.609680 -9.349600 -14.922769
v -136.680191 -8.814848 -13.716733
v -138.374374 -10.617738 -17.782829
v -136.523773 -12.558393 -15.063489
v -137.504333 -14.497716 -12.975026
v -135.504333 -14.497716 -12.975026
v -135.504333 -16.128208 -14.801326
v -136.536774 -18.802814 -13.857686
v -136.700439 2.383566 -16.217327
v -135.103378 -2.218178 -16.932692
v -136.845078 -2.320884 -17.914450
v -137.828171 -2.138928 -16.175129
v -136.773468 -6.288890 -15.834465
v -105.182877 0.744962 -20.026503
v -107.500877 -2.996784 -18.445383
v -105.183876 -2.626006 -17.081419
v -103.818207 -3.914028 -19.313780
v -105.368851 -8.093348 -19.144560
v -105.768005 -16.164282 -18.122845
v -106.452995 -22.273598 -16.919762
v -107.541481 -20.295322 -20.124504
v -107.760124 -18.382923 -17.100292
v -104.437614 -21.414295 -19.723206
v -106.432938 -22.156677 -16.958790
v -108.724228 -24.167488 -17.009266
v -108.092300 -23.332485 -15.158222
v -106.359550 -25.176943 -15.541752
v -107.581078 -28.085855 -15.912216
v -105.394020 -7.815054 -19.121714
v -104.210701 -11.736724 -17.357843
v -103.829536 -12.700577 -19.261126
v -105.790382 -12.691690 -19.654932
v -105.780350 -16.252247 -18.117229
v -68.575554 4.691946 -17.972036
v -70.893547 0.950200 -16.390921
v -68.576538 1.320980 -15.026949
v -67.210876 0.032956 -17.259317
v -68.761528 -4.146362 -17.090094
v -69.160667 -12.217296 -16.068380
v -69.845665 -18.326612 -14.865296
v -70.934151 -16.348337 -18.070038
v -71.152794 -14.435938 -15.045827
v -67.830292 -17.467310 -17.668743
v -69.825600 -18.209692 -14.904321
v -72.116890 -20.220503 -14.954801
v -71.484970 -19.385500 -13.103761
v -69.752235 -21.229961 -13.487287
v -70.973747 -24.138870 -13.857746
v -68.786690 -3.868068 -17.067247
v -67.603371 -7.789738 -15.303381
v -67.222214 -8.753588 -17.206659
v -69.183052 -8.744706 -17.600466
v -69.173019 -12.305262 -16.062765
v -25.247520 10.365778 -15.380534
v -27.565514 6.624028 -13.799417
v -25.248512 6.994810 -12.435451
v -23.882851 5.706784 -14.667819
v -25.433495 1.527468 -14.498598
v -25.832634 -6.543466 -13.476885
v -26.517632 -12.652781 -12.273797
v -27.606117 -10.674508 -15.478539
v -27.824745 -8.762106 -12.454331
v -24.502266 -11.793480 -15.077249
v -26.497566 -12.535862 -12.312821
v -28.788872 -14.546674 -12.363297
v -28.156929 -13.711670 -10.512261
v -26.424202 -15.556129 -10.895783
v -27.645714 -18.465038 -11.266244
v -25.458656 1.805762 -14.475748
v -24.275337 -2.115907 -12.711885
v -23.894188 -3.079760 -14.615152
v -25.855034 -3.070876 -15.008959
v -25.844978 -6.631433 -13.471262
v -53.421028 -12.468783 -18.517023
v -51.823967 -17.070530 -19.232391
v -53.565681 -17.173239 -20.214142
v -54.548775 -16.991280 -18.474823
v -53.494057 -21.141239 -18.134163
v -53.486168 -21.052959 -18.144547
v -55.094963 -25.470091 -20.082523
v -56.330284 -24.201950 -17.222466
v -53.400780 -23.667198 -16.016434
v -53.226784 -27.541975 -17.336189
v -53.244362 -27.410746 -17.363190
v -54.224922 -29.350067 -15.274727
v -52.224922 -29.350067 -15.274727
v -52.224922 -30.980560 -17.101028
v -53.257362 -33.655167 -16.157379
v -32.360023 2.536852 -18.459360
v -30.762978 -2.064894 -19.174723
v -32.504677 -2.167600 -20.156481
v -33.487770 -1.985644 -18.417154
v -32.433052 -6.135604 -18.076502
v -32.425179 -6.047324 -18.086885
v -34.033958 -10.464455 -20.024866
v -35.269279 -9.196314 -17.164804
v -32.339775 -8.661562 -15.958772
v -32.165794 -12.536340 -17.278521
v -32.183372 -12.405109 -17.305521
v -33.163918 -14.344432 -15.217057
v -31.163918 -14.344432 -15.217057
v -31.163918 -15.974924 -17.043365
v -32.196358 -18.649532 -16.099716
v -89.961235 20.346174 -15.952549
v -88.364182 15.744428 -16.667919
v -90.105873 15.641721 -17.649673
v -91.088982 15.823682 -15.910354
v -90.034264 11.673720 -15.569690
v -90.026382 11.762002 -15.580073
v -91.635170 7.344871 -17.518049
v -92.870491 8.613008 -14.657989
v -89.940987 9.147760 -13.451957
v -89.766991 5.272986 -14.771708
v -89.784569 5.404215 -14.798713
v -90.765129 3.464893 -12.710249
v -88.765137 3.464893 -12.710249
v -88.765137 1.834402 -14.536551
v -89.797577 -0.840206 -13.592905
v -123.506798 -4.003298 -17.389702
v -121.909737 -8.605044 -18.105062
v -123.651436 -8.707750 -19.086824
v -124.634537 -8.525794 -17.347500
v -123.579826 -12.675752 -17.006838
v -123.571938 -12.587474 -17.017225
v -125.180733 -17.004604 -18.955200
v -126.416046 -15.736464 -16.095140
v -123.486542 -15.201712 -14.889108
v -123.312553 -19.076488 -16.208858
v -123.330132 -18.945259 -16.235863
v -124.310684 -20.884583 -14.147400
v -122.310692 -20.884581 -14.147400
v -122.310692 -22.515072 -15.973701
v -123.343132 -25.189680 -15.030056
v -159.233368 -1.523270 -18.747349
v -157.704437 -6.125016 -17.896044
v -157.960327 -6.227722 -19.878944
v -159.942123 -6.045766 -19.625559
v -159.583801 -10.195725 -18.576714
v -159.570755 -10.107444 -18.576611
v -158.981049 -14.524577 -21.025328
v -162.011642 -13.256438 -20.303246
v -161.224548 -12.721685 -17.234539
v -160.063110 -16.596458 -17.885008
v -160.052002 -16.465231 -17.915251
v -162.311981 -18.404552 -17.450872
v -161.114990 -18.404552 -15.848619
v -159.651901 -20.035046 -16.941648
v -161.025787 -22.709652 -17.203999
v -173.500198 10.066744 -18.074316
v -175.818192 6.324994 -16.493198
v -173.501190 6.695776 -15.129235
v -172.135529 5.407750 -17.361599
v -173.686172 1.228434 -17.192375
v -174.085327 -6.842500 -16.170662
v -174.770325 -12.951816 -14.967576
v -175.858795 -10.973542 -18.172321
v -176.077438 -9.061139 -15.148107
v -172.754944 -12.092514 -17.771025
v -174.750244 -12.834896 -15.006604
v -177.041550 -14.845708 -15.057082
v -176.409622 -14.010704 -13.206038
v -174.676880 -15.855164 -13.589569
v -175.898392 -18.764074 -13.960030
v -173.711334 1.506726 -17.169525
v -172.528015 -2.414942 -15.405661
v -172.146866 -3.378794 -17.308941
v -174.107697 -3.369910 -17.702745
v -174.097672 -6.930468 -16.165047
v -85.921242 -14.813432 -17.229855
v -84.392311 -19.415176 -16.378551
v -84.648201 -19.517883 -18.361454
v -86.629997 -19.335926 -18.108067
v -86.271675 -23.485886 -17.059223
v -86.258621 -23.397606 -17.059120
v -85.668915 -27.814737 -19.507832
v -88.699516 -26.546597 -18.785755
v -87.912407 -26.011845 -15.717045
v -86.750984 -29.886621 -16.367516
v -86.739876 -29.755392 -16.397758
v -88.999863 -31.694714 -15.933380
v -87.802879 -31.694714 -14.331123
v -86.339775 -33.325211 -15.424156
v -87.713661 -35.999813 -15.686511
v -389.270782 -9.391326 -16.783340
v -387.741852 -13.993070 -15.932035
v -387.997742 -14.095778 -17.914936
v -389.979553 -13.913819 -17.661551
v -389.621216 -18.063782 -16.612705
v -389.608185 -17.975498 -16.612602
v -389.018463 -22.392632 -19.061319
v -392.049072 -21.124493 -18.339235
v -391.261963 -20.589743 -15.270528
v -390.100525 -24.464516 -15.921000
v -390.089417 -24.333286 -15.951242
v -392.349426 -26.272610 -15.486863
v -391.152405 -26.272608 -13.884609
v -389.689331 -27.903101 -14.977640
v -391.063202 -30.577707 -15.239991
v -215.669586 1.577928 -16.398973
v -215.329163 -2.767886 -13.842463
v -213.295990 -3.006398 -15.607477
v -215.065033 -3.280520 -17.636019
v -215.834564 -7.431888 -16.257921
v -215.857483 -15.754643 -15.844842
v -215.598114 -22.243660 -15.036476
v -218.701599 -18.903637 -14.922761
v -215.772095 -18.368885 -13.716737
v -217.466278 -20.171776 -17.782822
v -215.615662 -22.112431 -15.063484
v -216.596222 -24.051754 -12.975014
v -214.596222 -24.051752 -12.975014
v -214.596252 -25.682243 -14.801323
v -215.628662 -28.356852 -13.857681
v -215.792358 -7.170470 -16.217318
v -214.195282 -11.772216 -16.932680
v -215.936981 -11.874922 -17.914446
v -216.920105 -11.692964 -16.175112
v -215.865387 -15.842926 -15.834466
v -278.777557 15.011064 -16.398979
v -278.437134 10.665250 -13.842471
v -276.403992 10.426741 -15.607482
v -278.173035 10.152617 -17.636019
v -278.942566 6.001250 -16.257917
v -278.965485 -2.321508 -15.844843
v -278.706085 -8.810523 -15.036485
v -281.809570 -5.470500 -14.922762
v -278.880066 -4.935747 -13.716734
v -280.574280 -6.738640 -17.782824
v -278.723663 -8.679294 -15.063485
v -279.704224 -10.618616 -12.975022
v -277.704224 -10.618616 -12.975015
v -277.704224 -12.249109 -14.801324
v -278.736664 -14.923716 -13.857678
v -278.900330 6.262667 -16.217318
v -277.303284 1.660920 -16.932688
v -279.044983 1.558214 -17.914442
v -280.028076 1.740172 -16.175123
v -278.973358 -2.409788 -15.834463
v -336.580322 11.131965 -16.398987
v -336.239929 6.786154 -13.842473
v -334.206757 6.547640 -15.607490
v -335.975769 6.273520 -17.636024
v -336.745331 2.122148 -16.257929
v -336.768250 -6.200606 -15.844852
v -336.508850 -12.689624 -15.036488
v -339.612335 -9.349600 -14.922769
v -336.682861 -8.814848 -13.716733
v -338.377014 -10.617738 -17.782829
v -336.526428 -12.558393 -15.063489
v -337.506989 -14.497716 -12.975026
v -335.506989 -14.497716 -12.975026
v -335.506989 -16.128208 -14.801326
v -336.539429 -18.802814 -13.857686
v -336.703094 2.383566 -16.217327
v -335.106018 -2.218178 -16.932692
v -336.847717 -2.320884 -17.914450
v -337.830811 -2.138928 -16.175129
v -336.776123 -6.288890 -15.834465
v -305.185547 0.744962 -20.026503
v -307.503540 -2.996784 -18.445383
v -305.186523 -2.626006 -17.081419
v -303.820862 -3.914028 -19.313780
v -305.371521 -8.093348 -19.144560
v -305.770660 -16.164282 -18.122845
v -306.455658 -22.273598 -16.919762
v -307.544128 -20.295322 -20.124504
v -307.762787 -18.382923 -17.100292
v -304.440277 -21.414295 -19.723206
v -306.435608 -22.156677 -16.958790
v -308.726868 -24.167488 -17.009266
v -308.094971 -23.332485 -15.158222
v -306.362213 -25.176943 -15.541752
v -307.583740 -28.085855 -15.912216
v -305.396667 -7.815054 -19.121714
v -304.213348 -11.736724 -17.357843
v -303.832184 -12.700577 -19.261126
v -305.793030 -12.691690 -19.654932
v -305.783020 -16.252247 -18.117229
v -268.578217 4.691946 -17.972036
v -270.896210 0.950200 -16.390921
v -268.579193 1.320980 -15.026949
v -267.213531 0.032956 -17.259317
v -268.764191 -4.146362 -17.090094
v -269.163330 -12.217296 -16.068380
v -269.848328 -18.326612 -14.865296
v -270.936798 -16.348337 -18.070038
v -271.155457 -14.435938 -15.045827
v -267.832947 -17.467310 -17.668743
v -269.828247 -18.209692 -14.904321
v -272.119537 -20.220503 -14.954801
v -271.487610 -19.385500 -13.103761
v -269.754883 -21.229961 -13.487287
v -270.976410 -24.138870 -13.857746
v -268.789337 -3.868068 -17.067247
v -267.606018 -7.789738 -15.303381
v -267.224854 -8.753588 -17.206659
v -269.185699 -8.744706 -17.600466
v -269.175659 -12.305262 -16.062765
v -225.250183 10.365778 -15.380534
v -227.568176 6.624028 -13.799417
v -225.251160 6.994810 -12.435451
v -223.885498 5.706784 -14.667819
v -225.436157 1.527468 -14.498598
v -225.835297 -6.543466 -13.476885
v -226.520294 -12.652781 -12.273797
v -227.608765 -10.674508 -15.478539
v -227.827393 -8.762106 -12.454331
v -224.504913 -11.793480 -15.077249
v -226.500214 -12.535862 -12.312821
v -228.791534 -14.546674 -12.363297
v -228.159576 -13.711670 -10.512261
v -226.426849 -15.556129 -10.895783
v -227.648376 -18.465038 -11.266244
v -225.461304 1.805762 -14.475748
v -224.277985 -2.115907 -12.711885
v -223.896851 -3.079760 -14.615152
v -225.857697 -3.070876 -15.008959
v -225.847626 -6.631433 -13.471262
v -253.423676 -12.468783 -18.517023
v -251.826630 -17.070530 -19.232391
v -253.568329 -17.173239 -20.214142
v -254.551422 -16.991280 -18.474823
v -253.496704 -21.141239 -18.134163
v -253.488831 -21.052959 -18.144547
v -255.097626 -25.470091 -20.082523
v -256.332947 -24.201950 -17.222466
v -253.403442 -23.667198 -16.016434
v -253.229431 -27.541975 -17.336189
v -253.247009 -27.410746 -17.363190
v -254.227570 -29.350067 -15.274727
v -252.227570 -29.350067 -15.274727
v -252.227570 -30.980560 -17.101028
v -253.260010 -33.655167 -16.157379
v -232.362671 2.536852 -18.459360
v -230.765625 -2.064894 -19.174723
v -232.507324 -2.167600 -20.156481
v -233.490417 -1.985644 -18.417154
v -232.435699 -6.135604 -18.076502
v -232.427826 -6.047324 -18.086885
v -234.036621 -10.464455 -20.024866
v -235.271942 -9.196314 -17.164804
v -232.342438 -8.661562 -15.958772
v -232.168457 -12.536340 -17.278521
v -232.186035 -12.405109 -17.305521
v -233.166565 -14.344432 -15.217057
v -231.166565 -14.344432 -15.217057
v -231.166565 -15.974924 -17.043365
v -232.199005 -18.649532 -16.099716
v -289.963898 20.346174 -15.952549
v -288.366821 15.744428 -16.667919
v -290.108521 15.641721 -17.649673
v -291.091644 15.823682 -15.910354
v -290.036926 11.673720 -15.569690
v -290.029053 11.762002 -15.580073
v -291.637817 7.344871 -17.518049
v -292.873138 8.613008 -14.657989
v -289.943634 9.147760 -13.451957
v -289.769653 5.272986 -14.771708
v -289.787231 5.404215 -14.798713
v -290.767792 3.464893 -12.710249
v -288.767792 3.464893 -12.710249
v -288.767792 1.834402 -14.536551
v -289.800232 -0.840206 -13.592905
v -323.509460 -4.003298 -17.389702
v -321.912384 -8.605044 -18.105062
v -323.654083 -8.707750 -19.086824
v -324.637207 -8.525794 -17.347500
v -323.582489 -12.675752 -17.006838
v -323.574585 -12.587474 -17.017225
v -325.183380 -17.004604 -18.955200
v -326.418701 -15.736464 -16.095140
v -323.489197 -15.201712 -14.889108
v -323.315216 -19.076488 -16.208858
v -323.332794 -18.945259 -16.235863
v -324.313354 -20.884583 -14.147400
v -322.313354 -20.884581 -14.147400
v -322.313354 -22.515072 -15.973701
v -323.345795 -25.189680 -15.030056
v -359.236023 -1.523270 -18.747349
v -357.707092 -6.125016 -17.896044
v -357.962982 -6.227722 -19.878944
v -359.944763 -6.045766 -19.625559
v -359.586456 -10.195725 -18.576714
v -359.573425 -10.107444 -18.576611
v -358.983704 -14.524577 -21.025328
v -362.014313 -13.256438 -20.303246
v -361.227203 -12.721685 -17.234539
v -360.065765 -16.596458 -17.885008
v -360.054657 -16.465231 -17.915251
v -362.314636 -18.404552 -17.450872
v -361.117645 -18.404552 -15.848619
v -359.654541 -20.035046 -16.941648
v -361.028442 -22.709652 -17.203999
v -373.502869 10.066744 -18.074316
v -375.820862 6.324994 -16.493198
v -373.503845 6.695776 -15.129235
v -372.138184 5.407750 -17.361599
v -373.688843 1.228434 -17.192375
v -374.087982 -6.842500 -16.170662
v -374.772980 -12.951816 -14.967576
v -375.861450 -10.973542 -18.172321
v -376.080078 -9.061139 -15.148107
v -372.757599 -12.092514 -17.771025
v -374.752899 -12.834896 -15.006604
v -377.044189 -14.845708 -15.057082
v -376.412292 -14.010704 -13.206038
v -374.679535 -15.855164 -13.589569
v -375.901062 -18.764074 -13.960030
v -373.713989 1.506726 -17.169525
v -372.530670 -2.414942 -15.405661
v -372.149536 -3.378794 -17.308941
v -374.110352 -3.369910 -17.702745
v -374.100342 -6.930468 -16.165047
v -285.923889 -14.813432 -17.229855
v -284.394958 -19.415176 -16.378551
v -284.650848 -19.517883 -18.361454
v -286.632660 -19.335926 -18.108067
v -286.274323 -23.485886 -17.059223
v -286.261292 -23.397606 -17.059120
v -285.671570 -27.814737 -19.507832
v -288.702179 -26.546597 -18.785755
v -287.915070 -26.011845 -15.717045
v -286.753632 -29.886621 -16.367516
v -286.742523 -29.755392 -16.397758
v -289.002502 -31.694714 -15.933380
v -287.805542 -31.694714 -14.331123
v -286.342438 -33.325211 -15.424156
v -287.716309 -35.999813 -15.686511
v -589.273438 -9.391326 -16.783340
v -587.744507 -13.993070 -15.932035
v -588.000366 -14.095778 -17.914936
v -589.982178 -13.913819 -17.661551
v -589.623901 -18.063782 -16.612705
v -589.610840 -17.975498 -16.612602
v -589.021118 -22.392632 -19.061319
v -592.051758 -21.124493 -18.339235
v -591.264648 -20.589743 -15.270528
v -590.103149 -24.464516 -15.921000
v -590.092041 -24.333286 -15.951242
v -592.352051 -26.272610 -15.486863
v -591.155090 -26.272608 -13.884609
v -589.692017 -27.903101 -14.977640
v -591.065857 -30.577707 -15.239991
v -415.672241 1.577928 -16.398973
v -415.331818 -2.767886 -13.842463
v -413.298645 -3.006398 -15.607477
v -415.067688 -3.280520 -17.636019
v -415.837219 -7.431888 -16.257921
v -415.860138 -15.754643 -15.844842
v -415.600769 -22.243660 -15.036476
v -418.704254 -18.903637 -14.922761
v -415.774750 -18.368885 -13.716737
v -417.468933 -20.171776 -17.782822
v -415.618317 -22.112431 -15.063484
v -416.598877 -24.051754 -12.975014
v -414.598877 -24.051752 -12.975014
v -414.598907 -25.682243 -14.801323
v -415.631317 -28.356852 -13.857681
v -415.795013 -7.170470 -16.217318
v -414.197937 -11.772216 -16.932680
v -415.939636 -11.874922 -17.914446
v -416.922760 -11.692964 -16.175112
v -415.868042 -15.842926 -15.834466
v -478.780212 15.011064 -16.398979
v -478.439789 10.665250 -13.842471
v -476.406647 10.426741 -15.607482
v -478.175659 10.152617 -17.636019
v -478.945221 6.001250 -16.257917
v -478.968140 -2.321508 -15.844843
v -478.708740 -8.810523 -15.036485
v -481.812225 -5.470500 -14.922762
v -478.882751 -4.935747 -13.716734
v -480.576904 -6.738640 -17.782824
v -478.726318 -8.679294 -15.063485
v -479.706879 -10.618616 -12.975022
v -477.706879 -10.618616 -12.975015
v -477.706879 -12.249109 -14.801324
v -478.739319 -14.923716 -13.857678
v -478.902985 6.262667 -16.217318
v -477.305939 1.660920 -16.932688
v -479.047607 1.558214 -17.914442
v -480.030731 1.740172 -16.175123
v -478.976013 -2.409788 -15.834463
v -536.583008 11.131965 -16.398987
v -536.242554 6.786154 -13.842473
v -534.209412 6.547640 -15.607490
v -535.978455 6.273520 -17.636024
v -536.747986 2.122148 -16.257929
v -536.770874 -6.200606 -15.844852
v -536.511475 -12.689624 -15.036488
v -539.614990 -9.349600 -14.922769
v -536.685486 -8.814848 -13.716733
v -538.379700 -10.617738 -17.782829
v -536.529053 -12.558393 -15.063489
v -537.509644 -14.497716 -12.975026
v -535.509644 -14.497716 -12.975026
v -535.509644 -16.128208 -14.801326
v -536.542114 -18.802814 -13.857686
v -536.705750 2.383566 -16.217327
v -535.108704 -2.218178 -16.932692
v -536.850403 -2.320884 -17.914450
v -537.833496 -2.138928 -16.175129
v -536.778809 -6.288890 -15.834465
v -505.188171 0.744962 -20.026503
v -507.506195 -2.996784 -18.445383
v -505.189178 -2.626006 -17.081419
v -503.823517 -3.914028 -19.313780
v -505.374146 -8.093348 -19.144560
v -505.773315 -16.164282 -18.122845
v -506.458313 -22.273598 -16.919762
v -507.546783 -20.295322 -20.124504
v -507.765442 -18.382923 -17.100292
v -504.442932 -21.414295 -19.723206
v -506.438232 -22.156677 -16.958790
v -508.729553 -24.167488 -17.009266
v -508.097595 -23.332485 -15.158222
v -506.364868 -25.176943 -15.541752
v -507.586395 -28.085855 -15.912216
v -505.399323 -7.815054 -19.121714
v -504.216003 -11.736724 -17.357843
v -503.834839 -12.700577 -19.261126
v -505.795685 -12.691690 -19.654932
v -505.785645 -16.252247 -18.117229
v -468.580872 4.691946 -17.972036
v -470.898865 0.950200 -16.390921
v -468.581848 1.320980 -15.026949
v -467.216187 0.032956 -17.259317
v -468.766846 -4.146362 -17.090094
v -469.165985 -12.217296 -16.068380
v -469.850983 -18.326612 -14.865296
v -470.939453 -16.348337 -18.070038
v -471.158112 -14.435938 -15.045827
v -467.835602 -17.467310 -17.668743
v -469.830902 -18.209692 -14.904321
v -472.122192 -20.220503 -14.954801
v -471.490295 -19.385500 -13.103761
v -469.757538 -21.229961 -13.487287
v -470.979065 -24.138870 -13.857746
v -468.791992 -3.868068 -17.067247
v -467.608673 -7.789738 -15.303381
v -467.227539 -8.753588 -17.206659
v -469.188354 -8.744706 -17.600466
v -469.178345 -12.305262 -16.062765
v -425.252838 10.365778 -15.380534
v -427.570831 6.624028 -13.799417
v -425.253815 6.994810 -12.435451
v -423.888153 5.706784 -14.667819
v -425.438812 1.527468 -14.498598
v -425.837952 -6.543466 -13.476885
v -426.522949 -12.652781 -12.273797
v -427.611420 -10.674508 -15.478539
v -427.830048 -8.762106 -12.454331
v -424.507568 -11.793480 -15.077249
v -426.502869 -12.535862 -12.312821
v -428.794189 -14.546674 -12.363297
v -428.162231 -13.711670 -10.512261
v -426.429504 -15.556129 -10.895783
v -427.651031 -18.465038 -11.266244
v -425.463959 1.805762 -14.475748
v -424.280640 -2.115907 -12.711885
v -423.899506 -3.079760 -14.615152
v -425.860352 -3.070876 -15.008959
v -425.850281 -6.631433 -13.471262
v -453.426331 -12.468783 -18.517023
v -451.829285 -17.070530 -19.232391
v -453.570984 -17.173239 -20.214142
v -454.554077 -16.991280 -18.474823
v -453.499359 -21.141239 -18.134163
v -453.491486 -21.052959 -18.144547
v -455.100281 -25.470091 -20.082523
v -456.335602 -24.201950 -17.222466
v -453.406097 -23.667198 -16.016434
v -453.232086 -27.541975 -17.336189
v -453.249664 -27.410746 -17.363190
v -454.230225 -29.350067 -15.274727
v -452.230225 -29.350067 -15.274727
v -452.230225 -30.980560 -17.101028
v -453.262665 -33.655167 -16.157379
v -432.365326 2.536852 -18.459360
v -430.768280 -2.064894 -19.174723
v -432.509979 -2.167600 -20.156481
v -433.493073 -1.985644 -18.417154
v -432.438354 -6.135604 -18.076502
v -432.430481 -6.047324 -18.086885
v -434.039276 -10.464455 -20.024866
v -435.274597 -9.196314 -17.164804
v -432.345093 -8.661562 -15.958772
v -432.171112 -12.536340 -17.278521
v -432.188690 -12.405109 -17.305521
v -433.169220 -14.344432 -15.217057
v -431.169220 -14.344432 -15.217057
v -431.169220 -15.974924 -17.043365
v -432.201660 -18.649532 -16.099716
v -489.966553 20.346174 -15.952549
v -488.369507 15.744428 -16.667919
v -490.111176 15.641721 -17.649673
v -491.094299 15.823682 -15.910354
v -490.039581 11.673720 -15.569690
v -490.031677 11.762002 -15.580073
v -491.640472 7.344871 -17.518049
v -492.875793 8.613008 -14.657989
v -489.946289 9.147760 -13.451957
v -489.772308 5.272986 -14.771708
v -489.789886 5.404215 -14.798713
v -490.770447 3.464893 -12.710249
v -488.770447 3.464893 -12.710249
v -488.770447 1.834402 -14.536551
v -489.802887 -0.840206 -13.592905
v -523.512085 -4.003298 -17.389702
v -521.915039 -8.605044 -18.105062
v -523.656738 -8.707750 -19.086824
v -524.639832 -8.525794 -17.347500
v -523.585144 -12.675752 -17.006838
v -523.577271 -12.587474 -17.017225
v -525.186035 -17.004604 -18.955200
v -526.421387 -15.736464 -16.095140
v -523.491821 -15.201712 -14.889108
v -523.317871 -19.076488 -16.208858
v -523.335449 -18.945259 -16.235863
v -524.315979 -20.884583 -14.147400
v -522.316040 -20.884581 -14.147400
v -522.316040 -22.515072 -15.973701
v -523.348450 -25.189680 -15.030056
v -559.238647 -1.523270 -18.747349
v -557.709717 -6.125016 -17.896044
v -557.965637 -6.227722 -19.878944
v -559.947449 -6.045766 -19.625559
v -559.589111 -10.195725 -18.576714
v -559.576050 -10.107444 -18.576611
v -558.986328 -14.524577 -21.025328
v -562.016968 -13.256438 -20.303246
v -561.229858 -12.721685 -17.234539
v -560.068420 -16.596458 -17.885008
v -560.057312 -16.465231 -17.915251
v -562.317261 -18.404552 -17.450872
v -561.120300 -18.404552 -15.848619
v -559.657227 -20.035046 -16.941648
v -561.031128 -22.709652 -17.203999
v -573.505493 10.066744 -18.074316
v -575.823486 6.324994 -16.493198
v -573.506470 6.695776 -15.129235
v -572.140869 5.407750 -17.361599
v -573.691467 1.228434 -17.192375
v -574.090637 -6.842500 -16.170662
v -574.775635 -12.951816 -14.967576
v -575.864136 -10.973542 -18.172321
v -576.082764 -9.061139 -15.148107
v -572.760254 -12.092514 -17.771025
v -574.755554 -12.834896 -15.006604
v -577.046875 -14.845708 -15.057082
v -576.414917 -14.010704 -13.206038
v -574.682190 -15.855164 -13.589569
v -575.903687 -18.764074 -13.960030
v -573.716675 1.506726 -17.169525
v -572.533325 -2.414942 -15.405661
v -572.152161 -3.378794 -17.308941
v -574.113037 -3.369910 -17.702745
v -574.102966 -6.930468 -16.165047
v -485.926544 -14.813432 -17.229855
v -484.397614 -19.415176 -16.378551
v -484.653503 -19.517883 -18.361454
v -486.635315 -19.335926 -18.108067
v -486.276978 -23.485886 -17.059223
v -486.263916 -23.397606 -17.059120
v -485.674225 -27.814737 -19.507832
v -488.704834 -26.546597 -18.785755
v -487.917725 -26.011845 -15.717045
v -486.756287 -29.886621 -16.367516
v -486.745178 -29.755392 -16.397758
v -489.005188 -31.694714 -15.933380
v -487.808197 -31.694714 -14.331123
v -486.345093 -33.325211 -15.424156
v -487.718964 -35.999813 -15.686511
v -789.276062 -9.391326 -16.783340
v -787.747131 -13.993070 -15.932035
v -788.003052 -14.095778 -17.914936
v -789.984802 -13.913819 -17.661551
v -789.626465 -18.063782 -16.612705
v -789.613464 -17.975498 -16.612602
v -789.023743 -22.392632 -19.061319
v -792.054321 -21.124493 -18.339235
v -791.267212 -20.589743 -15.270528
v -790.105835 -24.464516 -15.921000
v -790.094727 -24.333286 -15.951242
v -792.354675 -26.272610 -15.486863
v -791.157715 -26.272608 -13.884609
v -789.694580 -27.903101 -14.977640
v -791.068481 -30.577707 -15.239991
v -615.674866 1.577928 -16.398973
v -615.334473 -2.767886 -13.842463
v -613.301270 -3.006398 -15.607477
v -615.070312 -3.280520 -17.636019
v -615.839844 -7.431888 -16.257921
v -615.862793 -15.754643 -15.844842
v -615.603394 -22.243660 -15.036476
v -618.706909 -18.903637 -14.922761
v -615.777405 -18.368885 -13.716737
v -617.471558 -20.171776 -17.782822
v -615.620972 -22.112431 -15.063484
v -616.601501 -24.051754 -12.975014
v -614.601501 -24.051752 -12.975014
v -614.601501 -25.682243 -14.801323
v -615.633972 -28.356852 -13.857681
v -615.797607 -7.170470 -16.217318
v -614.200562 -11.772216 -16.932680
v -615.942261 -11.874922 -17.914446
v -616.925354 -11.692964 -16.175112
v -615.870667 -15.842926 -15.834466
v -678.782837 15.011064 -16.398979
v -678.442444 10.665250 -13.842471
v -676.409241 10.426741 -15.607482
v -678.178284 10.152617 -17.636019
v -678.947876 6.001250 -16.257917
v -678.970764 -2.321508 -15.844843
v -678.711365 -8.810523 -15.036485
v -681.814880 -5.470500 -14.922762
v -678.885376 -4.935747 -13.716734
v -680.579529 -6.738640 -17.782824
v -678.728943 -8.679294 -15.063485
v -679.709473 -10.618616 -12.975022
v -677.709473 -10.618616 -12.975015
v -677.709534 -12.249109 -14.801324
v -678.741943 -14.923716 -13.857678
v -678.905579 6.262667 -16.217318
v -677.308533 1.660920 -16.932688
v -679.050232 1.558214 -17.914442
v -680.033325 1.740172 -16.175123
v -678.978638 -2.409788 -15.834463
v -736.585632 11.131965 -16.398987
v -736.245178 6.786154 -13.842473
v -734.212036 6.547640 -15.607490
v -735.981079 6.273520 -17.636024
v -736.750610 2.122148 -16.257929
v -736.773499 -6.200606 -15.844852
v -736.514099 -12.689624 -15.036488
v -739.617615 -9.349600 -14.922769
v -736.688110 -8.814848 -13.716733
v -738.382324 -10.617738 -17.782829
v -736.531738 -12.558393 -15.063489
v -737.512268 -14.497716 -12.975026
v -735.512268 -14.497716 -12.975026
v -735.512268 -16.128208 -14.801326
v -736.544678 -18.802814 -13.857686
v -736.708374 2.383566 -16.217327
v -735.111328 -2.218178 -16.932692
v -736.853027 -2.320884 -17.914450
v -737.836121 -2.138928 -16.175129
v -736.781372 -6.288890 -15.834465
v -705.190796 0.744962 -20.026503
v -707.508789 -2.996784 -18.445383
v -705.191833 -2.626006 -17.081419
v -703.826172 -3.914028 -19.313780
v -705.376770 -8.093348 -19.144560
v -705.775940 -16.164282 -18.122845
v -706.460938 -22.273598 -16.919762
v -707.549438 -20.295322 -20.124504
v -707.768066 -18.382923 -17.100292
v -704.445557 -21.414295 -19.723206
v -706.440857 -22.156677 -16.958790
v -708.732178 -24.167488 -17.009266
v -708.100220 -23.332485 -15.158222
v -706.367493 -25.176943 -15.541752
v -707.588989 -28.085855 -15.912216
v -705.401978 -7.815054 -19.121714
v -704.218628 -11.736724 -17.357843
v -703.837463 -12.700577 -19.261126
v -705.798340 -12.691690 -19.654932
v -705.788269 -16.252247 -18.117229
v -668.583496 4.691946 -17.972036
v -670.901489 0.950200 -16.390921
v -668.584473 1.320980 -15.026949
v -667.218811 0.032956 -17.259317
v -668.769470 -4.146362 -17.090094
v -669.168579 -12.217296 -16.068380
v -669.853577 -18.326612 -14.865296
v -670.942078 -16.348337 -18.070038
v -671.160706 -14.435938 -15.045827
v -667.838257 -17.467310 -17.668743
v -669.833557 -18.209692 -14.904321
v -672.124817 -20.220503 -14.954801
v -671.492920 -19.385500 -13.103761
v -669.760193 -21.229961 -13.487287
v -670.981689 -24.138870 -13.857746
v -668.794617 -3.868068 -17.067247
v -667.611328 -7.789738 -15.303381
v -667.230164 -8.753588 -17.206659
v -669.190979 -8.744706 -17.600466
v -669.180969 -12.305262 -16.062765
v -625.255432 10.365778 -15.380534
v -627.573425 6.624028 -13.799417
v -625.256470 6.994810 -12.435451
v -623.890808 5.706784 -14.667819
v -625.441406 1.527468 -14.498598
v -625.840576 -6.543466 -13.476885
v -626.525574 -12.652781 -12.273797
v -627.614075 -10.674508 -15.478539
v -627.832703 -8.762106 -12.454331
v -624.510193 -11.793480 -15.077249
v -626.505493 -12.535862 -12.312821
v -628.796814 -14.546674 -12.363297
v -628.164856 -13.711670 -10.512261
v -626.432129 -15.556129 -10.895783
v -627.653625 -18.465038 -11.266244
v -625.466614 1.805762 -14.475748
v -624.283264 -2.115907 -12.711885
v -623.902100 -3.079760 -14.615152
v -625.862976 -3.070876 -15.008959
v -625.852905 -6.631433 -13.471262
v -653.428955 -12.468783 -18.517023
v -651.831909 -17.070530 -19.232391
v -653.573608 -17.173239 -20.214142
v -654.556702 -16.991280 -18.474823
v -653.502014 -21.141239 -18.134163
v -653.494080 -21.052959 -18.144547
v -655.102905 -25.470091 -20.082523
v -656.338196 -24.201950 -17.222466
v -653.408691 -23.667198 -16.016434
v -653.234741 -27.541975 -17.336189
v -653.252319 -27.410746 -17.363190
v -654.232849 -29.350067 -15.274727
v -652.232849 -29.350067 -15.274727
v -652.232849 -30.980560 -17.101028
v -653.265320 -33.655167 -16.157379
v -632.367981 2.536852 -18.459360
v -630.770935 -2.064894 -19.174723
v -632.512634 -2.167600 -20.156481
v -633.495728 -1.985644 -18.417154
v -632.440979 -6.135604 -18.076502
v -632.433105 -6.047324 -18.086885
v -634.041870 -10.464455 -20.024866
v -635.277222 -9.196314 -17.164804
v -632.347717 -8.661562 -15.958772
v -632.173706 -12.536340 -17.278521
v -632.191284 -12.405109 -17.305521
v -633.171875 -14.344432 -15.217057
v -631.171875 -14.344432 -15.217057
v -631.171875 -15.974924 -17.043365
v -632.204285 -18.649532 -16.099716
v -689.969177 20.346174 -15.952549
v -688.372131 15.744428 -16.667919
v -690.113831 15.641721 -17.649673
v -691.096924 15.823682 -15.910354
v -690.042175 11.673720 -15.569690
v -690.034302 11.762002 -15.580073
v -691.643127 7.344871 -17.518049
v -692.878418 8.613008 -14.657989
v -689.948914 9.147760 -13.451957
v -689.774902 5.272986 -14.771708
v -689.792480 5.404215 -14.798713
v -690.773071 3.464893 -12.710249
v -688.773071 3.464893 -12.710249
v -688.773071 1.834402 -14.536551
v -689.805542 -0.840206 -13.592905
v -723.514709 -4.003298 -17.389702
v -721.917664 -8.605044 -18.105062
v -723.659363 -8.707750 -19.086824
v -724.642456 -8.525794 -17.347500
v -723.587769 -12.675752 -17.006838
v -723.579895 -12.587474 -17.017225
v -725.188660 -17.004604 -18.955200
v -726.423950 -15.736464 -16.095140
v -723.494507 -15.201712 -14.889108
v -723.320496 -19.076488 -16.208858
v -723.338074 -18.945259 -16.235863
v -724.318604 -20.884583 -14.147400
v -722.318604 -20.884581 -14.147400
v -722.318604 -22.515072 -15.973701
v -723.351074 -25.189680 -15.030056
v -759.241333 -1.523270 -18.747349
v -757.712402 -6.125016 -17.896044
v -757.968262 -6.227722 -19.878944
v -759.950073 -6.045766 -19.625559
v -759.591736 -10.195725 -18.576714
v -759.578674 -10.107444 -18.576611
v -758.988953 -14.524577 -21.025328
v -762.019592 -13.256438 -20.303246
v -761.232483 -12.721685 -17.234539
v -760.071045 -16.596458 -17.885008
v -760.059937 -16.465231 -17.915251
v -762.319946 -18.404552 -17.450872
v -761.122925 -18.404552 -15.848619
v -759.659851 -20.035046 -16.941648
v -761.033691 -22.709652 -17.203999
v -773.508118 10.066744 -18.074316
v -775.826111 6.324994 -16.493198
v -773.509155 6.695776 -15.129235
v -772.143433 5.407750 -17.361599
v -773.694092 1.228434 -17.192375
v -774.093262 -6.842500 -16.170662
v -774.778259 -12.951816 -14.967576
v -775.866699 -10.973542 -18.172321
v -776.085388 -9.061139 -15.148107
v -772.762878 -12.092514 -17.771025
v -774.758179 -12.834896 -15.006604
v -777.049500 -14.845708 -15.057082
v -776.417542 -14.010704 -13.206038
v -774.684814 -15.855164 -13.589569
v -775.906311 -18.764074 -13.960030
v -773.719299 1.506726 -17.169525
v -772.535950 -2.414942 -15.405661
v -772.154785 -3.378794 -17.308941
v -774.115662 -3.369910 -17.702745
v -774.105591 -6.930468 -16.165047
v -685.929199 -14.813432 -17.229855
v -684.400269 -19.415176 -16.378551
v -684.656128 -19.517883 -18.361454
v -686.637939 -19.335926 -18.108067
v -686.279602 -23.485886 -17.059223
v -686.266541 -23.397606 -17.059120
v -685.676880 -27.814737 -19.507832
v -688.707458 -26.546597 -18.785755
v -687.920349 -26.011845 -15.717045
v -686.758911 -29.886621 -16.367516
v -686.747803 -29.755392 -16.397758
v -689.007812 -31.694714 -15.933380
v -687.810791 -31.694714 -14.331123
v -686.347717 -33.325211 -15.424156
v -687.721619 -35.999813 -15.686511
v -989.278748 -9.391326 -16.783340
v -987.749817 -13.993070 -15.932035
v -988.005737 -14.095778 -17.914936
v -989.987488 -13.913819 -17.661551
v -989.629150 -18.063782 -16.612705
v -989.616150 -17.975498 -16.612602
v -989.026428 -22.392632 -19.061319
v -992.057007 -21.124493 -18.339235
v -991.269897 -20.589743 -15.270528
v -990.108521 -24.464516 -15.921000
v -990.097412 -24.333286 -15.951242
v -992.357361 -26.272610 -15.486863
v -991.160400 -26.272608 -13.884609
v -989.697266 -27.903101 -14.977640
v -991.071167 -30.577707 -15.239991
v -815.677551 1.577928 -16.398973
v -815.337158 -2.767886 -13.842463
v -813.303955 -3.006398 -15.607477
v -815.072998 -3.280520 -17.636019
v -815.842529 -7.431888 -16.257921
v -815.865479 -15.754643 -15.844842
v -815.606079 -22.243660 -15.036476
v -818.709595 -18.903637 -14.922761
v -815.780090 -18.368885 -13.716737
v -817.474243 -20.171776 -17.782822
v -815.623657 -22.112431 -15.063484
v -816.604187 -24.051754 -12.975014
v -814.604187 -24.051752 -12.975014
v -814.604187 -25.682243 -14.801323
v -815.636658 -28.356852 -13.857681
v -815.800293 -7.170470 -16.217318
v -814.203247 -11.772216 -16.932680
v -815.944946 -11.874922 -17.914446
v -816.928040 -11.692964 -16.175112
v -815.873352 -15.842926 -15.834466
v -878.785522 15.011064 -16.398979
v -878.445129 10.665250 -13.842471
v -876.411926 10.426741 -15.607482
v -878.180969 10.152617 -17.636019
v -878.950562 6.001250 -16.257917
v -878.973450 -2.321508 -15.844843
v -878.714050 -8.810523 -15.036485
v -881.817566 -5.470500 -14.922762
v -878.888062 -4.935747 -13.716734
v -880.582214 -6.738640 -17.782824
v -878.731628 -8.679294 -15.063485
v -879.712158 -10.618616 -12.975022
v -877.712158 -10.618616 -12.975015
v -877.712219 -12.249109 -14.801324
v -878.744629 -14.923716 -13.857678
v -878.908264 6.262667 -16.217318
v -877.311218 1.660920 -16.932688
v -879.052917 1.558214 -17.914442
v -880.036011 1.740172 -16.175123
v -878.981323 -2.409788 -15.834463
v -936.588318 11.131965 -16.398987
v -936.247864 6.786154 -13.842473
v -934.214722 6.547640 -15.607490
v -935.983765 6.273520 -17.636024
v -936.753296 2.122148 -16.257929
v -936.776184 -6.200606 -15.844852
v -936.516785 -12.689624 -15.036488
v -939.620300 -9.349600 -14.922769
v -936.690796 -8.814848 -13.716733
v -938.385010 -10.617738 -17.782829
v -936.534424 -12.558393 -15.063489
v -937.514954 -14.497716 -12.975026
v -935.514954 -14.497716 -12.975026
v -935.514954 -16.128208 -14.801326
v -936.547363 -18.802814 -13.857686
v -936.711060 2.383566 -16.217327
v -935.114014 -2.218178 -16.932692
v -936.855713 -2.320884 -17.914450
v -937.838806 -2.138928 -16.175129
v -936.784058 -6.288890 -15.834465
v -905.193481 0.744962 -20.026503
v -907.511475 -2.996784 -18.445383
v -905.194519 -2.626006 -17.081419
v -903.828857 -3.914028 -19.313780
v -905.379456 -8.093348 -19.144560
v -905.778625 -16.164282 -18.122845
v -906.463623 -22.273598 -16.919762
v -907.552124 -20.295322 -20.124504
v -907.770752 -18.382923 -17.100292
v -904.448242 -21.414295 -19.723206
v -906.443542 -22.156677 -16.958790
v -908.734863 -24.167488 -17.009266
v -908.102905 -23.332485 -15.158222
v -906.370178 -25.176943 -15.541752
v -907.591675 -28.085855 -15.912216
v -905.404663 -7.815054 -19.121714
v -904.221313 -11.736724 -17.357843
v -903.840149 -12.700577 -19.261126
v -905.801025 -12.691690 -19.654932
v -905.790955 -16.252247 -18.117229
v -868.586182 4.691946 -17.972036
v -870.904175 0.950200 -16.390921
v -868.587158 1.320980 -15.026949
v -867.221497 0.032956 -17.259317
v -868.772156 -4.146362 -17.090094
v -869.171265 -12.217296 -16.068380
v -869.856262 -18.326612 -14.865296
v -870.944763 -16.348337 -18.070038
v -871.163391 -14.435938 -15.045827
v -867.840942 -17.467310 -17.668743
v -869.836243 -18.209692 -14.904321
v -872.127502 -20.220503 -14.954801
v -871.495605 -19.385500 -13.103761
v -869.762878 -21.229961 -13.487287
v -870.984375 -24.138870 -13.857746
v -868.797302 -3.868068 -17.067247
v -867.614014 -7.789738 -15.303381
v -867.232849 -8.753588 -17.206659
v -869.193665 -8.744706 -17.600466
v -869.183655 -12.305262 -16.062765
v -825.258118 10.365778 -15.380534
v -827.576111 6.624028 -13.799417
v -825.259155 6.994810 -12.435451
v -823.893494 5.706784 -14.667819
v -825.444092 1.527468 -14.498598
v -825.843262 -6.543466 -13.476885
v -826.528259 -12.652781 -12.273797
v -827.616760 -10.674508 -15.478539
v -827.835388 -8.762106 -12.454331
v -824.512878 -11.793480 -15.077249
v -826.508179 -12.535862 -12.312821
v -828.799500 -14.546674 -12.363297
v -828.167542 -13.711670 -10.512261
v -826.434814 -15.556129 -10.895783
v -827.656311 -18.465038 -11.266244
v -825.469299 1.805762 -14.475748
v -824.285950 -2.115907 -12.711885
v -823.904785 -3.079760 -14.615152
v -825.865662 -3.070876 -15.008959
v -825.855591 -6.631433 -13.471262
v -853.431641 -12.468783 -18.517023
v -851.834595 -17.070530 -19.232391
v -853.576294 -17.173239 -20.214142
v -854.559387 -16.991280 -18.474823
v -853.504700 -21.141239 -18.134163
v -853.496765 -21.052959 -18.144547
v -855.105591 -25.470091 -20.082523
v -856.340881 -24.201950 -17.222466
v -853.411377 -23.667198 -16.016434
v -853.237427 -27.541975 -17.336189
v -853.255005 -27.410746 -17.363190
v -854.235535 -29.350067 -15.274727
v -852.235535 -29.350067 -15.274727
v -852.235535 -30.980560 -17.101028
v -853.268005 -33.655167 -16.157379
v -832.370667 2.536852 -18.459360
v -830.773621 -2.064894 -19.174723
v -832.515320 -2.167600 -20.156481
v -833.498413 -1.985644 -18.417154
v -832.443665 -6.135604 -18.076502
v -832.435791 -6.047324 -18.086885
v -834.044556 -10.464455 -20.024866
v -835.279907 -9.196314 -17.164804
v -832.350403 -8.661562 -15.958772
v -832.176392 -12.536340 -17.278521
v -832.193970 -12.405109 -17.305521
v -833.174561 -14.344432 -15.217057
v -831.174561 -14.344432 -15.217057
v -831.174561 -15.974924 -17.043365
v -832.206970 -18.649532 -16.099716
v -889.971863 20.346174 -15.952549
v -888.374817 15.744428 -16.667919
v -890.116516 15.641721 -17.649673
v -891.099609 15.823682 -15.910354
v -890.044861 11.673720 -15.569690
v -890.036987 11.762002 -15.580073
v -891.645813 7.344871 -17.518049
v -892.881104 8.613008 -14.657989
v -889.951599 9.147760 -13.451957
v -889.777588 5.272986 -14.771708
v -889.795166 5.404215 -14.798713
v -890.775757 3.464893 -12.710249
v -888.775757 3.464893 -12.710249
v -888.775757 1.834402 -14.536551
v -889.808228 -0.840206 -13.592905
v -923.517395 -4.003298 -17.389702
v -921.920349 -8.605044 -18.105062
v -923.662048 -8.707750 -19.086824
v -924.645142 -8.525794 -17.347500
v -923.590454 -12.675752 -17.006838
v -923.582581 -12.587474 -17.017225
v -925.191345 -17.004604 -18.955200
v -926.426636 -15.736464 -16.095140
v -923.497192 -15.201712 -14.889108
v -923.323181 -19.076488 -16.208858
v -923.340759 -18.945259 -16.235863
v -924.321289 -20.884583 -14.147400
v -922.321289 -20.884581 -14.147400
v -922.321289 -22.515072 -15.973701
v -923.353760 -25.189680 -15.030056
v -959.244019 -1.523270 -18.747349
v -957.715088 -6.125016 -17.896044
v -957.970947 -6.227722 -19.878944
v -959.952759 -6.045766 -19.625559
v -959.594421 -10.195725 -18.576714
v -959.581360 -10.107444 -18.576611
v -958.991638 -14.524577 -21.025328
v -962.022278 -13.256438 -20.303246
v -961.235168 -12.721685 -17.234539
v -960.073730 -16.596458 -17.885008
v -960.062622 -16.465231 -17.915251
v -962.322632 -18.404552 -17.450872
v -961.125610 -18.404552 -15.848619
v -959.662537 -20.035046 -16.941648
v -961.036377 -22.709652 -17.203999
v -973.510803 10.066744 -18.074316
v -975.828796 6.324994 -16.493198
v -973.511841 6.695776 -15.129235
v -972.146118 5.407750 -17.361599
v -973.696777 1.228434 -17.192375
v -974.095947 -6.842500 -16.170662
v -974.780945 -12.951816 -14.967576
v -975.869385 -10.973542 -18.172321
v -976.088074 -9.061139 -15.148107
v -972.765564 -12.092514 -17.771025
v -974.760864 -12.834896 -15.006604
v -977.052185 -14.845708 -15.057082
v -976.420227 -14.010704 -13.206038
v -974.687500 -15.855164 -13.589569
v -975.908997 -18.764074 -13.960030
v -973.721985 1.506726 -17.169525
v -972.538635 -2.414942 -15.405661
v -972.157471 -3.378794 -17.308941
v -974.118347 -3.369910 -17.702745
v -974.108276 -6.930468 -16.165047
v -885.931885 -14.813432 -17.229855
v -884.402954 -19.415176 -16.378551
v -884.658813 -19.517883 -18.361454
v -886.640625 -19.335926 -18.108067
v -886.282288 -23.485886 -17.059223
v -886.269226 -23.397606 -17.059120
v -885.679565 -27.814737 -19.507832
v -888.710144 -26.546597 -18.785755
v -887.923035 -26.011845 -15.717045
v -886.761597 -29.886621 -16.367516
v -886.750488 -29.755392 -16.397758
v -889.010498 -31.694714 -15.933380
v -887.813477 -31.694714 -14.331123
v -886.350403 -33.325211 -15.424156
v -887.724304 -35.999813 -15.686511
v -1189.281494 -9.391326 -16.783340
v -1187.752563 -13.993070 -15.932035
v -1188.008423 -14.095778 -17.914936
v -1189.990234 -13.913819 -17.661551
v -1189.631836 -18.063782 -16.612705
v -1189.618774 -17.975498 -16.612602
v -1189.029053 -22.392632 -19.061319
v -1192.059692 -21.124493 -18.339235
v -1191.272583 -20.589743 -15.270528
v -1190.111206 -24.464516 -15.921000
v -1190.100098 -24.333286 -15.951242
v -1192.360107 -26.272610 -15.486863
v -1191.163086 -26.272608 -13.884609
v -1189.699951 -27.903101 -14.977640
v -1191.073853 -30.577707 -15.239991
v -1015.680237 1.577928 -16.398973
v -1015.339844 -2.767886 -13.842463
v -1013.306641 -3.006398 -15.607477
v -1015.075684 -3.280520 -17.636019
v -1015.845215 -7.431888 -16.257921
v -1015.868164 -15.754643 -15.844842
v -1015.608765 -22.243660 -15.036476
v -1018.712280 -18.903637 -14.922761
v -1015.782776 -18.368885 -13.716737
v -1017.476929 -20.171776 -17.782822
v -1015.626343 -22.112431 -15.063484
v -1016.606873 -24.051754 -12.975014
v -1014.606873 -24.051752 -12.975014
v -1014.606873 -25.682243 -14.801323
v -1015.639343 -28.356852 -13.857681
v -1015.802979 -7.170470 -16.217318
v -1014.205933 -11.772216 -16.932680
v -1015.947632 -11.874922 -17.914446
v -1016.930725 -11.692964 -16.175112
v -1015.876038 -15.842926 -15.834466
v -1078.788208 15.011064 -16.398979
v -1078.447754 10.665250 -13.842471
v -1076.414551 10.426741 -15.607482
v -1078.183594 10.152617 -17.636019
v -1078.953247 6.001250 -16.257917
v -1078.976074 -2.321508 -15.844843
v -1078.716797 -8.810523 -15.036485
v -1081.820312 -5.470500 -14.922762
v -1078.890747 -4.935747 -13.716734
v -1080.584961 -6.738640 -17.782824
v -1078.734375 -8.679294 -15.063485
v -1079.714844 -10.618616 -12.975022
v -1077.714844 -10.618616 -12.975015
v -1077.714844 -12.249109 -14.801324
v -1078.747314 -14.923716 -13.857678
v -1078.910889 6.262667 -16.217318
v -1077.313965 1.660920 -16.932688
v -1079.055664 1.558214 -17.914442
v -1080.038696 1.740172 -16.175123
v -1078.984009 -2.409788 -15.834463
v -1136.590942 11.131965 -16.398987
v -1136.250610 6.786154 -13.842473
v -1134.217407 6.547640 -15.607490
v -1135.986450 6.273520 -17.636024
v -1136.755981 2.122148 -16.257929
v -1136.778931 -6.200606 -15.844852
v -1136.519531 -12.689624 -15.036488
v -1139.623047 -9.349600 -14.922769
v -1136.693481 -8.814848 -13.716733
v -1138.387695 -10.617738 -17.782829
v -1136.537109 -12.558393 -15.063489
v -1137.517578 -14.497716 -12.975026
v -1135.517578 -14.497716 -12.975026
v -1135.517578 -16.128208 -14.801326
v -1136.550049 -18.802814 -13.857686
v -1136.713745 2.383566 -16.217327
v -1135.116699 -2.218178 -16.932692
v -1136.858398 -2.320884 -17.914450
v -1137.841431 -2.138928 -16.175129
v -1136.786743 -6.288890 -15.834465
v -1105.196167 0.744962 -20.026503
v -1107.514160 -2.996784 -18.445383
v -1105.197266 -2.626006 -17.081419
v -1103.831543 -3.914028 -19.313780
v -1105.382080 -8.093348 -19.144560
v -1105.781250 -16.164282 -18.122845
v -1106.466309 -22.273598 -16.919762
v -1107.554810 -20.295322 -20.124504
v -1107.773438 -18.382923 -17.100292
v -1104.450928 -21.414295 -19.723206
v -1106.446289 -22.156677 -16.958790
v -1108.737549 -24.167488 -17.009266
v -1108.105591 -23.332485 -15.158222
v -1106.372803 -25.176943 -15.541752
v -1107.594360 -28.085855 -15.912216
v -1105.407349 -7.815054 -19.121714
v -1104.223999 -11.736724 -17.357843
v -1103.842773 -12.700577 -19.261126
v -1105.803711 -12.691690 -19.654932
v -1105.793701 -16.252247 -18.117229
v -1068.588867 4.691946 -17.972036
v -1070.906860 0.950200 -16.390921
v -1068.589844 1.320980 -15.026949
v -1067.224121 0.032956 -17.259317
v -1068.774902 -4.146362 -17.090094
v -1069.173950 -12.217296 -16.068380
v -1069.858887 -18.326612 -14.865296
v -1070.947510 -16.348337 -18.070038
v -1071.166016 -14.435938 -15.045827
v -1067.843628 -17.467310 -17.668743
v -1069.838867 -18.209692 -14.904321
v -1072.130127 -20.220503 -14.954801
v -1071.498291 -19.385500 -13.103761
v -1069.765625 -21.229961 -13.487287
v -1070.987061 -24.138870 -13.857746
v -1068.800049 -3.868068 -17.067247
v -1067.616699 -7.789738 -15.303381
v -1067.235596 -8.753588 -17.206659
v -1069.196289 -8.744706 -17.600466
v -1069.186279 -12.305262 -16.062765
v -1025.260742 10.365778 -15.380534
v -1027.578857 6.624028 -13.799417
v -1025.261841 6.994810 -12.435451
v -1023.896179 5.706784 -14.667819
v -1025.446777 1.527468 -14.498598
v -1025.845947 -6.543466 -13.476885
v -1026.531006 -12.652781 -12.273797
v -1027.619385 -10.674508 -15.478539
v -1027.838135 -8.762106 -12.454331
v -1024.515625 -11.793480 -15.077249
v -1026.510864 -12.535862 -12.312821
v -1028.802246 -14.546674 -12.363297
v -1028.170166 -13.711670 -10.512261
v -1026.437500 -15.556129 -10.895783
v -1027.658936 -18.465038 -11.266244
v -1025.471924 1.805762 -14.475748
v -1024.288574 -2.115907 -12.711885
v -1023.907471 -3.079760 -14.615152
v -1025.868408 -3.070876 -15.008959
v -1025.858276 -6.631433 -13.471262
v -1053.434326 -12.468783 -18.517023
v -1051.837280 -17.070530 -19.232391
v -1053.578979 -17.173239 -20.214142
v -1054.562012 -16.991280 -18.474823
v -1053.507324 -21.141239 -18.134163
v -1053.499512 -21.052959 -18.144547
v -1055.108276 -25.470091 -20.082523
v -1056.343506 -24.201950 -17.222466
v -1053.414062 -23.667198 -16.016434
v -1053.240112 -27.541975 -17.336189
v -1053.257690 -27.410746 -17.363190
v -1054.238281 -29.350067 -15.274727
v -1052.238281 -29.350067 -15.274727
v -1052.238281 -30.980560 -17.101028
v -1053.270752 -33.655167 -16.157379
v -1032.373291 2.536852 -18.459360
v -1030.776367 -2.064894 -19.174723
v -1032.518066 -2.167600 -20.156481
v -1033.501099 -1.985644 -18.417154
v -1032.446289 -6.135604 -18.076502
v -1032.438477 -6.047324 -18.086885
v -1034.047241 -10.464455 -20.024866
v -1035.282593 -9.196314 -17.164804
v -1032.353027 -8.661562 -15.958772
v -1032.179077 -12.536340 -17.278521
v -1032.196655 -12.405109 -17.305521
v -1033.177246 -14.344432 -15.217057
v -1031.177246 -14.344432 -15.217057
v -1031.177246 -15.974924 -17.043365
v -1032.209717 -18.649532 -16.099716
v -1089.974609 20.346174 -15.952549
v -1088.377441 15.744428 -16.667919
v -1090.119141 15.641721 -17.649673
v -1091.102295 15.823682 -15.910354
v -1090.047607 11.673720 -15.569690
v -1090.039673 11.762002 -15.580073
v -1091.648438 7.344871 -17.518049
v -1092.883789 8.613008 -14.657989
v -1089.954346 9.147760 -13.451957
v -1089.780273 5.272986 -14.771708
v -1089.797852 5.404215 -14.798713
v -1090.778442 3.464893 -12.710249
v -1088.778442 3.464893 -12.710249
v -1088.778442 1.834402 -14.536551
v -1089.810913 -0.840206 -13.592905
v -1123.520020 -4.003298 -17.389702
v -1121.923096 -8.605044 -18.105062
v -1123.664795 -8.707750 -19.086824
v -1124.647827 -8.525794 -17.347500
v -1123.593140 -12.675752 -17.006838
v -1123.585205 -12.587474 -17.017225
v -1125.194092 -17.004604 -18.955200
v -1126.429321 -15.736464 -16.095140
v -1123.499878 -15.201712 -14.889108
v -1123.325928 -19.076488 -16.208858
v -1123.343506 -18.945259 -16.235863
v -1124.323975 -20.884583 -14.147400
v -1122.323975 -20.884581 -14.147400
v -1122.323975 -22.515072 -15.973701
v -1123.356445 -25.189680 -15.030056
v -1159.246704 -1.523270 -18.747349
v -1157.717773 -6.125016 -17.896044
v -1157.973633 -6.227722 -19.878944
v -1159.955444 -6.045766 -19.625559
v -1159.597046 -10.195725 -18.576714
v -1159.584106 -10.107444 -18.576611
v -1158.994385 -14.524577 -21.025328
v -1162.024902 -13.256438 -20.303246
v -1161.237793 -12.721685 -17.234539
v -1160.076416 -16.596458 -17.885008
v -1160.065308 -16.465231 -17.915251
v -1162.325317 -18.404552 -17.450872
v -1161.128296 -18.404552 -15.848619
v -1159.665161 -20.035046 -16.941648
v -1161.039062 -22.709652 -17.203999
v -1173.513550 10.066744 -18.074316
v -1175.831543 6.324994 -16.493198
v -1173.514526 6.695776 -15.129235
v -1172.148804 5.407750 -17.361599
v -1173.699463 1.228434 -17.192375
v -1174.098633 -6.842500 -16.170662
v -1174.783569 -12.951816 -14.967576
v -1175.872070 -10.973542 -18.172321
v -1176.090698 -9.061139 -15.148107
v -1172.768311 -12.092514 -17.771025
v -1174.763550 -12.834896 -15.006604
v -1177.054810 -14.845708 -15.057082
v -1176.422974 -14.010704 -13.206038
v -1174.690186 -15.855164 -13.589569
v -1175.911743 -18.764074 -13.960030
v -1173.724609 1.506726 -17.169525
v -1172.541260 -2.414942 -15.405661
v -1172.160156 -3.378794 -17.308941
v -1174.120972 -3.369910 -17.702745
v -1174.110962 -6.930468 -16.165047
v -1085.934570 -14.813432 -17.229855
v -1084.405640 -19.415176 -16.378551
v -1084.661499 -19.517883 -18.361454
v -1086.643311 -19.335926 -18.108067
v -1086.284912 -23.485886 -17.059223
v -1086.271973 -23.397606 -17.059120
v -1085.682251 -27.814737 -19.507832
v -1088.712891 -26.546597 -18.785755
v -1087.925781 -26.011845 -15.717045
v -1086.764282 -29.886621 -16.367516
v -1086.753174 -29.755392 -16.397758
v -1089.013184 -31.694714 -15.933380
v -1087.816162 -31.694714 -14.331123
v -1086.353027 -33.325211 -15.424156
v -1087.727051 -35.999813 -15.686511
v -1389.284180 -9.391326 -16.783340
v -1387.755249 -13.993070 -15.932035
v -1388.011108 -14.095778 -17.914936
v -1389.992920 -13.913819 -17.661551
v -1389.634521 -18.063782 -16.612705
v -1389.621460 -17.975498 -16.612602
v -1389.031738 -22.392632 -19.061319
v -1392.062378 -21.124493 -18.339235
v -1391.275269 -20.589743 -15.270528
v -1390.113892 -24.464516 -15.921000
v -1390.102783 -24.333286 -15.951242
v -1392.362793 -26.272610 -15.486863
v -1391.165771 -26.272608 -13.884609
v -1389.702637 -27.903101 -14.977640
v -1391.076538 -30.577707 -15.239991
v -1215.682861 1.577928 -16.398973
v -1215.342529 -2.767886 -13.842463
v -1213.309326 -3.006398 -15.607477
v -1215.078369 -3.280520 -17.636019
v -1215.847900 -7.431888 -16.257921
v -1215.870850 -15.754643 -15.844842
v -1215.611450 -22.243660 -15.036476
v -1218.714966 -18.903637 -14.922761
v -1215.785400 -18.368885 -13.716737
v -1217.479614 -20.171776 -17.782822
v -1215.629028 -22.112431 -15.063484
v -1216.609619 -24.051754 -12.975014
v -1214.609619 -24.051752 -12.975014
v -1214.609619 -25.682243 -14.801323
v -1215.641968 -28.356852 -13.857681
v -1215.805664 -7.170470 -16.217318
v -1214.208618 -11.772216 -16.932680
v -1215.950317 -11.874922 -17.914446
v -1216.933472 -11.692964 -16.175112
v -1215.878662 -15.842926 -15.834466
v -1278.790894 15.011064 -16.398979
v -1278.450439 10.665250 -13.842471
v -1276.417358 10.426741 -15.607482
v -1278.186401 10.152617 -17.636019
v -1278.955933 6.001250 -16.257917
v -1278.978760 -2.321508 -15.844843
v -1278.719482 -8.810523 -15.036485
v -1281.822876 -5.470500 -14.922762
v -1278.893433 -4.935747 -13.716734
v -1280.587646 -6.738640 -17.782824
v -1278.737061 -8.679294 -15.063485
v -1279.717529 -10.618616 -12.975022
v -1277.717529 -10.618616 -12.975015
v -1277.717529 -12.249109 -14.801324
v -1278.750000 -14.923716 -13.857678
v -1278.913696 6.262667 -16.217318
v -1277.316650 1.660920 -16.932688
v -1279.058350 1.558214 -17.914442
v -1280.041382 1.740172 -16.175123
v -1278.986694 -2.409788 -15.834463
v -1336.593628 11.131965 -16.398987
v -1336.253296 6.786154 -13.842473
v -1334.220093 6.547640 -15.607490
v -1335.989136 6.273520 -17.636024
v -1336.758667 2.122148 -16.257929
v -1336.781616 -6.200606 -15.844852
v -1336.522217 -12.689624 -15.036488
v -1339.625732 -9.349600 -14.922769
v -1336.696167 -8.814848 -13.716733
v -1338.390381 -10.617738 -17.782829
v -1336.539795 -12.558393 -15.063489
v -1337.520264 -14.497716 -12.975026
v -1335.520264 -14.497716 -12.975026
v -1335.520264 -16.128208 -14.801326
v -1336.552734 -18.802814 -13.857686
v -1336.716431 2.383566 -16.217327
v -1335.119385 -2.218178 -16.932692
v -1336.861084 -2.320884 -17.914450
v -1337.844116 -2.138928 -16.175129
v -1336.789429 -6.288890 -15.834465
v -1305.198853 0.744962 -20.026503
v -1307.516846 -2.996784 -18.445383
v -1305.199829 -2.626006 -17.081419
v -1303.834229 -3.914028 -19.313780
v -1305.384888 -8.093348 -19.144560
v -1305.783936 -16.164282 -18.122845
v -1306.468994 -22.273598 -16.919762
v -1307.557495 -20.295322 -20.124504
v -1307.776123 -18.382923 -17.100292
v -1304.453613 -21.414295 -19.723206
v -1306.448975 -22.156677 -16.958790
v -1308.740234 -24.167488 -17.009266
v -1308.108276 -23.332485 -15.158222
v -1306.375488 -25.176943 -15.541752
v -1307.597046 -28.085855 -15.912216
v -1305.410034 -7.815054 -19.121714
v -1304.226685 -11.736724 -17.357843
v -1303.845581 -12.700577 -19.261126
v -1305.806396 -12.691690 -19.654932
v -1305.796387 -16.252247 -18.117229
v -1268.591553 4.691946 -17.972036
v -1270.909546 0.950200 -16.390921
v -1268.592529 1.320980 -15.026949
v -1267.226807 0.032956 -17.259317
v -1268.777466 -4.146362 -17.090094
v -1269.176636 -12.217296 -16.068380
v -1269.861694 -18.326612 -14.865296
v -1270.950195 -16.348337 -18.070038
v -1271.168823 -14.435938 -15.045827
v -1267.846313 -17.467310 -17.668743
v -1269.841553 -18.209692 -14.904321
v -1272.132935 -20.220503 -14.954801
v -1271.500977 -19.385500 -13.103761
v -1269.768188 -21.229961 -13.487287
v -1270.989746 -24.138870 -13.857746
v -1268.802734 -3.868068 -17.067247
v -1267.619385 -7.789738 -15.303381
v -1267.238159 -8.753588 -17.206659
v -1269.199097 -8.744706 -17.600466
v -1269.188965 -12.305262 -16.062765
v -1225.263550 10.365778 -15.380534
v -1227.581543 6.624028 -13.799417
v -1225.264526 6.994810 -12.435451
v -1223.898804 5.706784 -14.667819
v -1225.449463 1.527468 -14.498598
v -1225.848633 -6.543466 -13.476885
v -1226.533569 -12.652781 -12.273797
v -1227.622070 -10.674508 -15.478539
v -1227.840698 -8.762106 -12.454331
v -1224.518311 -11.793480 -15.077249
v -1226.513550 -12.535862 -12.312821
v -1228.804810 -14.546674 -12.363297
v -1228.172974 -13.711670 -10.512261
v -1226.440186 -15.556129 -10.895783
v -1227.661743 -18.465038 -11.266244
v -1225.474609 1.805762 -14.475748
v -1224.291382 -2.115907 -12.711885
v -1223.910156 -3.079760 -14.615152
v -1225.870972 -3.070876 -15.008959
v -1225.860962 -6.631433 -13.471262
v -1253.437012 -12.468783 -18.517023
v -1251.839966 -17.070530 -19.232391
v -1253.581665 -17.173239 -20.214142
v -1254.564819 -16.991280 -18.474823
v -1253.510010 -21.141239 -18.134163
v -1253.502197 -21.052959 -18.144547
v -1255.110962 -25.470091 -20.082523
v -1256.346313 -24.201950 -17.222466
v -1253.416748 -23.667198 -16.016434
v -1253.242798 -27.541975 -17.336189
v -1253.260376 -27.410746 -17.363190
v -1254.240967 -29.350067 -15.274727
v -1252.240967 -29.350067 -15.274727
v -1252.240967 -30.980560 -17.101028
v -1253.273315 -33.655167 -16.157379
v -1232.375977 2.536852 -18.459360
v -1230.778931 -2.064894 -19.174723
v -1232.520630 -2.167600 -20.156481
v -1233.503784 -1.985644 -18.417154
v -1232.449097 -6.135604 -18.076502
v -1232.441162 -6.047324 -18.086885
v -1234.049927 -10.464455 -20.024866
v -1235.285278 -9.196314 -17.164804
v -1232.355713 -8.661562 -15.958772
v -1232.181763 -12.536340 -17.278521
v -1232.199341 -12.405109 -17.305521
v -1233.179932 -14.344432 -15.217057
v -1231.179932 -14.344432 -15.217057
v -1231.179932 -15.974924 -17.043365
v -1232.212402 -18.649532 -16.099716
v -1289.977173 20.346174 -15.952549
v -1288.380127 15.744428 -16.667919
v -1290.121826 15.641721 -17.649673
v -1291.104980 15.823682 -15.910354
v -1290.050293 11.673720 -15.569690
v -1290.042358 11.762002 -15.580073
v -1291.651123 7.344871 -17.518049
v -1292.886475 8.613008 -14.657989
v -1289.957031 9.147760 -13.451957
v -1289.782959 5.272986 -14.771708
v -1289.800537 5.404215 -14.798713
v -1290.781128 3.464893 -12.710249
v -1288.781128 3.464893 -12.710249
v -1288.781128 1.834402 -14.536551
v -1289.813599 -0.840206 -13.592905
v -1323.522827 -4.003298 -17.389702
v -1321.925781 -8.605044 -18.105062
v -1323.667480 -8.707750 -19.086824
v -1324.650513 -8.525794 -17.347500
v -1323.595825 -12.675752 -17.006838
v -1323.587891 -12.587474 -17.017225
v -1325.196777 -17.004604 -18.955200
v -1326.432007 -15.736464 -16.095140
v -1323.502563 -15.201712 -14.889108
v -1323.328491 -19.076488 -16.208858
v -1323.346069 -18.945259 -16.235863
v -1324.326660 -20.884583 -14.147400
v -1322.326660 -20.884581 -14.147400
v -1322.326660 -22.515072 -15.973701
v -1323.359131 -25.189680 -15.030056
v -1359.249390 -1.523270 -18.747349
v -1357.720459 -6.125016 -17.896044
v -1357.976318 -6.227722 -19.878944
v -1359.958130 -6.045766 -19.625559
v -1359.599731 -10.195725 -18.576714
v -1359.586792 -10.107444 -18.576611
v -1358.997070 -14.524577 -21.025328
v -1362.027588 -13.256438 -20.303246
v -1361.240479 -12.721685 -17.234539
v -1360.079102 -16.596458 -17.885008
v -1360.067993 -16.465231 -17.915251
v -1362.328003 -18.404552 -17.450872
v -1361.130981 -18.404552 -15.848619
v -1359.667847 -20.035046 -16.941648
v -1361.041748 -22.709652 -17.203999
v -1373.516235 10.066744 -18.074316
v -1375.834229 6.324994 -16.493198
v -1373.517212 6.695776 -15.129235
v -1372.151489 5.407750 -17.361599
v -1373.702148 1.228434 -17.192375
v -1374.101318 -6.842500 -16.170662
v -1374.786255 -12.951816 -14.967576
v -1375.874756 -10.973542 -18.172321
v -1376.093384 -9.061139 -15.148107
v -1372.770996 -12.092514 -17.771025
v -1374.766235 -12.834896 -15.006604
v -1377.057495 -14.845708 -15.057082
v -1376.425659 -14.010704 -13.206038
v -1374.692871 -15.855164 -13.589569
v -1375.914429 -18.764074 -13.960030
v -1373.727295 1.506726 -17.169525
v -1372.543945 -2.414942 -15.405661
v -1372.162842 -3.378794 -17.308941
v -1374.123657 -3.369910 -17.702745
v -1374.113647 -6.930468 -16.165047
v -1285.937256 -14.813432 -17.229855
v -1284.408325 -19.415176 -16.378551
v -1284.664185 -19.517883 -18.361454
v -1286.645996 -19.335926 -18.108067
v -1286.287720 -23.485886 -17.059223
v -1286.274658 -23.397606 -17.059120
v -1285.684937 -27.814737 -19.507832
v -1288.715454 -26.546597 -18.785755
v -1287.928345 -26.011845 -15.717045
v -1286.766968 -29.886621 -16.367516
v -1286.755859 -29.755392 -16.397758
v -1289.015869 -31.694714 -15.933380
v -1287.818848 -31.694714 -14.331123
v -1286.355713 -33.325211 -15.424156
v -1287.729614 -35.999813 -15.686511
v -1589.286865 -9.391326 -16.783340
v -1587.757935 -13.993070 -15.932035
v -1588.013794 -14.095778 -17.914936
v -1589.995605 -13.913819 -17.661551
v -1589.637207 -18.063782 -16.612705
v -1589.624146 -17.975498 -16.612602
v -1589.034424 -22.392632 -19.061319
v -1592.065063 -21.124493 -18.339235
v -1591.277954 -20.589743 -15.270528
v -1590.116577 -24.464516 -15.921000
v -1590.105469 -24.333286 -15.951242
v -1592.365479 -26.272610 -15.486863
v -1591.168457 -26.272608 -13.884609
v -1589.705322 -27.903101 -14.977640
v -1591.079224 -30.577707 -15.239991
v -1415.685547 1.577928 -16.398973
v -1415.345215 -2.767886 -13.842463
v -1413.312012 -3.006398 -15.607477
v -1415.081055 -3.280520 -17.636019
v -1415.850586 -7.431888 -16.257921
v -1415.873535 -15.754643 -15.844842
v -1415.614136 -22.243660 -15.036476
v -1418.717651 -18.903637 -14.922761
v -1415.788086 -18.368885 -13.716737
v -1417.482300 -20.171776 -17.782822
v -1415.631714 -22.112431 -15.063484
v -1416.612305 -24.051754 -12.975014
v -1414.612305 -24.051752 -12.975014
v -1414.612305 -25.682243 -14.801323
v -1415.644653 -28.356852 -13.857681
v -1415.808350 -7.170470 -16.217318
v -1414.211304 -11.772216 -16.932680
v -1415.953003 -11.874922 -17.914446
v -1416.936157 -11.692964 -16.175112
v -1415.881348 -15.842926 -15.834466
v -1478.793579 15.011064 -16.398979
v -1478.453125 10.665250 -13.842471
v -1476.420044 10.426741 -15.607482
v -1478.189087 10.152617 -17.636019
v -1478.958618 6.001250 -16.257917
v -1478.981445 -2.321508 -15.844843
v -1478.722168 -8.810523 -15.036485
v -1481.825562 -5.470500 -14.922762
v -1478.896118 -4.935747 -13.716734
v -1480.590332 -6.738640 -17.782824
v -1478.739746 -8.679294 -15.063485
v -1479.720215 -10.618616 -12.975022
v -1477.720215 -10.618616 -12.975015
v -1477.720215 -12.249109 -14.801324
v -1478.752686 -14.923716 -13.857678
v -1478.916382 6.262667 -16.217318
v -1477.319336 1.660920 -16.932688
v -1479.061035 1.558214 -17.914442
v -1480.044067 1.740172 -16.175123
v -1478.989380 -2.409788 -15.834463
v -1536.596313 11.131965 -16.398987
v -1536.255981 6.786154 -13.842473
v -1534.222778 6.547640 -15.607490
v -1535.991821 6.273520 -17.636024
v -1536.761353 2.122148 -16.257929
v -1536.784302 -6.200606 -15.844852
v -1536.524902 -12.689624 -15.036488
v -1539.628418 -9.349600 -14.922769
v -1536.698853 -8.814848 -13.716733
v -1538.393066 -10.617738 -17.782829
v -1536.542480 -12.558393 -15.063489
v -1537.522949 -14.497716 -12.975026
v -1535.522949 -14.497716 -12.975026
v -1535.522949 -16.128208 -14.801326
v -1536.555420 -18.802814 -13.857686
v -1536.719116 2.383566 -16.217327
v -1535.122070 -2.218178 -16.932692
v -1536.863770 -2.320884 -17.914450
v -1537.846802 -2.138928 -16.175129
v -1536.792114 -6.288890 -15.834465
v -1505.201538 0.744962 -20.026503
v -1507.519531 -2.996784 -18.445383
v -1505.202515 -2.626006 -17.081419
v -1503.836914 -3.914028 -19.313780
v -1505.387573 -8.093348 -19.144560
v -1505.786621 -16.164282 -18.122845
v -1506.471680 -22.273598 -16.919762
v -1507.560181 -20.295322 -20.124504
v -1507.778809 -18.382923 -17.100292
v -1504.456299 -21.414295 -19.723206
v -1506.451660 -22.156677 -16.958790
v -1508.742920 -24.167488 -17.009266
v -1508.110962 -23.332485 -15.158222
v -1506.378174 -25.176943 -15.541752
v -1507.599731 -28.085855 -15.912216
v -1505.412720 -7.815054 -19.121714
v -1504.229370 -11.736724 -17.357843
v -1503.848267 -12.700577 -19.261126
v -1505.809082 -12.691690 -19.654932
v -1505.799072 -16.252247 -18.117229
v -1468.594238 4.691946 -17.972036
v -1470.912231 0.950200 -16.390921
v -1468.595215 1.320980 -15.026949
v -1467.229492 0.032956 -17.259317
v -1468.780151 -4.146362 -17.090094
v -1469.179321 -12.217296 -16.068380
v -1469.864380 -18.326612 -14.865296
v -1470.952881 -16.348337 -18.070038
v -1471.171509 -14.435938 -15.045827
v -1467.848999 -17.467310 -17.668743
v -1469.844238 -18.209692 -14.904321
v -1472.135620 -20.220503 -14.954801
v -1471.503662 -19.385500 -13.103761
v -1469.770874 -21.229961 -13.487287
v -1470.992432 -24.138870 -13.857746
v -1468.805420 -3.868068 -17.067247
v -1467.622070 -7.789738 -15.303381
v -1467.240845 -8.753588 -17.206659
v -1469.201782 -8.744706 -17.600466
v -1469.191650 -12.305262 -16.062765
v -1425.266235 10.365778 -15.380534
v -1427.584229 6.624028 -13.799417
v -1425.267212 6.994810 -12.435451
v -1423.901489 5.706784 -14.667819
v -1425.452148 1.527468 -14.498598
v -1425.851318 -6.543466 -13.476885
v -1426.536255 -12.652781 -12.273797
v -1427.624756 -10.674508 -15.478539
v -1427.843384 -8.762106 -12.454331
v -1424.520996 -11.793480 -15.077249
v -1426.516235 -12.535862 -12.312821
v -1428.807495 -14.546674 -12.363297
v -1428.175659 -13.711670 -10.512261
v -1426.442871 -15.556129 -10.895783
v -1427.664429 -18.465038 -11.266244
v -1425.477295 1.805762 -14.475748
v -1424.294067 -2.115907 -12.711885
v -1423.912842 -3.079760 -14.615152
v -1425.873657 -3.070876 -15.008959
v -1425.863647 -6.631433 -13.471262
v -1453.439697 -12.468783 -18.517023
v -1451.842651 -17.070530 -19.232391
v -1453.584351 -17.173239 -20.214142
v -1454.567505 -16.991280 -18.474823
v -1453.512695 -21.141239 -18.134163
v -1453.504883 -21.052959 -18.144547
v -1455.113647 -25.470091 -20.082523
v -1456.348999 -24.201950 -17.222466
v -1453.419434 -23.667198 -16.016434
v -1453.245483 -27.541975 -17.336189
v -1453.263062 -27.410746 -17.363190
v -1454.243652 -29.350067 -15.274727
v -1452.243652 -29.350067 -15.274727
v -1452.243652 -30.980560 -17.101028
v -1453.276001 -33.655167 -16.157379
v -1432.378662 2.536852 -18.459360
v -1430.781616 -2.064894 -19.174723
v -1432.523315 -2.167600 -20.156481
v -1433.506470 -1.985644 -18.417154
v -1432.451782 -6.135604 -18.076502
v -1432.443848 -6.047324 -18.086885
v -1434.052612 -10.464455 -20.024866
v -1435.287964 -9.196314 -17.164804
v -1432.358398 -8.661562 -15.958772
v -1432.184448 -12.536340 -17.278521
v -1432.202026 -12.405109 -17.305521
v -1433.182617 -14.344432 -15.217057
v -1431.182617 -14.344432 -15.217057
v -1431.182617 -15.974924 -17.043365
v -1432.215088 -18.649532 -16.099716
v -1489.979858 20.346174 -15.952549
v -1488.382812 15.744428 -16.667919
v -1490.124512 15.641721 -17.649673
v -1491.107666 15.823682 -15.910354
v -1490.052979 11.673720 -15.569690
v -1490.045044 11.762002 -15.580073
v -1491.653809 7.344871 -17.518049
v -1492.889160 8.613008 -14.657989
v -1489.959717 9.147760 -13.451957
v -1489.785645 5.272986 -14.771708
v -1489.803223 5.404215 -14.798713
v -1490.783813 3.464893 -12.710249
v -1488.783813 3.464893 -12.710249
v -1488.783813 1.834402 -14.536551
v -1489.816284 -0.840206 -13.592905
v -1523.525513 -4.003298 -17.389702
v -1521.928467 -8.605044 -18.105062
v -1523.670166 -8.707750 -19.086824
v -1524.653198 -8.525794 -17.347500
v -1523.598511 -12.675752 -17.006838
v -1523.590576 -12.587474 -17.017225
v -1525.199463 -17.004604 -18.955200
v -1526.434692 -15.736464 -16.095140
v -1523.505249 -15.201712 -14.889108
v -1523.331177 -19.076488 -16.208858
v -1523.348755 -18.945259 -16.235863
v -1524.329346 -20.884583 -14.147400
v -1522.329346 -20.884581 -14.147400
v -1522.329346 -22.515072 -15.973701
v -1523.361816 -25.189680 -15.030056
v -1559.252075 -1.523270 -18.747349
v -1557.723145 -6.125016 -17.896044
v -1557.979004 -6.227722 -19.878944
v -1559.960815 -6.045766 -19.625559
v -1559.602417 -10.195725 -18.576714
v -1559.589478 -10.107444 -18.576611
v -1558.999756 -14.524577 -21.025328
v -1562.030273 -13.256438 -20.303246
v -1561.243164 -12.721685 -17.234539
v -1560.081787 -16.596458 -17.885008
v -1560.070679 -16.465231 -17.915251
v -1562.330688 -18.404552 -17.450872
v -1561.133667 -18.404552 -15.848619
v -1559.670532 -20.035046 -16.941648
v -1561.044434 -22.709652 -17.203999
v -1573.518921 10.066744 -18.074316
v -1575.836914 6.324994 -16.493198
v -1573.519897 6.695776 -15.129235
v -1572.154175 5.407750 -17.361599
v -1573.704834 1.228434 -17.192375
v -1574.104004 -6.842500 -16.170662
v -1574.788940 -12.951816 -14.967576
v -1575.877441 -10.973542 -18.172321
v -1576.096069 -9.061139 -15.148107
v -1572.773682 -12.092514 -17.771025
v -1574.768921 -12.834896 -15.006604
v -1577.060181 -14.845708 -15.057082
v -1576.428345 -14.010704 -13.206038
v -1574.695557 -15.855164 -13.589569
v -1575.917114 -18.764074 -13.960030
v -1573.729980 1.506726 -17.169525
v -1572.546631 -2.414942 -15.405661
v -1572.165527 -3.378794 -17.308941
v -1574.126343 -3.369910 -17.702745
v -1574.116333 -6.930468 -16.165047
v -1485.939941 -14.813432 -17.229855
v -1484.411011 -19.415176 -16.378551
v -1484.666870 -19.517883 -18.361454
v -1486.648682 -19.335926 -18.108067
v -1486.290405 -23.485886 -17.059223
v -1486.277344 -23.397606 -17.059120
v -1485.687622 -27.814737 -19.507832
v -1488.718140 -26.546597 -18.785755
v -1487.931030 -26.011845 -15.717045
v -1486.769653 -29.886621 -16.367516
v -1486.758545 -29.755392 -16.397758
v -1489.018555 -31.694714 -15.933380
v -1487.821533 -31.694714 -14.331123
v -1486.358398 -33.325211 -15.424156
v -1487.732300 -35.999813 -15.686511
v -1789.289551 -9.391326 -16.783340
v -1787.760620 -13.993070 -15.932035
v -1788.016479 -14.095778 -17.914936
v -1789.998291 -13.913819 -17.661551
v -1789.639893 -18.063782 -16.612705
v -1789.626831 -17.975498 -16.612602
v -1789.037109 -22.392632 -19.061319
v -1792.067749 -21.124493 -18.339235
v -1791.280640 -20.589743 -15.270528
v -1790.119263 -24.464516 -15.921000
v -1790.108154 -24.333286 -15.951242
v -1792.368164 -26.272610 -15.486863
v -1791.171143 -26.272608 -13.884609
v -1789.708008 -27.903101 -14.977640
v -1791.081909 -30.577707 -15.239991
v -1615.688232 1.577928 -16.398973
v -1615.347900 -2.767886 -13.842463
v -1613.314697 -3.006398 -15.607477
v -1615.083740 -3.280520 -17.636019
v -1615.853271 -7.431888 -16.257921
v -1615.876221 -15.754643 -15.844842
v -1615.616821 -22.243660 -15.036476
v -1618.720337 -18.903637 -14.922761
v -1615.790771 -18.368885 -13.716737
v -1617.484985 -20.171776 -17.782822
v -1615.634399 -22.112431 -15.063484
v -1616.614990 -24.051754 -12.975014
v -1614.614990 -24.051752 -12.975014
v -1614.614990 -25.682243 -14.801323
v -1615.647339 -28.356852 -13.857681
v -1615.811035 -7.170470 -16.217318
v -1614.213989 -11.772216 -16.932680
v -1615.955688 -11.874922 -17.914446
v -1616.938843 -11.692964 -16.175112
v -1615.884033 -15.842926 -15.834466
v -1678.796265 15.011064 -16.398979
v -1678.455811 10.665250 -13.842471
v -1676.422729 10.426741 -15.607482
v -1678.191772 10.152617 -17.636019
v -1678.961304 6.001250 -16.257917
v -1678.984131 -2.321508 -15.844843
v -1678.724854 -8.810523 -15.036485
v -1681.828247 -5.470500 -14.922762
v -1678.898804 -4.935747 -13.716734
v -1680.593018 -6.738640 -17.782824
v -1678.742432 -8.679294 -15.063485
v -1679.722900 -10.618616 -12.975022
v -1677.722900 -10.618616 -12.975015
v -1677.722900 -12.249109 -14.801324
v -1678.755371 -14.923716 -13.857678
v -1678.919067 6.262667 -16.217318
v -1677.322021 1.660920 -16.932688
v -1679.063721 1.558214 -17.914442
v -1680.046753 1.740172 -16.175123
v -1678.992065 -2.409788 -15.834463
v -1736.598999 11.131965 -16.398987
v -1736.258667 6.786154 -13.842473
v -1734.225464 6.547640 -15.607490
v -1735.994507 6.273520 -17.636024
v -1736.764038 2.122148 -16.257929
v -1736.786987 -6.200606 -15.844852
v -1736.527588 -12.689624 -15.036488
v -1739.631104 -9.349600 -14.922769
v -1736.701538 -8.814848 -13.716733
v -1738.395752 -10.617738 -17.782829
v -1736.545166 -12.558393 -15.063489
v -1737.525635 -14.497716 -12.975026
v -1735.525635 -14.497716 -12.975026
v -1735.525635 -16.128208 -14.801326
v -1736.558105 -18.802814 -13.857686
v -1736.721802 2.383566 -16.217327
v -1735.124756 -2.218178 -16.932692
v -1736.866455 -2.320884 -17.914450
v -1737.849487 -2.138928 -16.175129
v -1736.794800 -6.288890 -15.834465
v -1705.204224 0.744962 -20.026503
v -1707.522217 -2.996784 -18.445383
v -1705.205200 -2.626006 -17.081419
v -1703.839600 -3.914028 -19.313780
v -1705.390259 -8.093348 -19.144560
v -1705.789307 -16.164282 -18.122845
v -1706.474365 -22.273598 -16.919762
v -1707.562866 -20.295322 -20.124504
v -1707.781494 -18.382923 -17.100292
v -1704.458984 -21.414295 -19.723206
v -1706.454346 -22.156677 -16.958790
v -1708.745605 -24.167488 -17.009266
v -1708.113647 -23.332485 -15.158222
v -1706.380859 -25.176943 -15.541752
v -1707.602417 -28.085855 -15.912216
v -1705.415405 -7.815054 -19.121714
v -1704.232056 -11.736724 -17.357843
v -1703.850952 -12.700577 -19.261126
v -1705.811768 -12.691690 -19.654932
v -1705.801758 -16.252247 -18.117229
v -1668.596924 4.691946 -17.972036
v -1670.914917 0.950200 -16.390921
v -1668.597900 1.320980 -15.026949
v -1667.232178 0.032956 -17.259317
v -1668.782837 -4.146362 -17.090094
v -1669.182007 -12.217296 -16.068380
v -1669.867065 -18.326612 -14.865296
v -1670.955566 -16.348337 -18.070038
v -1671.174194 -14.435938 -15.045827
v -1667.851685 -17.467310 -17.668743
v -1669.846924 -18.209692 -14.904321
v -1672.138306 -20.220503 -14.954801
v -1671.506348 -19.385500 -13.103761
v -1669.773560 -21.229961 -13.487287
v -1670.995117 -24.138870 -13.857746
v -1668.808105 -3.868068 -17.067247
v -1667.624756 -7.789738 -15.303381
v -1667.243530 -8.753588 -17.206659
v -1669.204468 -8.744706 -17.600466
v -1669.194336 -12.305262 -16.062765
v -1625.268921 10.365778 -15.380534
v -1627.586914 6.624028 -13.799417
v -1625.269897 6.994810 -12.435451
v -1623.904175 5.706784 -14.667819
v -1625.454834 1.527468 -14.498598
v -1625.854004 -6.543466 -13.476885
v -1626.538940 -12.652781 -12.273797
v -1627.627441 -10.674508 -15.478539
v -1627.846069 -8.762106 -12.454331
v -1624.523682 -11.793480 -15.077249
v -1626.518921 -12.535862 -12.312821
v -1628.810181 -14.546674 -12.363297
v -1628.178345 -13.711670 -10.512261
v -1626.445557 -15.556129 -10.895783
v -1627.667114 -18.465038 -11.266244
v -1625.479980 1.805762 -14.475748
v -1624.296753 -2.115907 -12.711885
v -1623.915527 -3.079760 -14.615152
v -1625.876343 -3.070876 -15.008959
v -1625.866333 -6.631433 -13.471262
v -1653.442383 -12.468783 -18.517023
v -1651.845337 -17.070530 -19.232391
v -1653.587036 -17.173239 -20.214142
v -1654.570190 -16.991280 -18.474823
v -1653.515381 -21.141239 -18.134163
v -1653.507568 -21.052959 -18.144547
v -1655.116333 -25.470091 -20.082523
v -1656.351685 -24.201950 -17.222466
v -1653.422119 -23.667198 -16.016434
v -1653.248169 -27.541975 -17.336189
v -1653.265747 -27.410746 -17.363190
v -1654.246338 -29.350067 -15.274727
v -1652.246338 -29.350067 -15.274727
v -1652.246338 -30.980560 -17.101028
v -1653.278687 -33.655167 -16.157379
v -1632.381348 2.536852 -18.459360
v -1630.784302 -2.064894 -19.174723
v -1632.526001 -2.167600 -20.156481
v -1633.509155 -1.985644 -18.417154
v -1632.454468 -6.135604 -18.076502
v -1632.446533 -6.047324 -18.086885
v -1634.055298 -10.464455 -20.024866
v -1635.290649 -9.196314 -17.164804
v -1632.361084 -8.661562 -15.958772
v -1632.187134 -12.536340 -17.278521
v -1632.204712 -12.405109 -17.305521
v -1633.185303 -14.344432 -15.217057
v -1631.185303 -14.344432 -15.217057
v -1631.185303 -15.974924 -17.043365
v -1632.217773 -18.649532 -16.099716
v -1689.982544 20.346174 -15.952549
v -1688.385498 15.744428 -16.667919
v -1690.127197 15.641721 -17.649673
v -1691.110352 15.823682 -15.910354
v -1690.055664 11.673720 -15.569690
v -1690.047729 11.762002 -15.580073
v -1691.656494 7.344871 -17.518049
v -1692.891846 8.613008 -14.657989
v -1689.962402 9.147760 -13.451957
v -1689.788330 5.272986 -14.771708
v -1689.805908 5.404215 -14.798713
v -1690.786499 3.464893 -12.710249
v -1688.786499 3.464893 -12.710249
v -1688.786499 1.834402 -14.536551
v -1689.818970 -0.840206 -13.592905
v -1723.528198 -4.003298 -17.389702
v -1721.931152 -8.605044 -18.105062
v -1723.672852 -8.707750 -19.086824
v -1724.655884 -8.525794 -17.347500
v -1723.601196 -12.675752 -17.006838
v -1723.593262 -12.587474 -17.017225
v -1725.202148 -17.004604 -18.955200
v -1726.437378 -15.736464 -16.095140
v -1723.507935 -15.201712 -14.889108
v -1723.333862 -19.076488 -16.208858
v -1723.351440 -18.945259 -16.235863
v -1724.332031 -20.884583 -14.147400
v -1722.332031 -20.884581 -14.147400
v -1722.332031 -22.515072 -15.973701
v -1723.364502 -25.189680 -15.030056
v -1759.254761 -1.523270 -18.747349
v -1757.725830 -6.125016 -17.896044
v -1757.981689 -6.227722 -19.878944
v -1759.963501 -6.045766 -19.625559
v -1759.605103 -10.195725 -18.576714
v -1759.592163 -10.107444 -18.576611
v -1759.002441 -14.524577 -21.025328
v -1762.032959 -13.256438 -20.303246
v -1761.245850 -12.721685 -17.234539
v -1760.084473 -16.596458 -17.885008
v -1760.073364 -16.465231 -17.915251
v -1762.333374 -18.404552 -17.450872
v -1761.136353 -18.404552 -15.848619
v -1759.673218 -20.035046 -16.941648
v -1761.047119 -22.709652 -17.203999
v -1773.521606 10.066744 -18.074316
v -1775.839600 6.324994 -16.493198
v -1773.522583 6.695776 -15.129235
v -1772.156860 5.407750 -17.361599
v -1773.707520 1.228434 -17.192375
v -1774.106689 -6.842500 -16.170662
v -1774.791626 -12.951816 -14.967576
v -1775.880127 -10.973542 -18.172321
v -1776.098755 -9.061139 -15.148107
v -1772.776367 -12.092514 -17.771025
v -1774.771606 -12.834896 -15.006604
v -1777.062866 -14.845708 -15.057082
v -1776.431030 -14.010704 -13.206038
v -1774.698242 -15.855164 -13.589569
v -1775.919800 -18.764074 -13.960030
v -1773.732666 1.506726 -17.169525
v -1772.549316 -2.414942 -15.405661
v -1772.168213 -3.378794 -17.308941
v -1774.129028 -3.369910 -17.702745
v -1774.119019 -6.930468 -16.165047
v -1685.942627 -14.813432 -17.229855
v -1684.413696 -19.415176 -16.378551
v -1684.669556 -19.517883 -18.361454
v -1686.651367 -19.335926 -18.108067
v -1686.293091 -23.485886 -17.059223
v -1686.280029 -23.397606 -17.059120
v -1685.690308 -27.814737 -19.507832
v -1688.720825 -26.546597 -18.785755
v -1687.933716 -26.011845 -15.717045
v -1686.772339 -29.886621 -16.367516
v -1686.761230 -29.755392 -16.397758
v -1689.021240 -31.694714 -15.933380
v -1687.824219 -31.694714 -14.331123
v -1686.361084 -33.325211 -15.424156
v -1687.734985 -35.999813 -15.686511
v -1989.292236 -9.391326 -16.783340
v -1987.763306 -13.993070 -15.932035
v -1988.019165 -14.095778 -17.914936
v -1990.000977 -13.913819 -17.661551
v -1989.642578 -18.063782 -16.612705
v -1989.629517 -17.975498 -16.612602
v -1989.039795 -22.392632 -19.061319
v -1992.070435 -21.124493 -18.339235
v -1991.283325 -20.589743 -15.270528
v -1990.121948 -24.464516 -15.921000
v -1990.110840 -24.333286 -15.951242
v -1992.370850 -26.272610 -15.486863
v -1991.173828 -26.272608 -13.884609
v -1989.710693 -27.903101 -14.977640
v -1991.084595 -30.577707 -15.239991
v -1815.690918 1.577928 -16.398973
v -1815.350586 -2.767886 -13.842463
v -1813.317383 -3.006398 -15.607477
v -1815.086426 -3.280520 -17.636019
v -1815.855957 -7.431888 -16.257921
v -1815.878906 -15.754643 -15.844842
v -1815.619507 -22.243660 -15.036476
v -1818.723022 -18.903637 -14.922761
v -1815.793457 -18.368885 -13.716737
v -1817.487671 -20.171776 -17.782822
v -1815.637085 -22.112431 -15.063484
v -1816.617676 -24.051754 -12.975014
v -1814.617676 -24.051752 -12.975014
v -1814.617676 -25.682243 -14.801323
v -1815.650024 -28.356852 -13.857681
v -1815.813721 -7.170470 -16.217318
v -1814.216675 -11.772216 -16.932680
v -1815.958374 -11.874922 -17.914446
v -1816.941528 -11.692964 -16.175112
v -1815.886719 -15.842926 -15.834466
v -1878.798950 15.011064 -16.398979
v -1878.458496 10.665250 -13.842471
v -1876.425415 10.426741 -15.607482
v -1878.194458 10.152617 -17.636019
v -1878.963989 6.001250 -16.257917
v -1878.986816 -2.321508 -15.844843
v -1878.727539 -8.810523 -15.036485
v -1881.830933 -5.470500 -14.922762
v -1878.901489 -4.935747 -13.716734
v -1880.595703 -6.738640 -17.782824
v -1878.745117 -8.679294 -15.063485
v -1879.725586 -10.618616 -12.975022
v -1877.725586 -10.618616 -12.975015
v -1877.725586 -12.249109 -14.801324
v -1878.758057 -14.923716 -13.857678
v -1878.921753 6.262667 -16.217318
v -1877.324707 1.660920 -16.932688
v -1879.066406 1.558214 -17.914442
v -1880.049438 1.740172 -16.175123
v -1878.994751 -2.409788 -15.834463
v -1936.601685 11.131965 -16.398987
v -1936.261353 6.786154 -13.842473
v -1934.228149 6.547640 -15.607490
v -1935.997192 6.273520 -17.636024
v -1936.766724 2.122148 -16.257929
v -1936.789673 -6.200606 -15.844852
v -1936.530273 -12.689624 -15.036488
v -1939.633789 -9.349600 -14.922769
v -1936.704224 -8.814848 -13.716733
v -1938.398438 -10.617738 -17.782829
v -1936.547852 -12.558393 -15.063489
v -1937.528320 -14.497716 -12.975026
v -1935.528320 -14.497716 -12.975026
v -1935.528320 -16.128208 -14.801326
v -1936.560791 -18.802814 -13.857686
v -1936.724487 2.383566 -16.217327
v -1935.127441 -2.218178 -16.932692
v -1936.869141 -2.320884 -17.914450
v -1937.852173 -2.138928 -16.175129
v -1936.797485 -6.288890 -15.834465
v -1905.206909 0.744962 -20.026503
v -1907.524902 -2.996784 -18.445383
v -1905.207886 -2.626006 -17.081419
v -1903.842285 -3.914028 -19.313780
v -1905.392944 -8.093348 -19.144560
v -1905.791992 -16.164282 -18.122845
v -1906.477051 -22.273598 -16.919762
v -1907.565552 -20.295322 -20.124504
v -1907.784180 -18.382923 -17.100292
v -1904.461670 -21.414295 -19.723206
v -1906.457031 -22.156677 -16.958790
v -1908.748291 -24.167488 -17.009266
v -1908.116333 -23.332485 -15.158222
v -1906.383545 -25.176943 -15.541752
v -1907.605103 -28.085855 -15.912216
v -1905.418091 -7.815054 -19.121714
v -1904.234741 -11.736724 -17.357843
v -1903.853638 -12.700577 -19.261126
v -1905.814453 -12.691690 -19.654932
v -1905.804443 -16.252247 -18.117229
v -1868.599609 4.691946 -17.972036
v -1870.917603 0.950200 -16.390921
v -1868.600586 1.320980 -15.026949
v -1867.234863 0.032956 -17.259317
v -1868.785522 -4.146362 -17.090094
v -1869.184692 -12.217296 -16.068380
v -1869.869751 -18.326612 -14.865296
v -1870.958252 -16.348337 -18.070038
v -1871.176880 -14.435938 -15.045827
v -1867.854370 -17.467310 -17.668743
v -1869.849609 -18.209692 -14.904321
v -1872.140991 -20.220503 -14.954801
v -1871.509033 -19.385500 -13.103761
v -1869.776245 -21.229961 -13.487287
v -1870.997803 -24.138870 -13.857746
v -1868.810791 -3.868068 -17.067247
v -1867.627441 -7.789738 -15.303381
v -1867.246216 -8.753588 -17.206659
v -1869.207153 -8.744706 -17.600466
v -1869.197021 -12.305262 -16.062765
v -1825.271606 10.365778 -15.380534
v -1827.589600 6.624028 -13.799417
v -1825.272583 6.994810 -12.435451
v -1823.906860 5.706784 -14.667819
v -1825.457520 1.527468 -14.498598
v -1825.856689 -6.543466 -13.476885
v -1826.541626 -12.652781 -12.273797
v -1827.630127 -10.674508 -15.478539
v -1827.848755 -8.762106 -12.454331
v -1824.526367 -11.793480 -15.077249
v -1826.521606 -12.535862 -12.312821
v -1828.812866 -14.546674 -12.363297
v -1828.181030 -13.711670 -10.512261
v -1826.448242 -15.556129 -10.895783
v -1827.669800 -18.465038 -11.266244
v -1825.482666 1.805762 -14.475748
v -1824.299438 -2.115907 -12.711885
v -1823.918213 -3.079760 -14.615152
v -1825.879028 -3.070876 -15.008959
v -1825.869019 -6.631433 -13.471262
v -1853.445068 -12.468783 -18.517023
v -1851.848022 -17.070530 -19.232391
v -1853.589722 -17.173239 -20.214142
v -1854.572876 -16.991280 -18.474823
v -1853.518066 -21.141239 -18.134163
v -1853.510254 -21.052959 -18.144547
v -1855.119019 -25.470091 -20.082523
v -1856.354370 -24.201950 -17.222466
v -1853.424805 -23.667198 -16.016434
v -1853.250854 -27.541975 -17.336189
v -1853.268433 -27.410746 -17.363190
v -1854.249023 -29.350067 -15.274727
v -1852.249023 -29.350067 -15.274727
v -1852.249023 -30.980560 -17.101028
v -1853.281372 -33.655167 -16.157379
v -1832.384033 2.536852 -18.459360
v -1830.786987 -2.064894 -19.174723
v -1832.528687 -2.167600 -20.156481
v -1833.511841 -1.985644 -18.417154
v -1832.457153 -6.135604 -18.076502
v -1832.449219 -6.047324 -18.086885
v -1834.057983 -10.464455 -20.024866
v -1835.293335 -9.196314 -17.164804
v -1832.363770 -8.661562 -15.958772
v -1832.189819 -12.536340 -17.278521
v -1832.207397 -12.405109 -17.305521
v -1833.187988 -14.344432 -15.217057
v -1831.187988 -14.344432 -15.217057
v -1831.187988 -15.974924 -17.043365
v -1832.220459 -18.649532 -16.099716
v -1889.985229 20.346174 -15.952549
v -1888.388184 15.744428 -16.667919
v -1890.129883 15.641721 -17.649673
v -1891.113037 15.823682 -15.910354
v -1890.058350 11.673720 -15.569690
v -1890.050415 11.762002 -15.580073
v -1891.659180 7.344871 -17.518049
v -1892.894531 8.613008 -14.657989
v -1889.965088 9.147760 -13.451957
v -1889.791016 5.272986 -14.771708
v -1889.808594 5.404215 -14.798713
v -1890.789185 3.464893 -12.710249
v -1888.789185 3.464893 -12.710249
v -1888.789185 1.834402 -14.536551
v -1889.821655 -0.840206 -13.592905
v -1923.530884 -4.003298 -17.389702
v -1921.933838 -8.605044 -18.105062
v -1923.675537 -8.707750 -19.086824
v -1924.658569 -8.525794 -17.347500
v -1923.603882 -12.675752 -17.006838
v -1923.595947 -12.587474 -17.017225
v -1925.204834 -17.004604 -18.955200
v -1926.440063 -15.736464 -16.095140
v -1923.510620 -15.201712 -14.889108
v -1923.336548 -19.076488 -16.208858
v -1923.354126 -18.945259 -16.235863
v -1924.334717 -20.884583 -14.147400
v -1922.334717 -20.884581 -14.147400
v -1922.334717 -22.515072 -15.973701
v -1923.367188 -25.189680 -15.030056
v -1959.257446 -1.523270 -18.747349
v -1957.728516 -6.125016 -17.896044
v -1957.984375 -6.227722 -19.878944
v -1959.966187 -6.045766 -19.625559
v -1959.607788 -10.195725 -18.576714
v -1959.594849 -10.107444 -18.576611
v -1959.005127 -14.524577 -21.025328
v -1962.035645 -13.256438 -20.303246
v -1961.248535 -12.721685 -17.234539
v -1960.087158 -16.596458 -17.885008
v -1960.076050 -16.465231 -17.915251
v -1962.336060 -18.404552 -17.450872
v -1961.139038 -18.404552 -15.848619
v -1959.675903 -20.035046 -16.941648
v -1961.049805 -22.709652 -17.203999
v -1973.524292 10.066744 -18.074316
v -1975.842285 6.324994 -16.493198
v -1973.525269 6.695776 -15.129235
v -1972.159546 5.407750 -17.361599
v -1973.710205 1.228434 -17.192375
v -1974.109375 -6.842500 -16.170662
v -1974.794312 -12.951816 -14.967576
v -1975.882812 -10.973542 -18.172321
v -1976.101440 -9.061139 -15.148107
v -1972.779053 -12.092514 -17.771025
v -1974.774292 -12.834896 -15.006604
v -1977.065552 -14.845708 -15.057082
v -1976.433716 -14.010704 -13.206038
v -1974.700928 -15.855164 -13.589569
v -1975.922485 -18.764074 -13.960030
v -1973.735352 1.506726 -17.169525
v -1972.552002 -2.414942 -15.405661
v -1972.170898 -3.378794 -17.308941
v -1974.131714 -3.369910 -17.702745
v -1974.121704 -6.930468 -16.165047
v -1885.945312 -14.813432 -17.229855
v -1884.416382 -19.415176 -16.378551
v -1884.672241 -19.517883 -18.361454
v -1886.654053 -19.335926 -18.108067
v -1886.295776 -23.485886 -17.059223
v -1886.282715 -23.397606 -17.059120
v -1885.692993 -27.814737 -19.507832
v -1888.723511 -26.546597 -18.785755
v -1887.936401 -26.011845 -15.717045
v -1886.775024 -29.886621 -16.367516
v -1886.763916 -29.755392 -16.397758
v -1889.023926 -31.694714 -15.933380
v -1887.826904 -31.694714 -14.331123
v -1886.363770 -33.325211 -15.424156
v -1887.737671 -35.999813 -15.686511
v -2189.294922 -9.391326 -16.783340
v -2187.765869 -13.993070 -15.932035
v -2188.021729 -14.095778 -17.914936
v -2190.003662 -13.913819 -17.661551
v -2189.645264 -18.063782 -16.612705
v -2189.632324 -17.975498 -16.612602
v -2189.042480 -22.392632 -19.061319
v -2192.073242 -21.124493 -18.339235
v -2191.286133 -20.589743 -15.270528
v -2190.124512 -24.464516 -15.921000
v -2190.113525 -24.333286 -15.951242
v -2192.373535 -26.272610 -15.486863
v -2191.176514 -26.272608 -13.884609
v -2189.713379 -27.903101 -14.977640
v -2191.087402 -30.577707 -15.239991
v -2015.693604 1.577928 -16.398973
v -2015.353271 -2.767886 -13.842463
v -2013.320068 -3.006398 -15.607477
v -2015.089111 -3.280520 -17.636019
v -2015.858643 -7.431888 -16.257921
v -2015.881592 -15.754643 -15.844842
v -2015.622192 -22.243660 -15.036476
v -2018.725708 -18.903637 -14.922761
v -2015.796143 -18.368885 -13.716737
v -2017.490356 -20.171776 -17.782822
v -2015.639771 -22.112431 -15.063484
v -2016.620361 -24.051754 -12.975014
v -2014.620361 -24.051752 -12.975014
v -2014.620361 -25.682243 -14.801323
v -2015.652710 -28.356852 -13.857681
v -2015.816406 -7.170470 -16.217318
v -2014.219360 -11.772216 -16.932680
v -2015.961060 -11.874922 -17.914446
v -2016.944214 -11.692964 -16.175112
v -2015.889404 -15.842926 -15.834466
v -2078.801758 15.011064 -16.398979
v -2078.461182 10.665250 -13.842471
v -2076.428223 10.426741 -15.607482
v -2078.197266 10.152617 -17.636019
v -2078.966797 6.001250 -16.257917
v -2078.989502 -2.321508 -15.844843
v -2078.730225 -8.810523 -15.036485
v -2081.833496 -5.470500 -14.922762
v -2078.904297 -4.935747 -13.716734
v -2080.598389 -6.738640 -17.782824
v -2078.747803 -8.679294 -15.063485
v -2079.728271 -10.618616 -12.975022
v -2077.728271 -10.618616 -12.975015
v -2077.728271 -12.249109 -14.801324
v -2078.760742 -14.923716 -13.857678
v -2078.924316 6.262667 -16.217318
v -2077.327393 1.660920 -16.932688
v -2079.069092 1.558214 -17.914442
v -2080.052246 1.740172 -16.175123
v -2078.997559 -2.409788 -15.834463
v -2136.604492 11.131965 -16.398987
v -2136.264160 6.786154 -13.842473
v -2134.230957 6.547640 -15.607490
v -2136.000000 6.273520 -17.636024
v -2136.769531 2.122148 -16.257929
v -2136.792480 -6.200606 -15.844852
v -2136.532959 -12.689624 -15.036488
v -2139.636475 -9.349600 -14.922769
v -2136.707031 -8.814848 -13.716733
v -2138.401123 -10.617738 -17.782829
v -2136.550537 -12.558393 -15.063489
v -2137.531006 -14.497716 -12.975026
v -2135.531006 -14.497716 -12.975026
v -2135.531006 -16.128208 -14.801326
v -2136.563477 -18.802814 -13.857686
v -2136.727051 2.383566 -16.217327
v -2135.130127 -2.218178 -16.932692
v -2136.871826 -2.320884 -17.914450
v -2137.854980 -2.138928 -16.175129
v -2136.800293 -6.288890 -15.834465
v -2105.209473 0.744962 -20.026503
v -2107.527588 -2.996784 -18.445383
v -2105.210449 -2.626006 -17.081419
v -2103.844971 -3.914028 -19.313780
v -2105.395508 -8.093348 -19.144560
v -2105.794678 -16.164282 -18.122845
v -2106.479736 -22.273598 -16.919762
v -2107.568359 -20.295322 -20.124504
v -2107.786865 -18.382923 -17.100292
v -2104.464355 -21.414295 -19.723206
v -2106.459717 -22.156677 -16.958790
v -2108.750977 -24.167488 -17.009266
v -2108.119141 -23.332485 -15.158222
v -2106.386230 -25.176943 -15.541752
v -2107.607910 -28.085855 -15.912216
v -2105.420898 -7.815054 -19.121714
v -2104.237305 -11.736724 -17.357843
v -2103.856445 -12.700577 -19.261126
v -2105.817139 -12.691690 -19.654932
v -2105.807129 -16.252247 -18.117229
v -2068.602295 4.691946 -17.972036
v -2070.920410 0.950200 -16.390921
v -2068.603271 1.320980 -15.026949
v -2067.237549 0.032956 -17.259317
v -2068.788086 -4.146362 -17.090094
v -2069.187500 -12.217296 -16.068380
v -2069.872559 -18.326612 -14.865296
v -2070.960938 -16.348337 -18.070038
v -2071.179688 -14.435938 -15.045827
v -2067.856934 -17.467310 -17.668743
v -2069.852295 -18.209692 -14.904321
v -2072.143555 -20.220503 -14.954801
v -2071.511719 -19.385500 -13.103761
v -2069.778809 -21.229961 -13.487287
v -2071.000488 -24.138870 -13.857746
v -2068.813477 -3.868068 -17.067247
v -2067.630127 -7.789738 -15.303381
v -2067.249023 -8.753588 -17.206659
v -2069.209961 -8.744706 -17.600466
v -2069.199707 -12.305262 -16.062765
v -2025.274292 10.365778 -15.380534
v -2027.592285 6.624028 -13.799417
v -2025.275269 6.994810 -12.435451
v -2023.909546 5.706784 -14.667819
v -2025.460205 1.527468 -14.498598
v -2025.859375 -6.543466 -13.476885
v -2026.544312 -12.652781 -12.273797
v -2027.632812 -10.674508 -15.478539
v -2027.851440 -8.762106 -12.454331
v -2024.529053 -11.793480 -15.077249
v -2026.524292 -12.535862 -12.312821
v -2028.815552 -14.546674 -12.363297
v -2028.183716 -13.711670 -10.512261
v -2026.450928 -15.556129 -10.895783
v -2027.672485 -18.465038 -11.266244
v -2025.485352 1.805762 -14.475748
v -2024.302124 -2.115907 -12.711885
v -2023.920898 -3.079760 -14.615152
v -2025.881714 -3.070876 -15.008959
v -2025.871704 -6.631433 -13.471262
v -2053.447754 -12.468783 -18.517023
v -2051.850586 -17.070530 -19.232391
v -2053.592285 -17.173239 -20.214142
v -2054.575684 -16.991280 -18.474823
v -2053.520752 -21.141239 -18.134163
v -2053.512939 -21.052959 -18.144547
v -2055.121582 -25.470091 -20.082523
v -2056.356934 -24.201950 -17.222466
v -2053.427490 -23.667198 -16.016434
v -2053.253418 -27.541975 -17.336189
v -2053.270996 -27.410746 -17.363190
v -2054.251709 -29.350067 -15.274727
v -2052.251709 -29.350067 -15.274727
v -2052.251709 -30.980560 -17.101028
v -2053.284180 -33.655167 -16.157379
v -2032.386719 2.536852 -18.459360
v -2030.789673 -2.064894 -19.174723
v -2032.531372 -2.167600 -20.156481
v -2033.514526 -1.985644 -18.417154
v -2032.459839 -6.135604 -18.076502
v -2032.451904 -6.047324 -18.086885
v -2034.060669 -10.464455 -20.024866
v -2035.296021 -9.196314 -17.164804
v -2032.366455 -8.661562 -15.958772
v -2032.192505 -12.536340 -17.278521
v -2032.210083 -12.405109 -17.305521
v -2033.190674 -14.344432 -15.217057
v -2031.190674 -14.344432 -15.217057
v -2031.190674 -15.974924 -17.043365
v -2032.223145 -18.649532 -16.099716
v -2089.987793 20.346174 -15.952549
v -2088.390869 15.744428 -16.667919
v -2090.132568 15.641721 -17.649673
v -2091.115723 15.823682 -15.910354
v -2090.061035 11.673720 -15.569690
v -2090.053223 11.762002 -15.580073
v -2091.661865 7.344871 -17.518049
v -2092.897217 8.613008 -14.657989
v -2089.967773 9.147760 -13.451957
v -2089.793701 5.272986 -14.771708
v -2089.811279 5.404215 -14.798713
v -2090.791992 3.464893 -12.710249
v -2088.791992 3.464893 -12.710249
v -2088.791992 1.834402 -14.536551
v -2089.824219 -0.840206 -13.592905
v -2123.533691 -4.003298 -17.389702
v -2121.936523 -8.605044 -18.105062
v -2123.678223 -8.707750 -19.086824
v -2124.661133 -8.525794 -17.347500
v -2123.606445 -12.675752 -17.006838
v -2123.598633 -12.587474 -17.017225
v -2125.207520 -17.004604 -18.955200
v -2126.442871 -15.736464 -16.095140
v -2123.513184 -15.201712 -14.889108
v -2123.339355 -19.076488 -16.208858
v -2123.356934 -18.945259 -16.235863
v -2124.337402 -20.884583 -14.147400
v -2122.337402 -20.884581 -14.147400
v -2122.337402 -22.515072 -15.973701
v -2123.369873 -25.189680 -15.030056
v -2159.260010 -1.523270 -18.747349
v -2157.731201 -6.125016 -17.896044
v -2157.987061 -6.227722 -19.878944
v -2159.968750 -6.045766 -19.625559
v -2159.610596 -10.195725 -18.576714
v -2159.597412 -10.107444 -18.576611
v -2159.007812 -14.524577 -21.025328
v -2162.038330 -13.256438 -20.303246
v -2161.251221 -12.721685 -17.234539
v -2160.089844 -16.596458 -17.885008
v -2160.078857 -16.465231 -17.915251
v -2162.338623 -18.404552 -17.450872
v -2161.141846 -18.404552 -15.848619
v -2159.678711 -20.035046 -16.941648
v -2161.052490 -22.709652 -17.203999
v -2173.526855 10.066744 -18.074316
v -2175.844971 6.324994 -16.493198
v -2173.527832 6.695776 -15.129235
v -2172.162354 5.407750 -17.361599
v -2173.712891 1.228434 -17.192375
v -2174.112061 -6.842500 -16.170662
v -2174.797119 -12.951816 -14.967576
v -2175.885498 -10.973542 -18.172321
v -2176.104248 -9.061139 -15.148107
v -2172.781738 -12.092514 -17.771025
v -2174.777100 -12.834896 -15.006604
v -2177.068359 -14.845708 -15.057082
v -2176.436279 -14.010704 -13.206038
v -2174.703613 -15.855164 -13.589569
v -2175.925049 -18.764074 -13.960030
v -2173.738037 1.506726 -17.169525
v -2172.554688 -2.414942 -15.405661
v -2172.173584 -3.378794 -17.308941
v -2174.134521 -3.369910 -17.702745
v -2174.124512 -6.930468 -16.165047
v -2085.947998 -14.813432 -17.229855
v -2084.418945 -19.415176 -16.378551
v -2084.674805 -19.517883 -18.361454
v -2086.656738 -19.335926 -18.108067
v -2086.298340 -23.485886 -17.059223
v -2086.285400 -23.397606 -17.059120
v -2085.695801 -27.814737 -19.507832
v -2088.726074 -26.546597 -18.785755
v -2087.938965 -26.011845 -15.717045
v -2086.777832 -29.886621 -16.367516
v -2086.766602 -29.755392 -16.397758
v -2089.026611 -31.694714 -15.933380
v -2087.829590 -31.694714 -14.331123
v -2086.366455 -33.325211 -15.424156
v -2087.740234 -35.999813 -15.686511
v -2389.297363 -9.391326 -16.783340
v -2387.768555 -13.993070 -15.932035
v -2388.024414 -14.095778 -17.914936
v -2390.006104 -13.913819 -17.661551
v -2389.647949 -18.063782 -16.612705
v -2389.634766 -17.975498 -16.612602
v -2389.045166 -22.392632 -19.061319
v -2392.075684 -21.124493 -18.339235
v -2391.288574 -20.589743 -15.270528
v -2390.127197 -24.464516 -15.921000
v -2390.115967 -24.333286 -15.951242
v -2392.375977 -26.272610 -15.486863
v -2391.178955 -26.272608 -13.884609
v -2389.716064 -27.903101 -14.977640
v -2391.089844 -30.577707 -15.239991
v -2215.696289 1.577928 -16.398973
v -2215.355713 -2.767886 -13.842463
v -2213.322754 -3.006398 -15.607477
v -2215.091797 -3.280520 -17.636019
v -2215.861328 -7.431888 -16.257921
v -2215.884033 -15.754643 -15.844842
v -2215.624756 -22.243660 -15.036476
v -2218.728271 -18.903637 -14.922761
v -2215.798828 -18.368885 -13.716737
v -2217.492920 -20.171776 -17.782822
v -2215.642334 -22.112431 -15.063484
v -2216.622803 -24.051754 -12.975014
v -2214.622803 -24.051752 -12.975014
v -2214.622803 -25.682243 -14.801323
v -2215.655273 -28.356852 -13.857681
v -2215.819092 -7.170470 -16.217318
v -2214.221924 -11.772216 -16.932680
v -2215.963623 -11.874922 -17.914446
v -2216.946777 -11.692964 -16.175112
v -2215.892090 -15.842926 -15.834466
v -2278.804199 15.011064 -16.398979
v -2278.463867 10.665250 -13.842471
v -2276.430664 10.426741 -15.607482
v -2278.199707 10.152617 -17.636019
v -2278.969238 6.001250 -16.257917
v -2278.992188 -2.321508 -15.844843
v -2278.732666 -8.810523 -15.036485
v -2281.836182 -5.470500 -14.922762
v -2278.906738 -4.935747 -13.716734
v -2280.600830 -6.738640 -17.782824
v -2278.750244 -8.679294 -15.063485
v -2279.730957 -10.618616 -12.975022
v -2277.730957 -10.618616 -12.975015
v -2277.730957 -12.249109 -14.801324
v -2278.763428 -14.923716 -13.857678
v -2278.927002 6.262667 -16.217318
v -2277.329834 1.660920 -16.932688
v -2279.071533 1.558214 -17.914442
v -2280.054688 1.740172 -16.175123
v -2279.000000 -2.409788 -15.834463
v -2336.606934 11.131965 -16.398987
v -2336.266602 6.786154 -13.842473
v -2334.233398 6.547640 -15.607490
v -2336.002441 6.273520 -17.636024
v -2336.771973 2.122148 -16.257929
v -2336.794922 -6.200606 -15.844852
v -2336.535400 -12.689624 -15.036488
v -2339.638916 -9.349600 -14.922769
v -2336.709473 -8.814848 -13.716733
v -2338.403564 -10.617738 -17.782829
v -2336.552979 -12.558393 -15.063489
v -2337.533691 -14.497716 -12.975026
v -2335.533691 -14.497716 -12.975026
v -2335.533691 -16.128208 -14.801326
v -2336.566162 -18.802814 -13.857686
v -2336.729736 2.383566 -16.217327
v -2335.132568 -2.218178 -16.932692
v -2336.874268 -2.320884 -17.914450
v -2337.857422 -2.138928 -16.175129
v -2336.802734 -6.288890 -15.834465
v -2305.212158 0.744962 -20.026503
v -2307.530273 -2.996784 -18.445383
v -2305.213135 -2.626006 -17.081419
v -2303.847412 -3.914028 -19.313780
v -2305.398193 -8.093348 -19.144560
v -2305.797363 -16.164282 -18.122845
v -2306.482178 -22.273598 -16.919762
v -2307.570801 -20.295322 -20.124504
v -2307.789307 -18.382923 -17.100292
v -2304.466797 -21.414295 -19.723206
v -2306.462158 -22.156677 -16.958790
v -2308.753418 -24.167488 -17.009266
v -2308.121582 -23.332485 -15.158222
v -2306.388916 -25.176943 -15.541752
v -2307.610352 -28.085855 -15.912216
v -2305.423340 -7.815054 -19.121714
v -2304.239990 -11.736724 -17.357843
v -2303.858887 -12.700577 -19.261126
v -2305.819580 -12.691690 -19.654932
v -2305.809570 -16.252247 -18.117229
v -2268.604736 4.691946 -17.972036
v -2270.922852 0.950200 -16.390921
v -2268.605957 1.320980 -15.026949
v -2267.240234 0.032956 -17.259317
v -2268.790771 -4.146362 -17.090094
v -2269.189941 -12.217296 -16.068380
v -2269.875000 -18.326612 -14.865296
v -2270.963379 -16.348337 -18.070038
v -2271.182129 -14.435938 -15.045827
v -2267.859619 -17.467310 -17.668743
v -2269.854980 -18.209692 -14.904321
v -2272.146240 -20.220503 -14.954801
v -2271.514160 -19.385500 -13.103761
v -2269.781494 -21.229961 -13.487287
v -2271.002930 -24.138870 -13.857746
v -2268.815918 -3.868068 -17.067247
v -2267.632568 -7.789738 -15.303381
v -2267.251465 -8.753588 -17.206659
v -2269.212402 -8.744706 -17.600466
v -2269.202393 -12.305262 -16.062765
v -2225.276855 10.365778 -15.380534
v -2227.594727 6.624028 -13.799417
v -2225.277832 6.994810 -12.435451
v -2223.912109 5.706784 -14.667819
v -2225.462891 1.527468 -14.498598
v -2225.861816 -6.543466 -13.476885
v -2226.546875 -12.652781 -12.273797
v -2227.635498 -10.674508 -15.478539
v -2227.854004 -8.762106 -12.454331
v -2224.531494 -11.793480 -15.077249
v -2226.526855 -12.535862 -12.312821
v -2228.818115 -14.546674 -12.363297
v -2228.186279 -13.711670 -10.512261
v -2226.453613 -15.556129 -10.895783
v -2227.675049 -18.465038 -11.266244
v -2225.488037 1.805762 -14.475748
v -2224.304688 -2.115907 -12.711885
v -2223.923584 -3.079760 -14.615152
v -2225.884277 -3.070876 -15.008959
v -2225.874268 -6.631433 -13.471262
v -2253.450439 -12.468783 -18.517023
v -2251.853271 -17.070530 -19.232391
v -2253.594971 -17.173239 -20.214142
v -2254.578125 -16.991280 -18.474823
v -2253.523438 -21.141239 -18.134163
v -2253.515381 -21.052959 -18.144547
v -2255.124268 -25.470091 -20.082523
v -2256.359619 -24.201950 -17.222466
v -2253.430176 -23.667198 -16.016434
v -2253.256104 -27.541975 -17.336189
v -2253.273682 -27.410746 -17.363190
v -2254.254150 -29.350067 -15.274727
v -2252.254150 -29.350067 -15.274727
v -2252.254150 -30.980560 -17.101028
v -2253.286621 -33.655167 -16.157379
v -2232.389404 2.536852 -18.459360
v -2230.792236 -2.064894 -19.174723
v -2232.533936 -2.167600 -20.156481
v -2233.517090 -1.985644 -18.417154
v -2232.462402 -6.135604 -18.076502
v -2232.454590 -6.047324 -18.086885
v -2234.063232 -10.464455 -20.024866
v -2235.298584 -9.196314 -17.164804
v -2232.369141 -8.661562 -15.958772
v -2232.195068 -12.536340 -17.278521
v -2232.212646 -12.405109 -17.305521
v -2233.193115 -14.344432 -15.217057
v -2231.193115 -14.344432 -15.217057
v -2231.193115 -15.974924 -17.043365
v -2232.225586 -18.649532 -16.099716
v -2289.990479 20.346174 -15.952549
v -2288.393555 15.744428 -16.667919
v -2290.135254 15.641721 -17.649673
v -2291.118164 15.823682 -15.910354
v -2290.063477 11.673720 -15.569690
v -2290.055664 11.762002 -15.580073
v -2291.664551 7.344871 -17.518049
v -2292.899902 8.613008 -14.657989
v -2289.970215 9.147760 -13.451957
v -2289.796387 5.272986 -14.771708
v -2289.813965 5.404215 -14.798713
v -2290.794434 3.464893 -12.710249
v -2288.794434 3.464893 -12.710249
v -2288.794434 1.834402 -14.536551
v -2289.826904 -0.840206 -13.592905
v -2323.536133 -4.003298 -17.389702
v -2321.938965 -8.605044 -18.105062
v -2323.680664 -8.707750 -19.086824
v -2324.663818 -8.525794 -17.347500
v -2323.609131 -12.675752 -17.006838
v -2323.601318 -12.587474 -17.017225
v -2325.209961 -17.004604 -18.955200
v -2326.445312 -15.736464 -16.095140
v -2323.515869 -15.201712 -14.889108
v -2323.341797 -19.076488 -16.208858
v -2323.359375 -18.945259 -16.235863
v -2324.340088 -20.884583 -14.147400
v -2322.340088 -20.884581 -14.147400
v -2322.340088 -22.515072 -15.973701
v -2323.372314 -25.189680 -15.030056
v -2359.262695 -1.523270 -18.747349
v -2357.733643 -6.125016 -17.896044
v -2357.989746 -6.227722 -19.878944
v -2359.971436 -6.045766 -19.625559
v -2359.613037 -10.195725 -18.576714
v -2359.600098 -10.107444 -18.576611
v -2359.010254 -14.524577 -21.025328
v -2362.041016 -13.256438 -20.303246
v -2361.253906 -12.721685 -17.234539
v -2360.092529 -16.596458 -17.885008
v -2360.081299 -16.465231 -17.915251
v -2362.341309 -18.404552 -17.450872
v -2361.144287 -18.404552 -15.848619
v -2359.681152 -20.035046 -16.941648
v -2361.055176 -22.709652 -17.203999
v -2373.529541 10.066744 -18.074316
v -2375.847412 6.324994 -16.493198
v -2373.530518 6.695776 -15.129235
v -2372.164795 5.407750 -17.361599
v -2373.715576 1.228434 -17.192375
v -2374.114502 -6.842500 -16.170662
v -2374.799561 -12.951816 -14.967576
v -2375.888184 -10.973542 -18.172321
v -2376.106689 -9.061139 -15.148107
v -2372.784180 -12.092514 -17.771025
v -2374.779541 -12.834896 -15.006604
v -2377.070801 -14.845708 -15.057082
v -2376.438965 -14.010704 -13.206038
v -2374.706055 -15.855164 -13.589569
v -2375.927734 -18.764074 -13.960030
v -2373.740723 1.506726 -17.169525
v -2372.557373 -2.414942 -15.405661
v -2372.176270 -3.378794 -17.308941
v -2374.136963 -3.369910 -17.702745
v -2374.126953 -6.930468 -16.165047
v -2285.950439 -14.813432 -17.229855
v -2284.421631 -19.415176 -16.378551
v -2284.677490 -19.517883 -18.361454
v -2286.659180 -19.335926 -18.108067
v -2286.301025 -23.485886 -17.059223
v -2286.287842 -23.397606 -17.059120
v -2285.698242 -27.814737 -19.507832
v -2288.728760 -26.546597 -18.785755
v -2287.941650 -26.011845 -15.717045
v -2286.780273 -29.886621 -16.367516
v -2286.769287 -29.755392 -16.397758
v -2289.029053 -31.694714 -15.933380
v -2287.832275 -31.694714 -14.331123
v -2286.369141 -33.325211 -15.424156
v -2287.742920 -35.999813 -15.686511
v -2589.300049 -9.391326 -16.783340
v -2587.771240 -13.993070 -15.932035
v -2588.027100 -14.095778 -17.914936
v -2590.008789 -13.913819 -17.661551
v -2589.650635 -18.063782 -16.612705
v -2589.637451 -17.975498 -16.612602
v -2589.047852 -22.392632 -19.061319
v -2592.078369 -21.124493 -18.339235
v -2591.291260 -20.589743 -15.270528
v -2590.129883 -24.464516 -15.921000
v -2590.118652 -24.333286 -15.951242
v -2592.378662 -26.272610 -15.486863
v -2591.181641 -26.272608 -13.884609
v -2589.718750 -27.903101 -14.977640
v -2591.092529 -30.577707 -15.239991
v -2415.698975 1.577928 -16.398973
v -2415.358398 -2.767886 -13.842463
v -2413.325439 -3.006398 -15.607477
v -2415.094482 -3.280520 -17.636019
v -2415.864014 -7.431888 -16.257921
v -2415.886719 -15.754643 -15.844842
v -2415.627441 -22.243660 -15.036476
v -2418.730957 -18.903637 -14.922761
v -2415.801514 -18.368885 -13.716737
v -2417.495605 -20.171776 -17.782822
v -2415.645020 -22.112431 -15.063484
v -2416.625488 -24.051754 -12.975014
v -2414.625488 -24.051752 -12.975014
v -2414.625488 -25.682243 -14.801323
v -2415.657959 -28.356852 -13.857681
v -2415.821777 -7.170470 -16.217318
v -2414.224609 -11.772216 -16.932680
v -2415.966309 -11.874922 -17.914446
v -2416.949463 -11.692964 -16.175112
v -2415.894775 -15.842926 -15.834466
v -2478.806885 15.011064 -16.398979
v -2478.466553 10.665250 -13.842471
v -2476.433350 10.426741 -15.607482
v -2478.202393 10.152617 -17.636019
v -2478.971924 6.001250 -16.257917
v -2478.994873 -2.321508 -15.844843
v -2478.735352 -8.810523 -15.036485
v -2481.838867 -5.470500 -14.922762
v -2478.909424 -4.935747 -13.716734
v -2480.603516 -6.738640 -17.782824
v -2478.752930 -8.679294 -15.063485
v -2479.733643 -10.618616 -12.975022
v -2477.733643 -10.618616 -12.975015
v -2477.733643 -12.249109 -14.801324
v -2478.766113 -14.923716 -13.857678
v -2478.929688 6.262667 -16.217318
v -2477.332520 1.660920 -16.932688
v -2479.074219 1.558214 -17.914442
v -2480.057373 1.740172 -16.175123
v -2479.002686 -2.409788 -15.834463
v -2536.609619 11.131965 -16.398987
v -2536.269287 6.786154 -13.842473
v -2534.236084 6.547640 -15.607490
v -2536.005127 6.273520 -17.636024
v -2536.774658 2.122148 -16.257929
v -2536.797607 -6.200606 -15.844852
v -2536.538086 -12.689624 -15.036488
v -2539.641602 -9.349600 -14.922769
v -2536.712158 -8.814848 -13.716733
v -2538.406250 -10.617738 -17.782829
v -2536.555664 -12.558393 -15.063489
v -2537.536377 -14.497716 -12.975026
v -2535.536377 -14.497716 -12.975026
v -2535.536377 -16.128208 -14.801326
v -2536.568848 -18.802814 -13.857686
v -2536.732422 2.383566 -16.217327
v -2535.135254 -2.218178 -16.932692
v -2536.876953 -2.320884 -17.914450
v -2537.860107 -2.138928 -16.175129
v -2536.805420 -6.288890 -15.834465
v -2505.214844 0.744962 -20.026503
v -2507.532959 -2.996784 -18.445383
v -2505.215820 -2.626006 -17.081419
v -2503.850098 -3.914028 -19.313780
v -2505.400879 -8.093348 -19.144560
v -2505.800049 -16.164282 -18.122845
v -2506.484863 -22.273598 -16.919762
v -2507.573486 -20.295322 -20.124504
v -2507.791992 -18.382923 -17.100292
v -2504.469482 -21.414295 -19.723206
v -2506.464844 -22.156677 -16.958790
v -2508.756104 -24.167488 -17.009266
v -2508.124268 -23.332485 -15.158222
v -2506.391602 -25.176943 -15.541752
v -2507.613037 -28.085855 -15.912216
v -2505.426025 -7.815054 -19.121714
v -2504.242676 -11.736724 -17.357843
v -2503.861572 -12.700577 -19.261126
v -2505.822266 -12.691690 -19.654932
v -2505.812256 -16.252247 -18.117229
v -2468.607422 4.691946 -17.972036
v -2470.925537 0.950200 -16.390921
v -2468.608398 1.320980 -15.026949
v -2467.242920 0.032956 -17.259317
v -2468.793457 -4.146362 -17.090094
v -2469.192627 -12.217296 -16.068380
v -2469.877686 -18.326612 -14.865296
v -2470.966064 -16.348337 -18.070038
v -2471.184814 -14.435938 -15.045827
v -2467.862305 -17.467310 -17.668743
v -2469.857666 -18.209692 -14.904321
v -2472.148926 -20.220503 -14.954801
v -2471.516846 -19.385500 -13.103761
v -2469.784180 -21.229961 -13.487287
v -2471.005615 -24.138870 -13.857746
v -2468.818604 -3.868068 -17.067247
v -2467.635254 -7.789738 -15.303381
v -2467.254150 -8.753588 -17.206659
v -2469.215088 -8.744706 -17.600466
v -2469.205078 -12.305262 -16.062765
v -2425.279541 10.365778 -15.380534
v -2427.597412 6.624028 -13.799417
v -2425.280518 6.994810 -12.435451
v -2423.914795 5.706784 -14.667819
v -2425.465576 1.527468 -14.498598
v -2425.864502 -6.543466 -13.476885
v -2426.549561 -12.652781 -12.273797
v -2427.638184 -10.674508 -15.478539
v -2427.856689 -8.762106 -12.454331
v -2424.534180 -11.793480 -15.077249
v -2426.529541 -12.535862 -12.312821
v -2428.820801 -14.546674 -12.363297
v -2428.188965 -13.711670 -10.512261
v -2426.456299 -15.556129 -10.895783
v -2427.677734 -18.465038 -11.266244
v -2425.490723 1.805762 -14.475748
v -2424.307373 -2.115907 -12.711885
v -2423.926270 -3.079760 -14.615152
v -2425.886963 -3.070876 -15.008959
v -2425.876953 -6.631433 -13.471262
v -2453.453125 -12.468783 -18.517023
v -2451.855957 -17.070530 -19.232391
v -2453.597656 -17.173239 -20.214142
v -2454.580811 -16.991280 -18.474823
v -2453.526123 -21.141239 -18.134163
v -2453.518066 -21.052959 -18.144547
v -2455.126953 -25.470091 -20.082523
v -2456.362305 -24.201950 -17.222466
v -2453.432861 -23.667198 -16.016434
v -2453.258789 -27.541975 -17.336189
v -2453.276367 -27.410746 -17.363190
v -2454.256836 -29.350067 -15.274727
v -2452.256836 -29.350067 -15.274727
v -2452.256836 -30.980560 -17.101028
v -2453.289307 -33.655167 -16.157379
v -2432.392090 2.536852 -18.459360
v -2430.794922 -2.064894 -19.174723
v -2432.536621 -2.167600 -20.156481
v -2433.519775 -1.985644 -18.417154
v -2432.465088 -6.135604 -18.076502
v -2432.457275 -6.047324 -18.086885
v -2434.065918 -10.464455 -20.024866
v -2435.301270 -9.196314 -17.164804
v -2432.371826 -8.661562 -15.958772
v -2432.197754 -12.536340 -17.278521
v -2432.215332 -12.405109 -17.305521
v -2433.195801 -14.344432 -15.217057
v -2431.195801 -14.344432 -15.217057
v -2431.195801 -15.974924 -17.043365
v -2432.228271 -18.649532 -16.099716
v -2489.993164 20.346174 -15.952549
v -2488.396240 15.744428 -16.667919
v -2490.137939 15.641721 -17.649673
v -2491.120850 15.823682 -15.910354
v -2490.066162 11.673720 -15.569690
v -2490.058350 11.762002 -15.580073
v -2491.667236 7.344871 -17.518049
v -2492.902588 8.613008 -14.657989
v -2489.972900 9.147760 -13.451957
v -2489.799072 5.272986 -14.771708
v -2489.816650 5.404215 -14.798713
v -2490.797119 3.464893 -12.710249
v -2488.797119 3.464893 -12.710249
v -2488.797119 1.834402 -14.536551
v -2489.829590 -0.840206 -13.592905
v -2523.538818 -4.003298 -17.389702
v -2521.941650 -8.605044 -18.105062
v -2523.683350 -8.707750 -19.086824
v -2524.666504 -8.525794 -17.347500
v -2523.611816 -12.675752 -17.006838
v -2523.604004 -12.587474 -17.017225
v -2525.212646 -17.004604 -18.955200
v -2526.447998 -15.736464 -16.095140
v -2523.518555 -15.201712 -14.889108
v -2523.344482 -19.076488 -16.208858
v -2523.362061 -18.945259 -16.235863
v -2524.342773 -20.884583 -14.147400
v -2522.342773 -20.884581 -14.147400
v -2522.342773 -22.515072 -15.973701
v -2523.375000 -25.189680 -15.030056
v -2559.265381 -1.523270 -18.747349
v -2557.736328 -6.125016 -17.896044
v -2557.992188 -6.227722 -19.878944
v -2559.974121 -6.045766 -19.625559
v -2559.615723 -10.195725 -18.576714
v -2559.602783 -10.107444 -18.576611
v -2559.012939 -14.524577 -21.025328
v -2562.043701 -13.256438 -20.303246
v -2561.256592 -12.721685 -17.234539
v -2560.095215 -16.596458 -17.885008
v -2560.083984 -16.465231 -17.915251
v -2562.343994 -18.404552 -17.450872
v -2561.146973 -18.404552 -15.848619
v -2559.683838 -20.035046 -16.941648
v -2561.057861 -22.709652 -17.203999
v -2573.532227 10.066744 -18.074316
v -2575.850098 6.324994 -16.493198
v -2573.533203 6.695776 -15.129235
v -2572.167480 5.407750 -17.361599
v -2573.718262 1.228434 -17.192375
v -2574.117188 -6.842500 -16.170662
v -2574.802246 -12.951816 -14.967576
v -2575.890869 -10.973542 -18.172321
v -2576.109375 -9.061139 -15.148107
v -2572.786865 -12.092514 -17.771025
v -2574.782227 -12.834896 -15.006604
v -2577.073486 -14.845708 -15.057082
v -2576.441650 -14.010704 -13.206038
v -2574.708984 -15.855164 -13.589569
v -2575.930420 -18.764074 -13.960030
v -2573.743408 1.506726 -17.169525
v -2572.560059 -2.414942 -15.405661
v -2572.178955 -3.378794 -17.308941
v -2574.139648 -3.369910 -17.702745
v -2574.129639 -6.930468 -16.165047
v -2485.953125 -14.813432 -17.229855
v -2484.424316 -19.415176 -16.378551
v -2484.680176 -19.517883 -18.361454
v -2486.661865 -19.335926 -18.108067
v -2486.303711 -23.485886 -17.059223
v -2486.290527 -23.397606 -17.059120
v -2485.700928 -27.814737 -19.507832
v -2488.731445 -26.546597 -18.785755
v -2487.944336 -26.011845 -15.717045
v -2486.782959 -29.886621 -16.367516
v -2486.771973 -29.755392 -16.397758
v -2489.031738 -31.694714 -15.933380
v -2487.834961 -31.694714 -14.331123
v -2486.371826 -33.325211 -15.424156
v -2487.745605 -35.999813 -15.686511
v -2789.302734 -9.391326 -16.783340
v -2787.773926 -13.993070 -15.932035
v -2788.029785 -14.095778 -17.914936
v -2790.011475 -13.913819 -17.661551
v -2789.653320 -18.063782 -16.612705
v -2789.640137 -17.975498 -16.612602
v -2789.050537 -22.392632 -19.061319
v -2792.081055 -21.124493 -18.339235
v -2791.293945 -20.589743 -15.270528
v -2790.132568 -24.464516 -15.921000
v -2790.121338 -24.333286 -15.951242
v -2792.381348 -26.272610 -15.486863
v -2791.184326 -26.272608 -13.884609
v -2789.721436 -27.903101 -14.977640
v -2791.095215 -30.577707 -15.239991
v -2615.701660 1.577928 -16.398973
v -2615.361084 -2.767886 -13.842463
v -2613.328125 -3.006398 -15.607477
v -2615.097168 -3.280520 -17.636019
v -2615.866699 -7.431888 -16.257921
v -2615.889404 -15.754643 -15.844842
v -2615.630127 -22.243660 -15.036476
v -2618.733643 -18.903637 -14.922761
v -2615.804199 -18.368885 -13.716737
v -2617.498291 -20.171776 -17.782822
v -2615.647705 -22.112431 -15.063484
v -2616.628174 -24.051754 -12.975014
v -2614.628174 -24.051752 -12.975014
v -2614.628174 -25.682243 -14.801323
v -2615.660645 -28.356852 -13.857681
v -2615.824463 -7.170470 -16.217318
v -2614.227295 -11.772216 -16.932680
v -2615.968994 -11.874922 -17.914446
v -2616.952148 -11.692964 -16.175112
v -2615.897461 -15.842926 -15.834466
v -2678.809570 15.011064 -16.398979
v -2678.469238 10.665250 -13.842471
v -2676.436035 10.426741 -15.607482
v -2678.205078 10.152617 -17.636019
v -2678.974609 6.001250 -16.257917
v -2678.997559 -2.321508 -15.844843
v -2678.738037 -8.810523 -15.036485
v -2681.841553 -5.470500 -14.922762
v -2678.912109 -4.935747 -13.716734
v -2680.606201 -6.738640 -17.782824
v -2678.755615 -8.679294 -15.063485
v -2679.736328 -10.618616 -12.975022
v -2677.736328 -10.618616 -12.975015
v -2677.736328 -12.249109 -14.801324
v -2678.768799 -14.923716 -13.857678
v -2678.932373 6.262667 -16.217318
v -2677.335205 1.660920 -16.932688
v -2679.076904 1.558214 -17.914442
v -2680.060059 1.740172 -16.175123
v -2679.005371 -2.409788 -15.834463
v -2736.612305 11.131965 -16.398987
v -2736.271973 6.786154 -13.842473
v -2734.238770 6.547640 -15.607490
v -2736.007812 6.273520 -17.636024
v -2736.777344 2.122148 -16.257929
v -2736.800293 -6.200606 -15.844852
v -2736.540771 -12.689624 -15.036488
v -2739.644287 -9.349600 -14.922769
v -2736.714844 -8.814848 -13.716733
v -2738.408936 -10.617738 -17.782829
v -2736.558350 -12.558393 -15.063489
v -2737.539062 -14.497716 -12.975026
v -2735.539062 -14.497716 -12.975026
v -2735.539062 -16.128208 -14.801326
v -2736.571533 -18.802814 -13.857686
v -2736.735107 2.383566 -16.217327
v -2735.137939 -2.218178 -16.932692
v -2736.879639 -2.320884 -17.914450
v -2737.862793 -2.138928 -16.175129
v -2736.808105 -6.288890 -15.834465
v -2705.217529 0.744962 -20.026503
v -2707.535645 -2.996784 -18.445383
v -2705.218506 -2.626006 -17.081419
v -2703.852783 -3.914028 -19.313780
v -2705.403564 -8.093348 -19.144560
v -2705.802734 -16.164282 -18.122845
v -2706.487549 -22.273598 -16.919762
v -2707.576172 -20.295322 -20.124504
v -2707.794678 -18.382923 -17.100292
v -2704.472168 -21.414295 -19.723206
v -2706.467529 -22.156677 -16.958790
v -2708.758789 -24.167488 -17.009266
v -2708.126953 -23.332485 -15.158222
v -2706.394287 -25.176943 -15.541752
v -2707.615723 -28.085855 -15.912216
v -2705.428711 -7.815054 -19.121714
v -2704.245361 -11.736724 -17.357843
v -2703.864258 -12.700577 -19.261126
v -2705.824951 -12.691690 -19.654932
v -2705.814941 -16.252247 -18.117229
v -2668.610107 4.691946 -17.972036
v -2670.928223 0.950200 -16.390921
v -2668.611328 1.320980 -15.026949
v -2667.245605 0.032956 -17.259317
v -2668.796143 -4.146362 -17.090094
v -2669.195312 -12.217296 -16.068380
v -2669.880371 -18.326612 -14.865296
v -2670.968750 -16.348337 -18.070038
v -2671.187500 -14.435938 -15.045827
v -2667.864990 -17.467310 -17.668743
v -2669.860352 -18.209692 -14.904321
v -2672.151611 -20.220503 -14.954801
v -2671.519531 -19.385500 -13.103761
v -2669.786865 -21.229961 -13.487287
v -2671.008301 -24.138870 -13.857746
v -2668.821289 -3.868068 -17.067247
v -2667.637939 -7.789738 -15.303381
v -2667.256836 -8.753588 -17.206659
v -2669.217773 -8.744706 -17.600466
v -2669.207764 -12.305262 -16.062765
v -2625.282227 10.365778 -15.380534
v -2627.600098 6.624028 -13.799417
v -2625.283203 6.994810 -12.435451
v -2623.917480 5.706784 -14.667819
v -2625.468262 1.527468 -14.498598
v -2625.867188 -6.543466 -13.476885
v -2626.552246 -12.652781 -12.273797
v -2627.640869 -10.674508 -15.478539
v -2627.859375 -8.762106 -12.454331
v -2624.536865 -11.793480 -15.077249
v -2626.532227 -12.535862 -12.312821
v -2628.823486 -14.546674 -12.363297
v -2628.191650 -13.711670 -10.512261
v -2626.458984 -15.556129 -10.895783
v -2627.680420 -18.465038 -11.266244
v -2625.493408 1.805762 -14.475748
v -2624.310059 -2.115907 -12.711885
v -2623.928955 -3.079760 -14.615152
v -2625.889648 -3.070876 -15.008959
v -2625.879639 -6.631433 -13.471262
v -2653.455811 -12.468783 -18.517023
v -2651.858643 -17.070530 -19.232391
v -2653.600342 -17.173239 -20.214142
v -2654.583496 -16.991280 -18.474823
v -2653.528809 -21.141239 -18.134163
v -2653.520752 -21.052959 -18.144547
v -2655.129639 -25.470091 -20.082523
v -2656.364990 -24.201950 -17.222466
v -2653.435547 -23.667198 -16.016434
v -2653.261475 -27.541975 -17.336189
v -2653.279053 -27.410746 -17.363190
v -2654.259521 -29.350067 -15.274727
v -2652.259521 -29.350067 -15.274727
v -2652.259521 -30.980560 -17.101028
v -2653.291992 -33.655167 -16.157379
v -2632.394775 2.536852 -18.459360
v -2630.797607 -2.064894 -19.174723
v -2632.539307 -2.167600 -20.156481
v -2633.522461 -1.985644 -18.417154
v -2632.467773 -6.135604 -18.076502
v -2632.459961 -6.047324 -18.086885
v -2634.068604 -10.464455 -20.024866
v -2635.303955 -9.196314 -17.164804
v -2632.374512 -8.661562 -15.958772
v -2632.200439 -12.536340 -17.278521
v -2632.218018 -12.405109 -17.305521
v -2633.198486 -14.344432 -15.217057
v -2631.198486 -14.344432 -15.217057
v -2631.198486 -15.974924 -17.043365
v -2632.230957 -18.649532 -16.099716
v -2689.995850 20.346174 -15.952549
v -2688.398926 15.744428 -16.667919
v -2690.140625 15.641721 -17.649673
v -2691.123535 15.823682 -15.910354
v -2690.068848 11.673720 -15.569690
v -2690.061035 11.762002 -15.580073
v -2691.669922 7.344871 -17.518049
v -2692.905273 8.613008 -14.657989
v -2689.975586 9.147760 -13.451957
v -2689.801758 5.272986 -14.771708
v -2689.819336 5.404215 -14.798713
v -2690.799805 3.464893 -12.710249
v -2688.799805 3.464893 -12.710249
v -2688.799805 1.834402 -14.536551
v -2689.832275 -0.840206 -13.592905
v -2723.541504 -4.003298 -17.389702
v -2721.944336 -8.605044 -18.105062
v -2723.686035 -8.707750 -19.086824
v -2724.669189 -8.525794 -17.347500
v -2723.614502 -12.675752 -17.006838
v -2723.606689 -12.587474 -17.017225
v -2725.215332 -17.004604 -18.955200
v -2726.450684 -15.736464 -16.095140
v -2723.521240 -15.201712 -14.889108
v -2723.347168 -19.076488 -16.208858
v -2723.364746 -18.945259 -16.235863
v -2724.345459 -20.884583 -14.147400
v -2722.345459 -20.884581 -14.147400
v -2722.345459 -22.515072 -15.973701
v -2723.377686 -25.189680 -15.030056
v -2759.268066 -1.523270 -18.747349
v -2757.739014 -6.125016 -17.896044
v -2757.995117 -6.227722 -19.878944
v -2759.976807 -6.045766 -19.625559
v -2759.618408 -10.195725 -18.576714
v -2759.605469 -10.107444 -18.576611
v -2759.015625 -14.524577 -21.025328
v -2762.046387 -13.256438 -20.303246
v -2761.259277 -12.721685 -17.234539
v -2760.097900 -16.596458 -17.885008
v -2760.086670 -16.465231 -17.915251
v -2762.346680 -18.404552 -17.450872
v -2761.149658 -18.404552 -15.848619
v -2759.686523 -20.035046 -16.941648
v -2761.060547 -22.709652 -17.203999
v -2773.534912 10.066744 -18.074316
v -2775.852783 6.324994 -16.493198
v -2773.535889 6.695776 -15.129235
v -2772.170166 5.407750 -17.361599
v -2773.720947 1.228434 -17.192375
v -2774.119873 -6.842500 -16.170662
v -2774.804932 -12.951816 -14.967576
v -2775.893555 -10.973542 -18.172321
v -2776.112061 -9.061139 -15.148107
v -2772.789551 -12.092514 -17.771025
v -2774.784912 -12.834896 -15.006604
v -2777.076172 -14.845708 -15.057082
v -2776.444336 -14.010704 -13.206038
v -2774.711426 -15.855164 -13.589569
v -2775.933105 -18.764074 -13.960030
v -2773.746094 1.506726 -17.169525
v -2772.562744 -2.414942 -15.405661
v -2772.181641 -3.378794 -17.308941
v -2774.142334 -3.369910 -17.702745
v -2774.132324 -6.930468 -16.165047
v -2685.955811 -14.813432 -17.229855
v -2684.427002 -19.415176 -16.378551
v -2684.682861 -19.517883 -18.361454
v -2686.664551 -19.335926 -18.108067
v -2686.306396 -23.485886 -17.059223
v -2686.293213 -23.397606 -17.059120
v -2685.703613 -27.814737 -19.507832
v -2688.734131 -26.546597 -18.785755
v -2687.947021 -26.011845 -15.717045
v -2686.785645 -29.886621 -16.367516
v -2686.774658 -29.755392 -16.397758
v -2689.034424 -31.694714 -15.933380
v -2687.837646 -31.694714 -14.331123
v -2686.374512 -33.325211 -15.424156
v -2687.748291 -35.999813 -15.686511
v -2989.305420 -9.391326 -16.783340
v -2987.776611 -13.993070 -15.932035
v -2988.032471 -14.095778 -17.914936
v -2990.014160 -13.913819 -17.661551
v -2989.656006 -18.063782 -16.612705
v -2989.642822 -17.975498 -16.612602
v -2989.053223 -22.392632 -19.061319
v -2992.083740 -21.124493 -18.339235
v -2991.296631 -20.589743 -15.270528
v -2990.135254 -24.464516 -15.921000
v -2990.124023 -24.333286 -15.951242
v -2992.384033 -26.272610 -15.486863
v -2991.187012 -26.272608 -13.884609
v -2989.724121 -27.903101 -14.977640
v -2991.097900 -30.577707 -15.239991
v -2815.704346 1.577928 -16.398973
v -2815.363770 -2.767886 -13.842463
v -2813.330811 -3.006398 -15.607477
v -2815.099854 -3.280520 -17.636019
v -2815.869385 -7.431888 -16.257921
v -2815.892090 -15.754643 -15.844842
v -2815.632812 -22.243660 -15.036476
v -2818.736328 -18.903637 -14.922761
v -2815.806885 -18.368885 -13.716737
v -2817.500977 -20.171776 -17.782822
v -2815.650391 -22.112431 -15.063484
v -2816.630859 -24.051754 -12.975014
v -2814.630859 -24.051752 -12.975014
v -2814.630859 -25.682243 -14.801323
v -2815.663330 -28.356852 -13.857681
v -2815.827148 -7.170470 -16.217318
v -2814.229980 -11.772216 -16.932680
v -2815.971680 -11.874922 -17.914446
v -2816.954834 -11.692964 -16.175112
v -2815.900146 -15.842926 -15.834466
v -2878.812256 15.011064 -16.398979
v -2878.471924 10.665250 -13.842471
v -2876.438721 10.426741 -15.607482
v -2878.207764 10.152617 -17.636019
v -2878.977295 6.001250 -16.257917
v -2879.000244 -2.321508 -15.844843
v -2878.740723 -8.810523 -15.036485
v -2881.844238 -5.470500 -14.922762
v -2878.914795 -4.935747 -13.716734
v -2880.608887 -6.738640 -17.782824
v -2878.758301 -8.679294 -15.063485
v -2879.739014 -10.618616 -12.975022
v -2877.739014 -10.618616 -12.975015
v -2877.739014 -12.249109 -14.801324
v -2878.771484 -14.923716 -13.857678
v -2878.935059 6.262667 -16.217318
v -2877.337891 1.660920 -16.932688
v -2879.079590 1.558214 -17.914442
v -2880.062744 1.740172 -16.175123
v -2879.008057 -2.409788 -15.834463
v -2936.614990 11.131965 -16.398987
v -2936.274658 6.786154 -13.842473
v -2934.241455 6.547640 -15.607490
v -2936.010498 6.273520 -17.636024
v -2936.780029 2.122148 -16.257929
v -2936.802979 -6.200606 -15.844852
v -2936.543457 -12.689624 -15.036488
v -2939.646973 -9.349600 -14.922769
v -2936.717529 -8.814848 -13.716733
v -2938.411621 -10.617738 -17.782829
v -2936.561035 -12.558393 -15.063489
v -2937.541748 -14.497716 -12.975026
v -2935.541748 -14.497716 -12.975026
v -2935.541748 -16.128208 -14.801326
v -2936.574219 -18.802814 -13.857686
v -2936.737793 2.383566 -16.217327
v -2935.140625 -2.218178 -16.932692
v -2936.882324 -2.320884 -17.914450
v -2937.865479 -2.138928 -16.175129
v -2936.810791 -6.288890 -15.834465
v -2905.220215 0.744962 -20.026503
v -2907.538330 -2.996784 -18.445383
v -2905.221191 -2.626006 -17.081419
v -2903.855469 -3.914028 -19.313780
v -2905.406250 -8.093348 -19.144560
v -2905.805420 -16.164282 -18.122845
v -2906.490234 -22.273598 -16.919762
v -2907.578857 -20.295322 -20.124504
v -2907.797363 -18.382923 -17.100292
v -2904.474854 -21.414295 -19.723206
v -2906.470215 -22.156677 -16.958790
v -2908.761475 -24.167488 -17.009266
v -2908.129639 -23.332485 -15.158222
v -2906.396973 -25.176943 -15.541752
v -2907.618408 -28.085855 -15.912216
v -2905.431396 -7.815054 -19.121714
v -2904.248047 -11.736724 -17.357843
v -2903.866943 -12.700577 -19.261126
v -2905.827637 -12.691690 -19.654932
v -2905.817627 -16.252247 -18.117229
v -2868.612793 4.691946 -17.972036
v -2870.930908 0.950200 -16.390921
v -2868.613770 1.320980 -15.026949
v -2867.248291 0.032956 -17.259317
v -2868.798828 -4.146362 -17.090094
v -2869.197998 -12.217296 -16.068380
v -2869.883057 -18.326612 -14.865296
v -2870.971436 -16.348337 -18.070038
v -2871.190186 -14.435938 -15.045827
v -2867.867676 -17.467310 -17.668743
v -2869.863037 -18.209692 -14.904321
v -2872.154297 -20.220503 -14.954801
v -2871.522217 -19.385500 -13.103761
v -2869.789551 -21.229961 -13.487287
v -2871.010986 -24.138870 -13.857746
v -2868.823975 -3.868068 -17.067247
v -2867.640625 -7.789738 -15.303381
v -2867.259521 -8.753588 -17.206659
v -2869.220459 -8.744706 -17.600466
v -2869.210449 -12.305262 -16.062765
v -2825.284912 10.365778 -15.380534
v -2827.602783 6.624028 -13.799417
v -2825.285889 6.994810 -12.435451
v -2823.920166 5.706784 -14.667819
v -2825.470947 1.527468 -14.498598
v -2825.869873 -6.543466 -13.476885
v -2826.554932 -12.652781 -12.273797
v -2827.643555 -10.674508 -15.478539
v -2827.862061 -8.762106 -12.454331
v -2824.539551 -11.793480 -15.077249
v -2826.534912 -12.535862 -12.312821
v -2828.826172 -14.546674 -12.363297
v -2828.194336 -13.711670 -10.512261
v -2826.461670 -15.556129 -10.895783
v -2827.683105 -18.465038 -11.266244
v -2825.496094 1.805762 -14.475748
v -2824.312744 -2.115907 -12.711885
v -2823.931641 -3.079760 -14.615152
v -2825.892334 -3.070876 -15.008959
v -2825.882324 -6.631433 -13.471262
v -2853.458496 -12.468783 -18.517023
v -2851.861328 -17.070530 -19.232391
v -2853.603027 -17.173239 -20.214142
v -2854.586182 -16.991280 -18.474823
v -2853.531494 -21.141239 -18.134163
v -2853.523438 -21.052959 -18.144547
v -2855.132324 -25.470091 -20.082523
v -2856.367676 -24.201950 -17.222466
v -2853.438232 -23.667198 -16.016434
v -2853.264160 -27.541975 -17.336189
v -2853.281738 -27.410746 -17.363190
v -2854.262207 -29.350067 -15.274727
v -2852.262207 -29.350067 -15.274727
v -2852.262207 -30.980560 -17.101028
v -2853.294678 -33.655167 -16.157379
v -2832.397461 2.536852 -18.459360
v -2830.800293 -2.064894 -19.174723
v -2832.541992 -2.167600 -20.156481
v -2833.525146 -1.985644 -18.417154
v -2832.470459 -6.135604 -18.076502
v -2832.462646 -6.047324 -18.086885
v -2834.071289 -10.464455 -20.024866
v -2835.306641 -9.196314 -17.164804
v -2832.377197 -8.661562 -15.958772
v -2832.203125 -12.536340 -17.278521
v -2832.220703 -12.405109 -17.305521
v -2833.201172 -14.344432 -15.217057
v -2831.201172 -14.344432 -15.217057
v -2831.201172 -15.974924 -17.043365
v -2832.233643 -18.649532 -16.099716
v -2889.998535 20.346174 -15.952549
v -2888.401611 15.744428 -16.667919
v -2890.143311 15.641721 -17.649673
v -2891.126221 15.823682 -15.910354
v -2890.071533 11.673720 -15.569690
v -2890.063721 11.762002 -15.580073
v -2891.672607 7.344871 -17.518049
v -2892.907959 8.613008 -14.657989
v -2889.978271 9.147760 -13.451957
v -2889.804443 5.272986 -14.771708
v -2889.822021 5.404215 -14.798713
v -2890.802490 3.464893 -12.710249
v -2888.802490 3.464893 -12.710249
v -2888.802490 1.834402 -14.536551
v -2889.834961 -0.840206 -13.592905
v -2923.544189 -4.003298 -17.389702
v -2921.947021 -8.605044 -18.105062
v -2923.688721 -8.707750 -19.086824
v -2924.671875 -8.525794 -17.347500
v -2923.617188 -12.675752 -17.006838
v -2923.609375 -12.587474 -17.017225
v -2925.218018 -17.004604 -18.955200
v -2926.453369 -15.736464 -16.095140
v -2923.523926 -15.201712 -14.889108
v -2923.349854 -19.076488 -16.208858
v -2923.367432 -18.945259 -16.235863
v -2924.348145 -20.884583 -14.147400
v -2922.348145 -20.884581 -14.147400
v -2922.348145 -22.515072 -15.973701
v -2923.380371 -25.189680 -15.030056
v -2959.270752 -1.523270 -18.747349
v -2957.741699 -6.125016 -17.896044
v -2957.997559 -6.227722 -19.878944
v -2959.979492 -6.045766 -19.625559
v -2959.621094 -10.195725 -18.576714
v -2959.608154 -10.107444 -18.576611
v -2959.018311 -14.524577 -21.025328
v -2962.049072 -13.256438 -20.303246
v -2961.261963 -12.721685 -17.234539
v -2960.100586 -16.596458 -17.885008
v -2960.089355 -16.465231 -17.915251
v -2962.349365 -18.404552 -17.450872
v -2961.152344 -18.404552 -15.848619
v -2959.689209 -20.035046 -16.941648
v -2961.063232 -22.709652 -17.203999
v -2973.537598 10.066744 -18.074316
v -2975.855469 6.324994 -16.493198
v -2973.538574 6.695776 -15.129235
v -2972.172852 5.407750 -17.361599
v -2973.723633 1.228434 -17.192375
v -2974.122559 -6.842500 -16.170662
v -2974.807617 -12.951816 -14.967576
v -2975.896240 -10.973542 -18.172321
v -2976.114746 -9.061139 -15.148107
v -2972.792236 -12.092514 -17.771025
v -2974.787598 -12.834896 -15.006604
v -2977.078857 -14.845708 -15.057082
v -2976.447021 -14.010704 -13.206038
v -2974.714355 -15.855164 -13.589569
v -2975.935791 -18.764074 -13.960030
v -2973.748779 1.506726 -17.169525
v -2972.565430 -2.414942 -15.405661
v -2972.184326 -3.378794 -17.308941
v -2974.145020 -3.369910 -17.702745
v -2974.135010 -6.930468 -16.165047
v -2885.958496 -14.813432 -17.229855
v -2884.429688 -19.415176 -16.378551
v -2884.685547 -19.517883 -18.361454
v -2886.667236 -19.335926 -18.108067
v -2886.309082 -23.485886 -17.059223
v -2886.295898 -23.397606 -17.059120
v -2885.706299 -27.814737 -19.507832
v -2888.736816 -26.546597 -18.785755
v -2887.949707 -26.011845 -15.717045
v -2886.788330 -29.886621 -16.367516
v -2886.777344 -29.755392 -16.397758
v -2889.037109 -31.694714 -15.933380
v -2887.840332 -31.694714 -14.331123
v -2886.377197 -33.325211 -15.424156
v -2887.750977 -35.999813 -15.686511
v -3189.308105 -9.391326 -16.783340
v -3187.779297 -13.993070 -15.932035
v -3188.035156 -14.095778 -17.914936
v -3190.016846 -13.913819 -17.661551
v -3189.658691 -18.063782 -16.612705
v -3189.645508 -17.975498 -16.612602
v -3189.055908 -22.392632 -19.061319
v -3192.086426 -21.124493 -18.339235
v -3191.299316 -20.589743 -15.270528
v -3190.137939 -24.464516 -15.921000
v -3190.126709 -24.333286 -15.951242
v -3192.386719 -26.272610 -15.486863
v -3191.189697 -26.272608 -13.884609
v -3189.726807 -27.903101 -14.977640
v -3191.100586 -30.577707 -15.239991
v -3015.707031 1.577928 -16.398973
v -3015.366455 -2.767886 -13.842463
v -3013.333496 -3.006398 -15.607477
v -3015.102539 -3.280520 -17.636019
v -3015.872070 -7.431888 -16.257921
v -3015.894775 -15.754643 -15.844842
v -3015.635498 -22.243660 -15.036476
v -3018.739014 -18.903637 -14.922761
v -3015.809570 -18.368885 -13.716737
v -3017.503662 -20.171776 -17.782822
v -3015.653076 -22.112431 -15.063484
v -3016.633545 -24.051754 -12.975014
v -3014.633545 -24.051752 -12.975014
v -3014.633545 -25.682243 -14.801323
v -3015.666016 -28.356852 -13.857681
v -3015.829834 -7.170470 -16.217318
v -3014.232666 -11.772216 -16.932680
v -3015.974365 -11.874922 -17.914446
v -3016.957520 -11.692964 -16.175112
v -3015.902832 -15.842926 -15.834466
v -3078.814941 15.011064 -16.398979
v -3078.474609 10.665250 -13.842471
v -3076.441406 10.426741 -15.607482
v -3078.210449 10.152617 -17.636019
v -3078.979980 6.001250 -16.257917
v -3079.002930 -2.321508 -15.844843
v -3078.743408 -8.810523 -15.036485
v -3081.846924 -5.470500 -14.922762
v -3078.917480 -4.935747 -13.716734
v -3080.611572 -6.738640 -17.782824
v -3078.760986 -8.679294 -15.063485
v -3079.741699 -10.618616 -12.975022
v -3077.741699 -10.618616 -12.975015
v -3077.741699 -12.249109 -14.801324
v -3078.774170 -14.923716 -13.857678
v -3078.937744 6.262667 -16.217318
v -3077.340576 1.660920 -16.932688
v -3079.082275 1.558214 -17.914442
v -3080.065430 1.740172 -16.175123
v -3079.010742 -2.409788 -15.834463
v -3136.617676 11.131965 -16.398987
v -3136.277344 6.786154 -13.842473
v -3134.244141 6.547640 -15.607490
v -3136.013184 6.273520 -17.636024
v -3136.782715 2.122148 -16.257929
v -3136.805664 -6.200606 -15.844852
v -3136.546143 -12.689624 -15.036488
v -3139.649658 -9.349600 -14.922769
v -3136.720215 -8.814848 -13.716733
v -3138.414307 -10.617738 -17.782829
v -3136.563721 -12.558393 -15.063489
v -3137.544434 -14.497716 -12.975026
v -3135.544434 -14.497716 -12.975026
v -3135.544434 -16.128208 -14.801326
v -3136.576904 -18.802814 -13.857686
v -3136.740479 2.383566 -16.217327
v -3135.143311 -2.218178 -16.932692
v -3136.885010 -2.320884 -17.914450
v -3137.868164 -2.138928 -16.175129
v -3136.813477 -6.288890 -15.834465
v -3105.222900 0.744962 -20.026503
v -3107.541016 -2.996784 -18.445383
v -3105.223877 -2.626006 -17.081419
v -3103.858154 -3.914028 -19.313780
v -3105.408936 -8.093348 -19.144560
v -3105.808105 -16.164282 -18.122845
v -3106.492920 -22.273598 -16.919762
v -3107.581543 -20.295322 -20.124504
v -3107.800049 -18.382923 -17.100292
v -3104.477539 -21.414295 -19.723206
v -3106.472900 -22.156677 -16.958790
v -3108.764160 -24.167488 -17.009266
v -3108.132324 -23.332485 -15.158222
v -3106.399658 -25.176943 -15.541752
v -3107.621094 -28.085855 -15.912216
v -3105.434082 -7.815054 -19.121714
v -3104.250732 -11.736724 -17.357843
v -3103.869629 -12.700577 -19.261126
v -3105.830322 -12.691690 -19.654932
v -3105.820312 -16.252247 -18.117229
v -3068.615479 4.691946 -17.972036
v -3070.933594 0.950200 -16.390921
v -3068.616699 1.320980 -15.026949
v -3067.250977 0.032956 -17.259317
v -3068.801514 -4.146362 -17.090094
v -3069.200684 -12.217296 -16.068380
v -3069.885742 -18.326612 -14.865296
v -3070.974121 -16.348337 -18.070038
v -3071.192871 -14.435938 -15.045827
v -3067.870361 -17.467310 -17.668743
v -3069.865723 -18.209692 -14.904321
v -3072.156982 -20.220503 -14.954801
v -3071.524902 -19.385500 -13.103761
v -3069.792236 -21.229961 -13.487287
v -3071.013672 -24.138870 -13.857746
v -3068.826660 -3.868068 -17.067247
v -3067.643311 -7.789738 -15.303381
v -3067.262207 -8.753588 -17.206659
v -3069.223145 -8.744706 -17.600466
v -3069.213135 -12.305262 -16.062765
v -3025.287598 10.365778 -15.380534
v -3027.605469 6.624028 -13.799417
v -3025.288574 6.994810 -12.435451
v -3023.922852 5.706784 -14.667819
v -3025.473633 1.527468 -14.498598
v -3025.872559 -6.543466 -13.476885
v -3026.557617 -12.652781 -12.273797
v -3027.646240 -10.674508 -15.478539
v -3027.864746 -8.762106 -12.454331
v -3024.542236 -11.793480 -15.077249
v -3026.537598 -12.535862 -12.312821
v -3028.828857 -14.546674 -12.363297
v -3028.197021 -13.711670 -10.512261
v -3026.464355 -15.556129 -10.895783
v -3027.685791 -18.465038 -11.266244
v -3025.498779 1.805762 -14.475748
v -3024.315430 -2.115907 -12.711885
v -3023.934326 -3.079760 -14.615152
v -3025.895020 -3.070876 -15.008959
v -3025.885010 -6.631433 -13.471262
v -3053.461182 -12.468783 -18.517023
v -3051.864014 -17.070530 -19.232391
v -3053.605713 -17.173239 -20.214142
v -3054.588867 -16.991280 -18.474823
v -3053.534180 -21.141239 -18.134163
v -3053.526123 -21.052959 -18.144547
v -3055.135010 -25.470091 -20.082523
v -3056.370361 -24.201950 -17.222466
v -3053.440918 -23.667198 -16.016434
v -3053.266846 -27.541975 -17.336189
v -3053.284424 -27.410746 -17.363190
v -3054.264893 -29.350067 -15.274727
v -3052.264893 -29.350067 -15.274727
v -3052.264893 -30.980560 -17.101028
v -3053.297363 -33.655167 -16.157379
v -3032.400146 2.536852 -18.459360
v -3030.802979 -2.064894 -19.174723
v -3032.544678 -2.167600 -20.156481
v -3033.527832 -1.985644 -18.417154
v -3032.473145 -6.135604 -18.076502
v -3032.465332 -6.047324 -18.086885
v -3034.073975 -10.464455 -20.024866
v -3035.309326 -9.196314 -17.164804
v -3032.379883 -8.661562 -15.958772
v -3032.205811 -12.536340 -17.278521
v -3032.223389 -12.405109 -17.305521
v -3033.203857 -14.344432 -15.217057
v -3031.203857 -14.344432 -15.217057
v -3031.203857 -15.974924 -17.043365
v -3032.236328 -18.649532 -16.099716
v -3090.001221 20.346174 -15.952549
v -3088.404297 15.744428 -16.667919
v -3090.145996 15.641721 -17.649673
v -3091.128906 15.823682 -15.910354
v -3090.074219 11.673720 -15.569690
v -3090.066406 11.762002 -15.580073
v -3091.675293 7.344871 -17.518049
v -3092.910645 8.613008 -14.657989
v -3089.980957 9.147760 -13.451957
v -3089.807129 5.272986 -14.771708
v -3089.824707 5.404215 -14.798713
v -3090.805176 3.464893 -12.710249
v -3088.805176 3.464893 -12.710249
v -3088.805176 1.834402 -14.536551
v -3089.837646 -0.840206 -13.592905
v -3123.546875 -4.003298 -17.389702
v -3121.949707 -8.605044 -18.105062
v -3123.691406 -8.707750 -19.086824
v -3124.674561 -8.525794 -17.347500
v -3123.619873 -12.675752 -17.006838
v -3123.612061 -12.587474 -17.017225
v -3125.220703 -17.004604 -18.955200
v -3126.456055 -15.736464 -16.095140
v -3123.526611 -15.201712 -14.889108
v -3123.352539 -19.076488 -16.208858
v -3123.370117 -18.945259 -16.235863
v -3124.350830 -20.884583 -14.147400
v -3122.350830 -20.884581 -14.147400
v -3122.350830 -22.515072 -15.973701
v -3123.383057 -25.189680 -15.030056
v -3159.273438 -1.523270 -18.747349
v -3157.744385 -6.125016 -17.896044
v -3158.000488 -6.227722 -19.878944
v -3159.982178 -6.045766 -19.625559
v -3159.623779 -10.195725 -18.576714
v -3159.610840 -10.107444 -18.576611
v -3159.020996 -14.524577 -21.025328
v -3162.051758 -13.256438 -20.303246
v -3161.264648 -12.721685 -17.234539
v -3160.103271 -16.596458 -17.885008
v -3160.092041 -16.465231 -17.915251
v -3162.352051 -18.404552 -17.450872
v -3161.155029 -18.404552 -15.848619
v -3159.691895 -20.035046 -16.941648
v -3161.065918 -22.709652 -17.203999
v -3173.540283 10.066744 -18.074316
v -3175.858154 6.324994 -16.493198
v -3173.541260 6.695776 -15.129235
v -3172.175537 5.407750 -17.361599
v -3173.726318 1.228434 -17.192375
v -3174.125244 -6.842500 -16.170662
v -3174.810303 -12.951816 -14.967576
v -3175.898926 -10.973542 -18.172321
v -3176.117432 -9.061139 -15.148107
v -3172.794922 -12.092514 -17.771025
v -3174.790283 -12.834896 -15.006604
v -3177.081543 -14.845708 -15.057082
v -3176.449707 -14.010704 -13.206038
v -3174.716797 -15.855164 -13.589569
v -3175.938477 -18.764074 -13.960030
v -3173.751465 1.506726 -17.169525
v -3172.568115 -2.414942 -15.405661
v -3172.187012 -3.378794 -17.308941
v -3174.147705 -3.369910 -17.702745
v -3174.137695 -6.930468 -16.165047
v -3085.961182 -14.813432 -17.229855
v -3084.432373 -19.415176 -16.378551
v -3084.688232 -19.517883 -18.361454
v -3086.669922 -19.335926 -18.108067
v -3086.311768 -23.485886 -17.059223
v -3086.298584 -23.397606 -17.059120
v -3085.708984 -27.814737 -19.507832
v -3088.739502 -26.546597 -18.785755
v -3087.952393 -26.011845 -15.717045
v -3086.791016 -29.886621 -16.367516
v -3086.780029 -29.755392 -16.397758
v -3089.039795 -31.694714 -15.933380
v -3087.843018 -31.694714 -14.331123
v -3086.379883 -33.325211 -15.424156
v -3087.753662 -35.999813 -15.686511
v -3389.310791 -9.391326 -16.783340
v -3387.781982 -13.993070 -15.932035
v -3388.037842 -14.095778 -17.914936
v -3390.019531 -13.913819 -17.661551
v -3389.661377 -18.063782 -16.612705
v -3389.648193 -17.975498 -16.612602
v -3389.058594 -22.392632 -19.061319
v -3392.089111 -21.124493 -18.339235
v -3391.302002 -20.589743 -15.270528
v -3390.140625 -24.464516 -15.921000
v -3390.129395 -24.333286 -15.951242
v -3392.389404 -26.272610 -15.486863
v -3391.192383 -26.272608 -13.884609
v -3389.729492 -27.903101 -14.977640
v -3391.103271 -30.577707 -15.239991
v -3215.709717 1.577928 -16.398973
v -3215.369141 -2.767886 -13.842463
v -3213.336182 -3.006398 -15.607477
v -3215.105225 -3.280520 -17.636019
v -3215.874756 -7.431888 -16.257921
v -3215.897461 -15.754643 -15.844842
v -3215.638184 -22.243660 -15.036476
v -3218.741699 -18.903637 -14.922761
v -3215.812256 -18.368885 -13.716737
v -3217.506348 -20.171776 -17.782822
v -3215.655762 -22.112431 -15.063484
v -3216.636230 -24.051754 -12.975014
v -3214.636230 -24.051752 -12.975014
v -3214.636230 -25.682243 -14.801323
v -3215.668701 -28.356852 -13.857681
v -3215.832520 -7.170470 -16.217318
v -3214.235352 -11.772216 -16.932680
v -3215.977051 -11.874922 -17.914446
v -3216.960205 -11.692964 -16.175112
v -3215.905518 -15.842926 -15.834466
v -3278.817627 15.011064 -16.398979
v -3278.477295 10.665250 -13.842471
v -3276.444092 10.426741 -15.607482
v -3278.213135 10.152617 -17.636019
v -3278.982666 6.001250 -16.257917
v -3279.005615 -2.321508 -15.844843
v -3278.746094 -8.810523 -15.036485
v -3281.849609 -5.470500 -14.922762
v -3278.920166 -4.935747 -13.716734
v -3280.614258 -6.738640 -17.782824
v -3278.763672 -8.679294 -15.063485
v -3279.744385 -10.618616 -12.975022
v -3277.744385 -10.618616 -12.975015
v -3277.744385 -12.249109 -14.801324
v -3278.776855 -14.923716 -13.857678
v -3278.940430 6.262667 -16.217318
v -3277.343262 1.660920 -16.932688
v -3279.084961 1.558214 -17.914442
v -3280.068115 1.740172 -16.175123
v -3279.013428 -2.409788 -15.834463
v -3336.620361 11.131965 -16.398987
v -3336.280029 6.786154 -13.842473
v -3334.246826 6.547640 -15.607490
v -3336.015869 6.273520 -17.636024
v -3336.785400 2.122148 -16.257929
v -3336.808350 -6.200606 -15.844852
v -3336.548828 -12.689624 -15.036488
v -3339.652344 -9.349600 -14.922769
v -3336.722900 -8.814848 -13.716733
v -3338.416992 -10.617738 -17.782829
v -3336.566406 -12.558393 -15.063489
v -3337.547119 -14.497716 -12.975026
v -3335.547119 -14.497716 -12.975026
v -3335.547119 -16.128208 -14.801326
v -3336.579590 -18.802814 -13.857686
v -3336.743164 2.383566 -16.217327
v -3335.145996 -2.218178 -16.932692
v -3336.887695 -2.320884 -17.914450
v -3337.870850 -2.138928 -16.175129
v -3336.816162 -6.288890 -15.834465
v -3305.225586 0.744962 -20.026503
v -3307.543701 -2.996784 -18.445383
v -3305.226562 -2.626006 -17.081419
v -3303.860840 -3.914028 -19.313780
v -3305.411621 -8.093348 -19.144560
v -3305.810791 -16.164282 -18.122845
v -3306.495605 -22.273598 -16.919762
v -3307.584229 -20.295322 -20.124504
v -3307.802734 -18.382923 -17.100292
v -3304.480225 -21.414295 -19.723206
v -3306.475586 -22.156677 -16.958790
v -3308.766846 -24.167488 -17.009266
v -3308.135010 -23.332485 -15.158222
v -3306.402344 -25.176943 -15.541752
v -3307.623779 -28.085855 -15.912216
v -3305.436768 -7.815054 -19.121714
v -3304.253418 -11.736724 -17.357843
v -3303.872314 -12.700577 -19.261126
v -3305.833008 -12.691690 -19.654932
v -3305.822998 -16.252247 -18.117229
v -3268.618164 4.691946 -17.972036
v -3270.936279 0.950200 -16.390921
v -3268.619141 1.320980 -15.026949
v -3267.253662 0.032956 -17.259317
v -3268.804199 -4.146362 -17.090094
v -3269.203369 -12.217296 -16.068380
v -3269.888428 -18.326612 -14.865296
v -3270.976807 -16.348337 -18.070038
v -3271.195557 -14.435938 -15.045827
v -3267.873047 -17.467310 -17.668743
v -3269.868408 -18.209692 -14.904321
v -3272.159668 -20.220503 -14.954801
v -3271.527588 -19.385500 -13.103761
v -3269.794922 -21.229961 -13.487287
v -3271.016357 -24.138870 -13.857746
v -3268.829346 -3.868068 -17.067247
v -3267.645996 -7.789738 -15.303381
v -3267.264893 -8.753588 -17.206659
v -3269.225830 -8.744706 -17.600466
v -3269.215820 -12.305262 -16.062765
v -3225.290283 10.365778 -15.380534
v -3227.608154 6.624028 -13.799417
v -3225.291260 6.994810 -12.435451
v -3223.925537 5.706784 -14.667819
v -3225.476318 1.527468 -14.498598
v -3225.875244 -6.543466 -13.476885
v -3226.560303 -12.652781 -12.273797
v -3227.648926 -10.674508 -15.478539
v -3227.867432 -8.762106 -12.454331
v -3224.544922 -11.793480 -15.077249
v -3226.540283 -12.535862 -12.312821
v -3228.831543 -14.546674 -12.363297
v -3228.199707 -13.711670 -10.512261
v -3226.467041 -15.556129 -10.895783
v -3227.688477 -18.465038 -11.266244
v -3225.501465 1.805762 -14.475748
v -3224.318115 -2.115907 -12.711885
v -3223.937012 -3.079760 -14.615152
v -3225.897705 -3.070876 -15.008959
v -3225.887695 -6.631433 -13.471262
v -3253.463867 -12.468783 -18.517023
v -3251.866699 -17.070530 -19.232391
v -3253.608398 -17.173239 -20.214142
v -3254.591553 -16.991280 -18.474823
v -3253.536865 -21.141239 -18.134163
v -3253.528809 -21.052959 -18.144547
v -3255.137695 -25.470091 -20.082523
v -3256.373047 -24.201950 -17.222466
v -3253.443604 -23.667198 -16.016434
v -3253.269531 -27.541975 -17.336189
v -3253.287109 -27.410746 -17.363190
v -3254.267578 -29.350067 -15.274727
v -3252.267578 -29.350067 -15.274727
v -3252.267578 -30.980560 -17.101028
v -3253.300049 -33.655167 -16.157379
v -3232.402832 2.536852 -18.459360
v -3230.805664 -2.064894 -19.174723
v -3232.547363 -2.167600 -20.156481
v -3233.530518 -1.985644 -18.417154
v -3232.475830 -6.135604 -18.076502
v -3232.468018 -6.047324 -18.086885
v -3234.076660 -10.464455 -20.024866
v -3235.312012 -9.196314 -17.164804
v -3232.382568 -8.661562 -15.958772
v -3232.208496 -12.536340 -17.278521
v -3232.226074 -12.405109 -17.305521
v -3233.206543 -14.344432 -15.217057
v -3231.206543 -14.344432 -15.217057
v -3231.206543 -15.974924 -17.043365
v -3232.239014 -18.649532 -16.099716
v -3290.003906 20.346174 -15.952549
v -3288.406982 15.744428 -16.667919
v -3290.148682 15.641721 -17.649673
v -3291.131592 15.823682 -15.910354
v -3290.076904 11.673720 -15.569690
v -3290.069092 11.762002 -15.580073
v -3291.677979 7.344871 -17.518049
v -3292.913330 8.613008 -14.657989
v -3289.983643 9.147760 -13.451957
v -3289.809814 5.272986 -14.771708
v -3289.827393 5.404215 -14.798713
v -3290.807861 3.464893 -12.710249
v -3288.807861 3.464893 -12.710249
v -3288.807861 1.834402 -14.536551
v -3289.840332 -0.840206 -13.592905
v -3323.549561 -4.003298 -17.389702
v -3321.952393 -8.605044 -18.105062
v -3323.694092 -8.707750 -19.086824
v -3324.677246 -8.525794 -17.347500
v -3323.622559 -12.675752 -17.006838
v -3323.614746 -12.587474 -17.017225
v -3325.223389 -17.004604 -18.955200
v -3326.458740 -15.736464 -16.095140
v -3323.529297 -15.201712 -14.889108
v -3323.355225 -19.076488 -16.208858
v -3323.372803 -18.945259 -16.235863
v -3324.353516 -20.884583 -14.147400
v -3322.353516 -20.884581 -14.147400
v -3322.353516 -22.515072 -15.973701
v -3323.385742 -25.189680 -15.030056
v -3359.276123 -1.523270 -18.747349
v -3357.747070 -6.125016 -17.896044
v -3358.002930 -6.227722 -19.878944
v -3359.984863 -6.045766 -19.625559
v -3359.626465 -10.195725 -18.576714
v -3359.613525 -10.107444 -18.576611
v -3359.023682 -14.524577 -21.025328
v -3362.054443 -13.256438 -20.303246
v -3361.267334 -12.721685 -17.234539
v -3360.105957 -16.596458 -17.885008
v -3360.094727 -16.465231 -17.915251
v -3362.354736 -18.404552 -17.450872
v -3361.157715 -18.404552 -15.848619
v -3359.694580 -20.035046 -16.941648
v -3361.068604 -22.709652 -17.203999
v -3373.542969 10.066744 -18.074316
v -3375.860840 6.324994 -16.493198
v -3373.543945 6.695776 -15.129235
v -3372.178223 5.407750 -17.361599
v -3373.729004 1.228434 -17.192375
v -3374.127930 -6.842500 -16.170662
v -3374.812988 -12.951816 -14.967576
v -3375.901611 -10.973542 -18.172321
v -3376.120117 -9.061139 -15.148107
v -3372.797607 -12.092514 -17.771025
v -3374.792969 -12.834896 -15.006604
v -3377.084229 -14.845708 -15.057082
v -3376.452393 -14.010704 -13.206038
v -3374.719727 -15.855164 -13.589569
v -3375.941162 -18.764074 -13.960030
v -3373.754150 1.506726 -17.169525
v -3372.570801 -2.414942 -15.405661
v -3372.189697 -3.378794 -17.308941
v -3374.150391 -3.369910 -17.702745
v -3374.140381 -6.930468 -16.165047
v -3285.963867 -14.813432 -17.229855
v -3284.435059 -19.415176 -16.378551
v -3284.690918 -19.517883 -18.361454
v -3286.672607 -19.335926 -18.108067
v -3286.314453 -23.485886 -17.059223
v -3286.301270 -23.397606 -17.059120
v -3285.711670 -27.814737 -19.507832
v -3288.742188 -26.546597 -18.785755
v -3287.955078 -26.011845 -15.717045
v -3286.793701 -29.886621 -16.367516
v -3286.782715 -29.755392 -16.397758
v -3289.042480 -31.694714 -15.933380
v -3287.845703 -31.694714 -14.331123
v -3286.382568 -33.325211 -15.424156
v -3287.756348 -35.999813 -15.686511
v -3589.313477 -9.391326 -16.783340
v -3587.784668 -13.993070 -15.932035
v -3588.040527 -14.095778 -17.914936
v -3590.022217 -13.913819 -17.661551
v -3589.664062 -18.063782 -16.612705
v -3589.650879 -17.975498 -16.612602
v -3589.061279 -22.392632 -19.061319
v -3592.091797 -21.124493 -18.339235
v -3591.304688 -20.589743 -15.270528
v -3590.143311 -24.464516 -15.921000
v -3590.132080 -24.333286 -15.951242
v -3592.392090 -26.272610 -15.486863
v -3591.195068 -26.272608 -13.884609
v -3589.732178 -27.903101 -14.977640
v -3591.105957 -30.577707 -15.239991
v -3415.712402 1.577928 -16.398973
v -3415.371826 -2.767886 -13.842463
v -3413.338867 -3.006398 -15.607477
v -3415.107910 -3.280520 -17.636019
v -3415.877441 -7.431888 -16.257921
v -3415.900146 -15.754643 -15.844842
v -3415.640869 -22.243660 -15.036476
v -3418.744385 -18.903637 -14.922761
v -3415.814941 -18.368885 -13.716737
v -3417.509033 -20.171776 -17.782822
v -3415.658447 -22.112431 -15.063484
v -3416.638916 -24.051754 -12.975014
v -3414.638916 -24.051752 -12.975014
v -3414.638916 -25.682243 -14.801323
v -3415.671387 -28.356852 -13.857681
v -3415.835205 -7.170470 -16.217318
v -3414.238037 -11.772216 -16.932680
v -3415.979736 -11.874922 -17.914446
v -3416.962891 -11.692964 -16.175112
v -3415.908203 -15.842926 -15.834466
v -3478.820312 15.011064 -16.398979
v -3478.479980 10.665250 -13.842471
v -3476.446777 10.426741 -15.607482
v -3478.215820 10.152617 -17.636019
v -3478.985352 6.001250 -16.257917
v -3479.008301 -2.321508 -15.844843
v -3478.748779 -8.810523 -15.036485
v -3481.852295 -5.470500 -14.922762
v -3478.922852 -4.935747 -13.716734
v -3480.616943 -6.738640 -17.782824
v -3478.766357 -8.679294 -15.063485
v -3479.747070 -10.618616 -12.975022
v -3477.747070 -10.618616 -12.975015
v -3477.747070 -12.249109 -14.801324
v -3478.779541 -14.923716 -13.857678
v -3478.943115 6.262667 -16.217318
v -3477.345947 1.660920 -16.932688
v -3479.087646 1.558214 -17.914442
v -3480.070801 1.740172 -16.175123
v -3479.016113 -2.409788 -15.834463
v -3536.623047 11.131965 -16.398987
v -3536.282715 6.786154 -13.842473
v -3534.249512 6.547640 -15.607490
v -3536.018555 6.273520 -17.636024
v -3536.788086 2.122148 -16.257929
v -3536.811035 -6.200606 -15.844852
v -3536.551514 -12.689624 -15.036488
v -3539.655029 -9.349600 -14.922769
v -3536.725586 -8.814848 -13.716733
v -3538.419678 -10.617738 -17.782829
v -3536.569092 -12.558393 -15.063489
v -3537.549805 -14.497716 -12.975026
v -3535.549805 -14.497716 -12.975026
v -3535.549805 -16.128208 -14.801326
v -3536.582275 -18.802814 -13.857686
v -3536.745850 2.383566 -16.217327
v -3535.148682 -2.218178 -16.932692
v -3536.890381 -2.320884 -17.914450
v -3537.873535 -2.138928 -16.175129
v -3536.818848 -6.288890 -15.834465
v -3505.228271 0.744962 -20.026503
v -3507.546387 -2.996784 -18.445383
v -3505.229248 -2.626006 -17.081419
v -3503.863525 -3.914028 -19.313780
v -3505.414307 -8.093348 -19.144560
v -3505.813477 -16.164282 -18.122845
v -3506.498291 -22.273598 -16.919762
v -3507.586914 -20.295322 -20.124504
v -3507.805420 -18.382923 -17.100292
v -3504.482910 -21.414295 -19.723206
v -3506.478271 -22.156677 -16.958790
v -3508.769531 -24.167488 -17.009266
v -3508.137695 -23.332485 -15.158222
v -3506.405029 -25.176943 -15.541752
v -3507.626465 -28.085855 -15.912216
v -3505.439453 -7.815054 -19.121714
v -3504.256104 -11.736724 -17.357843
v -3503.875000 -12.700577 -19.261126
v -3505.835693 -12.691690 -19.654932
v -3505.825684 -16.252247 -18.117229
v -3468.620850 4.691946 -17.972036
v -3470.938965 0.950200 -16.390921
v -3468.622070 1.320980 -15.026949
v -3467.256348 0.032956 -17.259317
v -3468.806885 -4.146362 -17.090094
v -3469.206055 -12.217296 -16.068380
v -3469.891113 -18.326612 -14.865296
v -3470.979492 -16.348337 -18.070038
v -3471.198242 -14.435938 -15.045827
v -3467.875732 -17.467310 -17.668743
v -3469.871094 -18.209692 -14.904321
v -3472.162354 -20.220503 -14.954801
v -3471.530273 -19.385500 -13.103761
v -3469.797607 -21.229961 -13.487287
v -3471.019043 -24.138870 -13.857746
v -3468.832031 -3.868068 -17.067247
v -3467.648682 -7.789738 -15.303381
v -3467.267578 -8.753588 -17.206659
v -3469.228516 -8.744706 -17.600466
v -3469.218506 -12.305262 -16.062765
v -3425.292969 10.365778 -15.380534
v -3427.610840 6.624028 -13.799417
v -3425.293945 6.994810 -12.435451
v -3423.928223 5.706784 -14.667819
v -3425.479004 1.527468 -14.498598
v -3425.877930 -6.543466 -13.476885
v -3426.562988 -12.652781 -12.273797
v -3427.651611 -10.674508 -15.478539
v -3427.870117 -8.762106 -12.454331
v -3424.547607 -11.793480 -15.077249
v -3426.542969 -12.535862 -12.312821
v -3428.834229 -14.546674 -12.363297
v -3428.202393 -13.711670 -10.512261
v -3426.469727 -15.556129 -10.895783
v -3427.691162 -18.465038 -11.266244
v -3425.504150 1.805762 -14.475748
v -3424.320801 -2.115907 -12.711885
v -3423.939697 -3.079760 -14.615152
v -3425.900391 -3.070876 -15.008959
v -3425.890381 -6.631433 -13.471262
v -3453.466553 -12.468783 -18.517023
v -3451.869385 -17.070530 -19.232391
v -3453.611084 -17.173239 -20.214142
v -3454.594238 -16.991280 -18.474823
v -3453.539551 -21.141239 -18.134163
v -3453.531494 -21.052959 -18.144547
v -3455.140381 -25.470091 -20.082523
v -3456.375732 -24.201950 -17.222466
v -3453.446289 -23.667198 -16.016434
v -3453.272217 -27.541975 -17.336189
v -3453.289795 -27.410746 -17.363190
v -3454.270264 -29.350067 -15.274727
v -3452.270264 -29.350067 -15.274727
v -3452.270264 -30.980560 -17.101028
v -3453.302734 -33.655167 -16.157379
v -3432.405518 2.536852 -18.459360
v -3430.808350 -2.064894 -19.174723
v -3432.550049 -2.167600 -20.156481
v -3433.533203 -1.985644 -18.417154
v -3432.478516 -6.135604 -18.076502
v -3432.470703 -6.047324 -18.086885
v -3434.079346 -10.464455 -20.024866
v -3435.314697 -9.196314 -17.164804
v -3432.385254 -8.661562 -15.958772
v -3432.211182 -12.536340 -17.278521
v -3432.228760 -12.405109 -17.305521
v -3433.209229 -14.344432 -15.217057
v -3431.209229 -14.344432 -15.217057
v -3431.209229 -15.974924 -17.043365
v -3432.241699 -18.649532 -16.099716
v -3490.006592 20.346174 -15.952549
v -3488.409668 15.744428 -16.667919
v -3490.151367 15.641721 -17.649673
v -3491.134277 15.823682 -15.910354
v -3490.079590 11.673720 -15.569690
v -3490.071777 11.762002 -15.580073
v -3491.680664 7.344871 -17.518049
v -3492.916016 8.613008 -14.657989
v -3489.986328 9.147760 -13.451957
v -3489.812500 5.272986 -14.771708
v -3489.830078 5.404215 -14.798713
v -3490.810547 3.464893 -12.710249
v -3488.810547 3.464893 -12.710249
v -3488.810547 1.834402 -14.536551
v -3489.843018 -0.840206 -13.592905
v -3523.552246 -4.003298 -17.389702
v -3521.955078 -8.605044 -18.105062
v -3523.696777 -8.707750 -19.086824
v -3524.679932 -8.525794 -17.347500
v -3523.625244 -12.675752 -17.006838
v -3523.617432 -12.587474 -17.017225
v -3525.226074 -17.004604 -18.955200
v -3526.461426 -15.736464 -16.095140
v -3523.531982 -15.201712 -14.889108
v -3523.357910 -19.076488 -16.208858
v -3523.375488 -18.945259 -16.235863
v -3524.356201 -20.884583 -14.147400
v -3522.356201 -20.884581 -14.147400
v -3522.356201 -22.515072 -15.973701
v -3523.388428 -25.189680 -15.030056
v -3559.278809 -1.523270 -18.747349
v -3557.749756 -6.125016 -17.896044
v -3558.005859 -6.227722 -19.878944
v -3559.987549 -6.045766 -19.625559
v -3559.629150 -10.195725 -18.576714
v -3559.616211 -10.107444 -18.576611
v -3559.026367 -14.524577 -21.025328
v -3562.057129 -13.256438 -20.303246
v -3561.270020 -12.721685 -17.234539
v -3560.108643 -16.596458 -17.885008
v -3560.097412 -16.465231 -17.915251
v -3562.357422 -18.404552 -17.450872
v -3561.160400 -18.404552 -15.848619
v -3559.697266 -20.035046 -16.941648
v -3561.071289 -22.709652 -17.203999
v -3573.545654 10.066744 -18.074316
v -3575.863525 6.324994 -16.493198
v -3573.546631 6.695776 -15.129235
v -3572.180908 5.407750 -17.361599
v -3573.731689 1.228434 -17.192375
v -3574.130615 -6.842500 -16.170662
v -3574.815674 -12.951816 -14.967576
v -3575.904297 -10.973542 -18.172321
v -3576.122803 -9.061139 -15.148107
v -3572.800293 -12.092514 -17.771025
v -3574.795654 -12.834896 -15.006604
v -3577.086914 -14.845708 -15.057082
v -3576.455078 -14.010704 -13.206038
v -3574.722168 -15.855164 -13.589569
v -3575.943848 -18.764074 -13.960030
v -3573.756836 1.506726 -17.169525
v -3572.573486 -2.414942 -15.405661
v -3572.192383 -3.378794 -17.308941
v -3574.153076 -3.369910 -17.702745
v -3574.143066 -6.930468 -16.165047
v -3485.966553 -14.813432 -17.229855
v -3484.437744 -19.415176 -16.378551
v -3484.693604 -19.517883 -18.361454
v -3486.675293 -19.335926 -18.108067
v -3486.317139 -23.485886 -17.059223
v -3486.303955 -23.397606 -17.059120
v -3485.714355 -27.814737 -19.507832
v -3488.744873 -26.546597 -18.785755
v -3487.957764 -26.011845 -15.717045
v -3486.796387 -29.886621 -16.367516
v -3486.785400 -29.755392 -16.397758
v -3489.045166 -31.694714 -15.933380
v -3487.848389 -31.694714 -14.331123
v -3486.385254 -33.325211 -15.424156
v -3487.759033 -35.999813 -15.686511
v -3789.316162 -9.391326 -16.783340
v -3787.787354 -13.993070 -15.932035
v -3788.043213 -14.095778 -17.914936
v -3790.024902 -13.913819 -17.661551
v -3789.666748 -18.063782 -16.612705
v -3789.653564 -17.975498 -16.612602
v -3789.063965 -22.392632 -19.061319
v -3792.094482 -21.124493 -18.339235
v -3791.307373 -20.589743 -15.270528
v -3790.145996 -24.464516 -15.921000
v -3790.134766 -24.333286 -15.951242
v -3792.394775 -26.272610 -15.486863
v -3791.197754 -26.272608 -13.884609
v -3789.734863 -27.903101 -14.977640
v -3791.108643 -30.577707 -15.239991
v -3615.715088 1.577928 -16.398973
v -3615.374512 -2.767886 -13.842463
v -3613.341553 -3.006398 -15.607477
v -3615.110596 -3.280520 -17.636019
v -3615.880127 -7.431888 -16.257921
v -3615.902832 -15.754643 -15.844842
v -3615.643555 -22.243660 -15.036476
v -3618.747070 -18.903637 -14.922761
v -3615.817627 -18.368885 -13.716737
v -3617.511719 -20.171776 -17.782822
v -3615.661133 -22.112431 -15.063484
v -3616.641602 -24.051754 -12.975014
v -3614.641602 -24.051752 -12.975014
v -3614.641602 -25.682243 -14.801323
v -3615.674072 -28.356852 -13.857681
v -3615.837891 -7.170470 -16.217318
v -3614.240723 -11.772216 -16.932680
v -3615.982422 -11.874922 -17.914446
v -3616.965576 -11.692964 -16.175112
v -3615.910889 -15.842926 -15.834466
v -3678.822998 15.011064 -16.398979
v -3678.482666 10.665250 -13.842471
v -3676.449463 10.426741 -15.607482
v -3678.218506 10.152617 -17.636019
v -3678.988037 6.001250 -16.257917
v -3679.010986 -2.321508 -15.844843
v -3678.751465 -8.810523 -15.036485
v -3681.854980 -5.470500 -14.922762
v -3678.925537 -4.935747 -13.716734
v -3680.619629 -6.738640 -17.782824
v -3678.769043 -8.679294 -15.063485
v -3679.749756 -10.618616 -12.975022
v -3677.749756 -10.618616 -12.975015
v -3677.749756 -12.249109 -14.801324
v -3678.782227 -14.923716 -13.857678
v -3678.945801 6.262667 -16.217318
v -3677.348633 1.660920 -16.932688
v -3679.090332 1.558214 -17.914442
v -3680.073486 1.740172 -16.175123
v -3679.018799 -2.409788 -15.834463
v -3736.625732 11.131965 -16.398987
v -3736.285400 6.786154 -13.842473
v -3734.252197 6.547640 -15.607490
v -3736.021240 6.273520 -17.636024
v -3736.790771 2.122148 -16.257929
v -3736.813721 -6.200606 -15.844852
v -3736.554199 -12.689624 -15.036488
v -3739.657715 -9.349600 -14.922769
v -3736.728271 -8.814848 -13.716733
v -3738.422363 -10.617738 -17.782829
v -3736.571777 -12.558393 -15.063489
v -3737.552490 -14.497716 -12.975026
v -3735.552490 -14.497716 -12.975026
v -3735.552490 -16.128208 -14.801326
v -3736.584961 -18.802814 -13.857686
v -3736.748535 2.383566 -16.217327
v -3735.151367 -2.218178 -16.932692
v -3736.893066 -2.320884 -17.914450
v -3737.876221 -2.138928 -16.175129
v -3736.821533 -6.288890 -15.834465
v -3705.230957 0.744962 -20.026503
v -3707.549072 -2.996784 -18.445383
v -3705.231934 -2.626006 -17.081419
v -3703.866211 -3.914028 -19.313780
v -3705.416992 -8.093348 -19.144560
v -3705.816162 -16.164282 -18.122845
v -3706.500977 -22.273598 -16.919762
v -3707.589600 -20.295322 -20.124504
v -3707.808105 -18.382923 -17.100292
v -3704.485596 -21.414295 -19.723206
v -3706.480957 -22.156677 -16.958790
v -3708.772217 -24.167488 -17.009266
v -3708.140381 -23.332485 -15.158222
v -3706.407715 -25.176943 -15.541752
v -3707.629150 -28.085855 -15.912216
v -3705.442139 -7.815054 -19.121714
v -3704.258789 -11.736724 -17.357843
v -3703.877686 -12.700577 -19.261126
v -3705.838379 -12.691690 -19.654932
v -3705.828369 -16.252247 -18.117229
v -3668.623535 4.691946 -17.972036
v -3670.941650 0.950200 -16.390921
v -3668.624512 1.320980 -15.026949
v -3667.259033 0.032956 -17.259317
v -3668.809570 -4.146362 -17.090094
v -3669.208740 -12.217296 -16.068380
v -3669.893799 -18.326612 -14.865296
v -3670.982178 -16.348337 -18.070038
v -3671.200928 -14.435938 -15.045827
v -3667.878418 -17.467310 -17.668743
v -3669.873779 -18.209692 -14.904321
v -3672.165039 -20.220503 -14.954801
v -3671.532959 -19.385500 -13.103761
v -3669.800293 -21.229961 -13.487287
v -3671.021729 -24.138870 -13.857746
v -3668.834717 -3.868068 -17.067247
v -3667.651367 -7.789738 -15.303381
v -3667.270264 -8.753588 -17.206659
v -3669.231201 -8.744706 -17.600466
v -3669.221191 -12.305262 -16.062765
v -3625.295654 10.365778 -15.380534
v -3627.613525 6.624028 -13.799417
v -3625.296631 6.994810 -12.435451
v -3623.930908 5.706784 -14.667819
v -3625.481689 1.527468 -14.498598
v -3625.880615 -6.543466 -13.476885
v -3626.565674 -12.652781 -12.273797
v -3627.654297 -10.674508 -15.478539
v -3627.872803 -8.762106 -12.454331
v -3624.550293 -11.793480 -15.077249
v -3626.545654 -12.535862 -12.312821
v -3628.836914 -14.546674 -12.363297
v -3628.205078 -13.711670 -10.512261
v -3626.472412 -15.556129 -10.895783
v -3627.693848 -18.465038 -11.266244
v -3625.506836 1.805762 -14.475748
v -3624.323486 -2.115907 -12.711885
v -3623.942383 -3.079760 -14.615152
v -3625.903076 -3.070876 -15.008959
v -3625.893066 -6.631433 -13.471262
v -3653.469238 -12.468783 -18.517023
v -3651.872070 -17.070530 -19.232391
v -3653.613770 -17.173239 -20.214142
v -3654.596924 -16.991280 -18.474823
v -3653.542236 -21.141239 -18.134163
v -3653.534180 -21.052959 -18.144547
v -3655.143066 -25.470091 -20.082523
v -3656.378418 -24.201950 -17.222466
v -3653.448975 -23.667198 -16.016434
v -3653.274902 -27.541975 -17.336189
v -3653.292480 -27.410746 -17.363190
v -3654.272949 -29.350067 -15.274727
v -3652.272949 -29.350067 -15.274727
v -3652.272949 -30.980560 -17.101028
v -3653.305420 -33.655167 -16.157379
v -3632.408203 2.536852 -18.459360
v -3630.811035 -2.064894 -19.174723
v -3632.552734 -2.167600 -20.156481
v -3633.535889 -1.985644 -18.417154
v -3632.481201 -6.135604 -18.076502
v -3632.473389 -6.047324 -18.086885
v -3634.082031 -10.464455 -20.024866
v -3635.317383 -9.196314 -17.164804
v -3632.387939 -8.661562 -15.958772
v -3632.213867 -12.536340 -17.278521
v -3632.231445 -12.405109 -17.305521
v -3633.211914 -14.344432 -15.217057
v -3631.211914 -14.344432 -15.217057
v -3631.211914 -15.974924 -17.043365
v -3632.244385 -18.649532 -16.099716
v -3690.009277 20.346174 -15.952549
v -3688.412354 15.744428 -16.667919
v -3690.154053 15.641721 -17.649673
v -3691.136963 15.823682 -15.910354
v -3690.082275 11.673720 -15.569690
v -3690.074463 11.762002 -15.580073
v -3691.683350 7.344871 -17.518049
v -3692.918701 8.613008 -14.657989
v -3689.989014 9.147760 -13.451957
v -3689.815186 5.272986 -14.771708
v -3689.832764 5.404215 -14.798713
v -3690.813232 3.464893 -12.710249
v -3688.813232 3.464893 -12.710249
v -3688.813232 1.834402 -14.536551
v -3689.845703 -0.840206 -13.592905
v -3723.554932 -4.003298 -17.389702
v -3721.957764 -8.605044 -18.105062
v -3723.699463 -8.707750 -19.086824
v -3724.682617 -8.525794 -17.347500
v -3723.627930 -12.675752 -17.006838
v -3723.620117 -12.587474 -17.017225
v -3725.228760 -17.004604 -18.955200
v -3726.464111 -15.736464 -16.095140
v -3723.534668 -15.201712 -14.889108
v -3723.360596 -19.076488 -16.208858
v -3723.378174 -18.945259 -16.235863
v -3724.358887 -20.884583 -14.147400
v -3722.358887 -20.884581 -14.147400
v -3722.358887 -22.515072 -15.973701
v -3723.391113 -25.189680 -15.030056
v -3759.281494 -1.523270 -18.747349
v -3757.752441 -6.125016 -17.896044
v -3758.008301 -6.227722 -19.878944
v -3759.990234 -6.045766 -19.625559
v -3759.631836 -10.195725 -18.576714
v -3759.618896 -10.107444 -18.576611
v -3759.029053 -14.524577 -21.025328
v -3762.059814 -13.256438 -20.303246
v -3761.272705 -12.721685 -17.234539
v -3760.111328 -16.596458 -17.885008
v -3760.100098 -16.465231 -17.915251
v -3762.360107 -18.404552 -17.450872
v -3761.163086 -18.404552 -15.848619
v -3759.699951 -20.035046 -16.941648
v -3761.073975 -22.709652 -17.203999
v -3773.548340 10.066744 -18.074316
v -3775.866211 6.324994 -16.493198
v -3773.549316 6.695776 -15.129235
v -3772.183594 5.407750 -17.361599
v -3773.734375 1.228434 -17.192375
v -3774.133301 -6.842500 -16.170662
v -3774.818359 -12.951816 -14.967576
v -3775.906982 -10.973542 -18.172321
v -3776.125488 -9.061139 -15.148107
v -3772.802979 -12.092514 -17.771025
v -3774.798340 -12.834896 -15.006604
v -3777.089600 -14.845708 -15.057082
v -3776.457764 -14.010704 -13.206038
v -3774.725098 -15.855164 -13.589569
v -3775.946533 -18.764074 -13.960030
v -3773.759521 1.506726 -17.169525
v -3772.576172 -2.414942 -15.405661
v -3772.195068 -3.378794 -17.308941
v -3774.155762 -3.369910 -17.702745
v -3774.145752 -6.930468 -16.165047
v -3685.969238 -14.813432 -17.229855
v -3684.440430 -19.415176 -16.378551
v -3684.696289 -19.517883 -18.361454
v -3686.677979 -19.335926 -18.108067
v -3686.319824 -23.485886 -17.059223
v -3686.306641 -23.397606 -17.059120
v -3685.717041 -27.814737 -19.507832
v -3688.747559 -26.546597 -18.785755
v -3687.960449 -26.011845 -15.717045
v -3686.799072 -29.886621 -16.367516
v -3686.788086 -29.755392 -16.397758
v -3689.047852 -31.694714 -15.933380
v -3687.851074 -31.694714 -14.331123
v -3686.387939 -33.325211 -15.424156
v -3687.761719 -35.999813 -15.686511
v -3989.318848 -9.391326 -16.783340
v -3987.790039 -13.993070 -15.932035
v -3988.045898 -14.095778 -17.914936
v -3990.027588 -13.913819 -17.661551
v -3989.669434 -18.063782 -16.612705
v -3989.656250 -17.975498 -16.612602
v -3989.066650 -22.392632 -19.061319
v -3992.097168 -21.124493 -18.339235
v -3991.310059 -20.589743 -15.270528
v -3990.148682 -24.464516 -15.921000
v -3990.137451 -24.333286 -15.951242
v -3992.397461 -26.272610 -15.486863
v -3991.200439 -26.272608 -13.884609
v -3989.737549 -27.903101 -14.977640
v -3991.111328 -30.577707 -15.239991
v -3815.717773 1.577928 -16.398973
v -3815.377197 -2.767886 -13.842463
v -3813.344238 -3.006398 -15.607477
v -3815.113281 -3.280520 -17.636019
v -3815.882812 -7.431888 -16.257921
v -3815.905518 -15.754643 -15.844842
v -3815.646240 -22.243660 -15.036476
v -3818.749756 -18.903637 -14.922761
v -3815.820312 -18.368885 -13.716737
v -3817.514404 -20.171776 -17.782822
v -3815.663818 -22.112431 -15.063484
v -3816.644287 -24.051754 -12.975014
v -3814.644287 -24.051752 -12.975014
v -3814.644287 -25.682243 -14.801323
v -3815.676758 -28.356852 -13.857681
v -3815.840576 -7.170470 -16.217318
v -3814.243408 -11.772216 -16.932680
v -3815.985107 -11.874922 -17.914446
v -3816.968262 -11.692964 -16.175112
v -3815.913574 -15.842926 -15.834466
v -3878.825684 15.011064 -16.398979
v -3878.485352 10.665250 -13.842471
v -3876.452148 10.426741 -15.607482
v -3878.221191 10.152617 -17.636019
v -3878.990723 6.001250 -16.257917
v -3879.013672 -2.321508 -15.844843
v -3878.754150 -8.810523 -15.036485
v -3881.857666 -5.470500 -14.922762
v -3878.928223 -4.935747 -13.716734
v -3880.622314 -6.738640 -17.782824
v -3878.771729 -8.679294 -15.063485
v -3879.752441 -10.618616 -12.975022
v -3877.752441 -10.618616 -12.975015
v -3877.752441 -12.249109 -14.801324
v -3878.784912 -14.923716 -13.857678
v -3878.948486 6.262667 -16.217318
v -3877.351318 1.660920 -16.932688
v -3879.093018 1.558214 -17.914442
v -3880.076172 1.740172 -16.175123
v -3879.021484 -2.409788 -15.834463
v -3936.628418 11.131965 -16.398987
v -3936.288086 6.786154 -13.842473
v -3934.254883 6.547640 -15.607490
v -3936.023926 6.273520 -17.636024
v -3936.793457 2.122148 -16.257929
v -3936.816406 -6.200606 -15.844852
v -3936.556885 -12.689624 -15.036488
v -3939.660400 -9.349600 -14.922769
v -3936.730957 -8.814848 -13.716733
v -3938.425049 -10.617738 -17.782829
v -3936.574463 -12.558393 -15.063489
v -3937.555176 -14.497716 -12.975026
v -3935.555176 -14.497716 -12.975026
v -3935.555176 -16.128208 -14.801326
v -3936.587646 -18.802814 -13.857686
v -3936.751221 2.383566 -16.217327
v -3935.154053 -2.218178 -16.932692
v -3936.895752 -2.320884 -17.914450
v -3937.878906 -2.138928 -16.175129
v -3936.824219 -6.288890 -15.834465
v -3905.233643 0.744962 -20.026503
v -3907.551758 -2.996784 -18.445383
v -3905.234619 -2.626006 -17.081419
v -3903.868896 -3.914028 -19.313780
v -3905.419678 -8.093348 -19.144560
v -3905.818848 -16.164282 -18.122845
v -3906.503662 -22.273598 -16.919762
v -3907.592285 -20.295322 -20.124504
v -3907.810791 -18.382923 -17.100292
v -3904.488281 -21.414295 -19.723206
v -3906.483643 -22.156677 -16.958790
v -3908.774902 -24.167488 -17.009266
v -3908.143066 -23.332485 -15.158222
v -3906.410400 -25.176943 -15.541752
v -3907.631836 -28.085855 -15.912216
v -3905.444824 -7.815054 -19.121714
v -3904.261475 -11.736724 -17.357843
v -3903.880371 -12.700577 -19.261126
v -3905.841064 -12.691690 -19.654932
v -3905.831055 -16.252247 -18.117229
v -3868.626221 4.691946 -17.972036
v -3870.944336 0.950200 -16.390921
v -3868.627441 1.320980 -15.026949
v -3867.261719 0.032956 -17.259317
v -3868.812256 -4.146362 -17.090094
v -3869.211426 -12.217296 -16.068380
v -3869.896484 -18.326612 -14.865296
v -3870.984863 -16.348337 -18.070038
v -3871.203613 -14.435938 -15.045827
v -3867.881104 -17.467310 -17.668743
v -3869.876465 -18.209692 -14.904321
v -3872.167725 -20.220503 -14.954801
v -3871.535645 -19.385500 -13.103761
v -3869.802979 -21.229961 -13.487287
v -3871.024414 -24.138870 -13.857746
v -3868.837402 -3.868068 -17.067247
v -3867.654053 -7.789738 -15.303381
v -3867.272949 -8.753588 -17.206659
v -3869.233887 -8.744706 -17.600466
v -3869.223877 -12.305262 -16.062765
v -3825.298340 10.365778 -15.380534
v -3827.616211 6.624028 -13.799417
v -3825.299316 6.994810 -12.435451
v -3823.933594 5.706784 -14.667819
v -3825.484375 1.527468 -14.498598
v -3825.883301 -6.543466 -13.476885
v -3826.568359 -12.652781 -12.273797
v -3827.656982 -10.674508 -15.478539
v -3827.875488 -8.762106 -12.454331
v -3824.552979 -11.793480 -15.077249
v -3826.548340 -12.535862 -12.312821
v -3828.839600 -14.546674 -12.363297
v -3828.207764 -13.711670 -10.512261
v -3826.475098 -15.556129 -10.895783
v -3827.696533 -18.465038 -11.266244
v -3825.509521 1.805762 -14.475748
v -3824.326172 -2.115907 -12.711885
v -3823.945068 -3.079760 -14.615152
v -3825.905762 -3.070876 -15.008959
v -3825.895752 -6.631433 -13.471262
v -3853.471924 -12.468783 -18.517023
v -3851.874756 -17.070530 -19.232391
v -3853.616455 -17.173239 -20.214142
v -3854.599609 -16.991280 -18.474823
v -3853.544922 -21.141239 -18.134163
v -3853.536865 -21.052959 -18.144547
v -3855.145752 -25.470091 -20.082523
v -3856.381104 -24.201950 -17.222466
v -3853.451660 -23.667198 -16.016434
v -3853.277588 -27.541975 -17.336189
v -3853.295166 -27.410746 -17.363190
v -3854.275635 -29.350067 -15.274727
v -3852.275635 -29.350067 -15.274727
v -3852.275635 -30.980560 -17.101028
v -3853.308105 -33.655167 -16.157379
v -3832.410889 2.536852 -18.459360
v -3830.813721 -2.064894 -19.174723
v -3832.555420 -2.167600 -20.156481
v -3833.538574 -1.985644 -18.417154
v -3832.483887 -6.135604 -18.076502
v -3832.476074 -6.047324 -18.086885
v -3834.084717 -10.464455 -20.024866
v -3835.320068 -9.196314 -17.164804
v -3832.390625 -8.661562 -15.958772
v -3832.216553 -12.536340 -17.278521
v -3832.234131 -12.405109 -17.305521
v -3833.214600 -14.344432 -15.217057
v -3831.214600 -14.344432 -15.217057
v -3831.214600 -15.974924 -17.043365
v -3832.247070 -18.649532 -16.099716
v -3890.011963 20.346174 -15.952549
v -3888.415039 15.744428 -16.667919
v -3890.156738 15.641721 -17.649673
v -3891.139648 15.823682 -15.910354
v -3890.084961 11.673720 -15.569690
v -3890.077148 11.762002 -15.580073
v -3891.686035 7.344871 -17.518049
v -3892.921387 8.613008 -14.657989
v -3889.991699 9.147760 -13.451957
v -3889.817871 5.272986 -14.771708
v -3889.835449 5.404215 -14.798713
v -3890.815918 3.464893 -12.710249
v -3888.815918 3.464893 -12.710249
v -3888.815918 1.834402 -14.536551
v -3889.848389 -0.840206 -13.592905
v -3923.557617 -4.003298 -17.389702
v -3921.960449 -8.605044 -18.105062
v -3923.702148 -8.707750 -19.086824
v -3924.685303 -8.525794 -17.347500
v -3923.630615 -12.675752 -17.006838
v -3923.622803 -12.587474 -17.017225
v -3925.231445 -17.004604 -18.955200
v -3926.466797 -15.736464 -16.095140
v -3923.537354 -15.201712 -14.889108
v -3923.363281 -19.076488 -16.208858
v -3923.380859 -18.945259 -16.235863
v -3924.361572 -20.884583 -14.147400
v -3922.361572 -20.884581 -14.147400
v -3922.361572 -22.515072 -15.973701
v -3923.393799 -25.189680 -15.030056
v -3959.284180 -1.523270 -18.747349
v -3957.755127 -6.125016 -17.896044
v -3958.011230 -6.227722 -19.878944
v -3959.992920 -6.045766 -19.625559
v -3959.634521 -10.195725 -18.576714
v -3959.621582 -10.107444 -18.576611
v -3959.031738 -14.524577 -21.025328
v -3962.062500 -13.256438 -20.303246
v -3961.275391 -12.721685 -17.234539
v -3960.114014 -16.596458 -17.885008
v -3960.102783 -16.465231 -17.915251
v -3962.362793 -18.404552 -17.450872
v -3961.165771 -18.404552 -15.848619
v -3959.702637 -20.035046 -16.941648
v -3961.076660 -22.709652 -17.203999
v -3973.551025 10.066744 -18.074316
v -3975.868896 6.324994 -16.493198
v -3973.552002 6.695776 -15.129235
v -3972.186279 5.407750 -17.361599
v -3973.737061 1.228434 -17.192375
v -3974.135986 -6.842500 -16.170662
v -3974.821045 -12.951816 -14.967576
v -3975.909668 -10.973542 -18.172321
v -3976.128174 -9.061139 -15.148107
v -3972.805664 -12.092514 -17.771025
v -3974.801025 -12.834896 -15.006604
v -3977.092285 -14.845708 -15.057082
v -3976.460449 -14.010704 -13.206038
v -3974.727539 -15.855164 -13.589569
v -3975.949219 -18.764074 -13.960030
v -3973.762207 1.506726 -17.169525
v -3972.578857 -2.414942 -15.405661
v -3972.197754 -3.378794 -17.308941
v -3974.158447 -3.369910 -17.702745
v -3974.148438 -6.930468 -16.165047
v -3885.971924 -14.813432 -17.229855
v -3884.443115 -19.415176 -16.378551
v -3884.698975 -19.517883 -18.361454
v -3886.680664 -19.335926 -18.108067
v -3886.322510 -23.485886 -17.059223
v -3886.309326 -23.397606 -17.059120
v -3885.719727 -27.814737 -19.507832
v -3888.750244 -26.546597 -18.785755
v -3887.963135 -26.011845 -15.717045
v -3886.801758 -29.886621 -16.367516
v -3886.790771 -29.755392 -16.397758
v -3889.050537 -31.694714 -15.933380
v -3887.853760 -31.694714 -14.331123
v -3886.390625 -33.325211 -15.424156
v -3887.764404 -35.999813 -15.686511
vn 0.9473 0.2894 -0.1372
vn -0.6118 -0.0573 0.7889
vn -0.1055 0.2055 -0.9730
vn -0.6017 0.1465 0.7852
vn -0.1456 -0.2542 -0.9561
vn 0.9097 -0.4039 -0.0965
vn 0.7944 -0.2099 0.5700
vn -0.0058 0.4842 -0.8749
vn -0.8137 0.5709 0.1092
vn -0.9032 -0.3189 0.2872
vn 0.8819 0.1921 0.4306
vn -0.4267 -0.6803 -0.5959
vn -0.5451 0.7328 0.4073
vn 0.0251 -0.2604 -0.9652
vn 0.7437 0.2522 0.6192
vn 0.1879 -0.0002 -0.9822
vn 0.3615 -0.2732 0.8914
vn -0.7848 -0.2009 0.5863
vn -0.9925 -0.1097 -0.0543
vn 0.6192 0.4336 0.6547
vn 0.7114 0.2552 -0.6548
vn 0.7325 -0.3329 -0.5938
vn -0.9842 0.1528 -0.0892
vn 0.5636 -0.4272 0.7070
vn -0.3995 0.5709 0.7173
vn -0.7044 0.4842 -0.5190
vn 0.9321 -0.2099 -0.2953
vn 0.8728 0.1921 -0.4488
vn -0.7327 -0.6803 -0.0148
vn -0.3104 -0.3189 0.8955
vn -0.7582 -0.2604 -0.5978
vn -0.0000 0.7328 0.6805
vn 0.9411 0.2522 -0.2252
vn 0.9305 -0.2732 0.2439
vn -0.6744 -0.0002 -0.7384
vn -0.0000 -0.2009 0.9796
vn 0.2659 -0.0573 0.9623
vn 0.4570 0.2894 -0.8411
vn -0.8426 0.2055 -0.4978
vn -0.8531 -0.2542 -0.4556
vn 0.2689 0.1465 0.9520
vn 0.4672 -0.4039 -0.7865
vn -0.0000 -0.2008 0.9796
vn -0.2762 -0.2239 -0.9347
vn -0.4810 0.5769 0.6602
vn 0.8799 0.3125 0.3580
vn 0.7526 -0.2546 0.6073
vn -0.2194 0.0419 -0.9747
vn -0.4471 -0.3025 0.8418
vn -0.7684 0.5144 -0.3808
vn 0.2396 0.3381 -0.9101
vn 0.5503 -0.1128 0.8273
vn 0.7381 0.2765 0.6154
vn -0.2523 -0.8594 -0.4448
vn -0.9419 -0.3105 0.1282
vn 0.3601 -0.3891 -0.8479
vn -0.6539 0.7479 -0.1142
vn 0.5538 0.3646 0.7485
vn 0.0585 -0.1503 0.9869
vn 0.4944 -0.0976 -0.8637
vn -0.9103 -0.1585 0.3823
vn -0.8250 0.0053 0.5651
vn 0.9520 0.3038 0.0368
vn 0.1965 0.0908 -0.9763
vn 0.1796 -0.3896 -0.9033
vn -0.8442 0.2105 0.4930
vn 0.8629 -0.3597 0.3549
vn 0.8629 -0.3597 0.3550
vn 0.8728 0.1920 -0.4488
vn 0.7436 0.2522 0.6192
vn -0.7848 -0.2008 0.5863
vn 0.4944 -0.0976 -0.8638
vn -0.5451 0.7328 0.4072
vn 0.9473 0.2894 -0.1373
vn 0.3616 -0.2732 0.8914
vn 0.7114 0.2553 -0.6548
vn -0.7044 0.4842 -0.5189
vn 0.5538 0.3647 0.7485
vn -0.8250 0.0053 0.5652
vn -0.9419 -0.3105 0.1283
vn 0.1797 -0.3896 -0.9033
vn 0.9097 -0.4039 -0.0964
vn -0.8137 0.5709 0.1093
vn -0.9032 -0.3190 0.2872
vn -0.4267 -0.6804 -0.5959
vn 0.8727 0.1920 -0.4488
vn 0.9306 -0.2732 0.2438
vn 0.4571 0.2894 -0.8410
vn 0.2689 0.1465 0.9519
vn -0.9925 -0.1097 -0.0542
vn 0.7113 0.2552 -0.6549
vn -0.9842 0.1528 -0.0891
vn -0.7044 0.4843 -0.5190
vn 0.9520 0.3038 0.0369
vn -0.3104 -0.3190 0.8955
vn 0.9305 -0.2732 0.2440
vn -0.8426 0.2055 -0.4977
vn -0.0000 0.7328 0.6804
vn -0.6744 -0.0002 -0.7383
vn -0.0058 0.4843 -0.8749
vn -0.9032 -0.3189 0.2873
vn 0.7525 -0.2546 0.6073
vn -0.6539 0.7480 -0.1141
vn -0.9103 -0.1586 0.3823
vn 0.9520 0.3038 0.0367
vn -0.8441 0.2105 0.4930
vn -0.8138 0.5709 0.1092
vn 0.8819 0.1920 0.4306
vn 0.8727 0.1921 -0.4488
vn 0.4672 -0.4039 -0.7866
vn 0.5502 -0.1128 0.8274
vn 0.5539 0.3647 0.7485
vn -0.4471 -0.3025 0.8417
vn -0.6539 0.7479 -0.1141
vn -0.8531 -0.2542 -0.4555
vn -0.7581 -0.2604 -0.5978
vn 0.9411 0.2522 -0.2251
vn 0.9320 -0.2099 -0.2953
vn -0.7044 0.4843 -0.5189
vn -0.6118 -0.0573 0.7890
vn 0.9321 -0.2099 -0.2952
vn 0.4570 0.2893 -0.8411
vn -0.8427 0.2055 -0.4977
vn -0.7683 0.5144 -0.3809
vn 0.2396 0.3382 -0.9101
vn 0.0585 -0.1502 0.9869
vn 0.9305 -0.2732 0.2438
vn 0.4672 -0.4038 -0.7866
vn -0.3995 0.5708 0.7173
vn -0.1055 0.2054 -0.9730
vn 0.9097 -0.4038 -0.0965
vn -0.7848 -0.2008 0.5864
vn 0.2690 0.1465 0.9519
vn -0.9842 0.1529 -0.0892
vn 0.9320 -0.2099 -0.2954
vn 0.8727 0.1924 -0.4488
vn 0.8727 0.1924 -0.4487
vn -0.8532 -0.2542 -0.4555
vn -0.7683 0.5144 -0.3808
vn 0.3601 -0.3890 -0.8479
vn -0.9103 -0.1585 0.3824
vn -0.8441 0.2105 0.4931
vn 0.8630 -0.3597 0.3549
vn 0.8799 0.3125 0.3579
vn -0.4472 -0.3025 0.8417
vn -0.9104 -0.1585 0.3822
vn -0.8250 0.0052 0.5652
vn 0.8630 -0.3596 0.3549
vn -0.4809 0.5769 0.6602
vn -0.6539 0.7480 -0.1142
vn 0.5538 0.3646 0.7486
vn -0.8249 0.0053 0.5652
vn -0.8442 0.2108 0.4928
vn -0.8443 0.2107 0.4927
vn -0.8443 0.2107 0.4928
vn -0.3105 -0.3190 0.8955
vn -0.7328 -0.6803 -0.0148
vn -0.8531 -0.2542 -0.4557
vn -0.6743 -0.0002 -0.7384
vn -0.7328 -0.6803 -0.0149
vn -0.1456 -0.2543 -0.9561
vn 0.7944 -0.2099 0.5699
vn -0.8138 0.5708 0.1092
vn 0.3615 -0.2731 0.8915
vn -0.7850 -0.2010 0.5860
vn -0.7850 -0.2011 0.5860
vn -0.2761 -0.2239 -0.9347
vn -0.4266 -0.6803 -0.5959
vn -0.7847 -0.2008 0.5864
vn 0.6192 0.4336 0.6546
vn 0.9306 -0.2731 0.2438
vn 0.2658 -0.0573 0.9623
vn 0.5637 -0.4272 0.7069
vn 0.7325 -0.3329 -0.5939
vn 0.8630 -0.3597 0.3548
vn -0.2523 -0.8593 -0.4448
vn -0.6539 0.7479 -0.1143
vn -0.8532 -0.2543 -0.4555
vn 0.9306 -0.2731 0.2437
vn -0.7327 -0.6803 -0.0149
vn -0.8532 -0.2539 -0.4557
vn -0.3995 0.5709 0.7172
vn -0.8427 0.2055 -0.4976
vn -0.7582 -0.2604 -0.5977
vn 0.9412 0.2518 -0.2251
vn 0.9412 0.2517 -0.2252
vn -0.8138 0.5708 0.1093
vn -0.7848 -0.2009 0.5862
vn 0.8629 -0.3595 0.3553
vn 0.8629 -0.3594 0.3553
vn 0.7944 -0.2096 0.5700
vn 0.7944 -0.2096 0.5701
vn 0.7943 -0.2096 0.5702
vn 0.8629 -0.3596 0.3550
vn -0.8425 0.2055 -0.4979
vn 0.7437 0.2522 0.6191
vn -0.8442 0.2106 0.4929
vn 0.8629 -0.3596 0.3551
vn 0.9473 0.2894 -0.1374
vn 0.9305 -0.2731 0.2439
vn 0.9411 0.2522 -0.2253
vn -0.8530 -0.2542 -0.4557
vn 0.7525 -0.2546 0.6074
vn -0.9104 -0.1586 0.3822
vn 0.4671 -0.4038 -0.7866
vn -0.9104 -0.1585 0.3823
vn 0.8819 0.1920 0.4305
vn -0.7847 -0.2008 0.5865
vn -0.6119 -0.0573 0.7889
vn -0.1056 0.2055 -0.9729
vn -0.5452 0.7328 0.4072
vn -0.9925 -0.1097 -0.0544
vn 0.6191 0.4336 0.6547
vn 0.8630 -0.3597 0.3547
vn 0.2395 0.3381 -0.9101
vn 0.9520 0.3038 0.0366
vn -0.6017 0.1465 0.7851
vn 0.7526 -0.2546 0.6072
vn 0.8629 -0.3595 0.3552
vn 0.8629 -0.3594 0.3552
vn -0.6115 -0.0573 0.7892
vn -0.6115 -0.0572 0.7892
vn -0.6016 0.1465 0.7852
vn 0.9097 -0.4039 -0.0966
vn 0.7943 -0.2099 0.5701
vn 0.8818 0.1921 0.4306
vn 0.7437 0.2525 0.6190
vn -0.8424 0.2053 -0.4982
vn -0.8424 0.2052 -0.4982
vn -0.9925 -0.1097 -0.0541
vn 0.6193 0.4337 0.6546
vn -0.9842 0.1529 -0.0890
vn 0.5637 -0.4273 0.7069
vn -0.3995 0.5704 0.7176
vn -0.3996 0.5704 0.7176
vn -0.7045 0.4843 -0.5188
vn 0.9320 -0.2100 -0.2954
vn -0.7328 -0.6803 -0.0147
vn -0.3105 -0.3190 0.8954
vn -0.6744 -0.0005 -0.7384
vn -0.6745 -0.0005 -0.7383
vn -0.6743 -0.0005 -0.7384
vn -0.8530 -0.2542 -0.4558
vn -0.4809 0.5765 0.6606
vn -0.4809 0.5765 0.6605
vn -0.4809 0.5766 0.6606
vn -0.2523 -0.8594 -0.4447
vn -0.9420 -0.3102 0.1282
vn -0.9420 -0.3102 0.1281
vn 0.3601 -0.3890 -0.8480
vn -0.9104 -0.1586 0.3821
vn -0.8249 0.0052 0.5652
vn 0.9520 0.3038 0.0365
vn -0.8441 0.2111 0.4929
vn -0.8442 0.2111 0.4928
vn -0.8441 0.2111 0.4928
vn -0.4810 0.5770 0.6601
vn 0.7524 -0.2546 0.6075
vn -0.4471 -0.3026 0.8417
vn -0.8249 0.0053 0.5653
vn 0.2688 0.1465 0.9520
vn 0.4671 -0.4038 -0.7867
vn -0.7581 -0.2604 -0.5979
vn 0.9411 0.2522 -0.2250
vn 0.4572 0.2894 -0.8410
vn -0.8425 0.2055 -0.4980
vn 0.9305 -0.2731 0.2441
vn -0.8427 0.2054 -0.4977
vn 0.8726 0.1925 -0.4489
vn 0.9473 0.2893 -0.1372
vn -0.6018 0.1468 0.7850
vn -0.6019 0.1468 0.7850
vn -0.5452 0.7328 0.4073
vn -0.6539 0.7480 -0.1140
vn -0.9103 -0.1586 0.3824
vn 0.1964 0.0908 -0.9763
vn 0.8629 -0.3597 0.3551
vn 0.7436 0.2522 0.6193
vn 0.9473 0.2893 -0.1374
vn -0.6117 -0.0573 0.7890
vn -0.5451 0.7327 0.4074
vn 0.0251 -0.2605 -0.9652
vn 0.9321 -0.2097 -0.2954
vn 0.9321 -0.2096 -0.2953
vn 0.9321 -0.2096 -0.2952
vn -0.0000 0.7329 0.6804
vn 0.9306 -0.2727 0.2443
vn -0.8428 0.2055 -0.4975
vn 0.7325 -0.3329 -0.5937
vn -0.8429 0.2055 -0.4973
vn -0.8429 0.2056 -0.4973
vn 0.4673 -0.4040 -0.7864
vn -0.3996 0.5709 0.7172
vn 0.8728 0.1921 -0.4487
vn 0.9412 0.2519 -0.2251
vn 0.9412 0.2519 -0.2252
vn -0.8427 0.2056 -0.4976
vn 0.4673 -0.4039 -0.7864
vn 0.5503 -0.1127 0.8273
vn 0.9521 0.3037 0.0364
vn -0.8442 0.2105 0.4929
vn 0.8799 0.3125 0.3581
vn -0.4470 -0.3025 0.8418
vn -0.7684 0.5144 -0.3807
vn 0.7383 0.2761 0.6154
vn 0.7382 0.2761 0.6154
vn 0.3602 -0.3891 -0.8479
vn 0.4943 -0.0976 -0.8638
vn -0.9103 -0.1585 0.3825
vn -0.8439 0.2106 0.4935
vn -0.8439 0.2105 0.4935
vn 0.7525 -0.2547 0.6073
vn 0.7382 0.2762 0.6154
vn 0.7382 0.2762 0.6155
vn -0.9418 -0.3107 0.1281
vn -0.9418 -0.3108 0.1281
vn 0.3602 -0.3892 -0.8478
vn 0.4945 -0.0976 -0.8637
vn -0.8251 0.0052 0.5650
vn 0.9520 0.3038 0.0371
vn 0.1796 -0.3895 -0.9033
vn -0.8440 0.2105 0.4932
vn 0.9321 -0.2100 -0.2952
vn 0.8728 0.1917 -0.4488
vn 0.8729 0.1918 -0.4487
vn 0.9304 -0.2730 0.2444
vn 0.9305 -0.2729 0.2444
vn 0.4569 0.2893 -0.8412
vn -0.8428 0.2055 -0.4974
vn 0.4672 -0.4038 -0.7865
vn -0.8426 0.2055 -0.4979
vn 0.4671 -0.4034 -0.7868
vn 0.8726 0.1925 -0.4490
vn 0.9472 0.2897 -0.1376
vn 0.9472 0.2897 -0.1375
vn 0.8818 0.1920 0.4307
vn -0.4265 -0.6801 -0.5963
vn 0.7381 0.2765 0.6155
vn 0.3600 -0.3887 -0.8481
vn 0.3601 -0.3887 -0.8481
vn 0.5537 0.3646 0.7487
vn -0.8443 0.2106 0.4928
vn 0.8628 -0.3596 0.3552
vn 0.9097 -0.4039 -0.0967
vn 0.7944 -0.2100 0.5699
vn 0.7438 0.2523 0.6190
vn 0.7945 -0.2100 0.5699
vn -0.4267 -0.6804 -0.5958
vn 0.3616 -0.2731 0.8914
vn -0.7848 -0.2008 0.5862
vn -0.9842 0.1529 -0.0893
vn 0.9410 0.2522 -0.2254
vn -0.8425 0.2054 -0.4980
vn 0.4672 -0.4034 -0.7868
vn 0.7324 -0.3329 -0.5939
vn -0.8532 -0.2542 -0.4554
vn 0.4671 -0.4033 -0.7868
vn 0.4671 -0.4034 -0.7869
vn -0.9842 0.1528 -0.0893
vn 0.9410 0.2527 -0.2250
vn 0.9411 0.2526 -0.2249
vn -0.2763 -0.2236 -0.9347
vn -0.2762 -0.2236 -0.9347
vn -0.2762 -0.2236 -0.9348
vn -0.4809 0.5769 0.6603
vn 0.5539 0.3647 0.7484
vn -0.8250 0.0052 0.5651
vn 0.9520 0.3037 0.0373
vn 0.9521 0.3036 0.0372
vn 0.9520 0.3037 0.0372
vn 0.1796 -0.3892 -0.9035
vn -0.4472 -0.3026 0.8417
vn -0.7683 0.5144 -0.3810
vn -0.8251 0.0053 0.5650
vn 0.1797 -0.3897 -0.9033
vn -0.8441 0.2110 0.4929
vn -0.8442 0.2110 0.4928
vn 0.7526 -0.2547 0.6073
vn 0.7381 0.2769 0.6153
vn 0.7381 0.2768 0.6153
vn -0.8249 0.0052 0.5653
vn 0.1797 -0.3897 -0.9032
vn 0.8629 -0.3595 0.3551
vn 0.8630 -0.3595 0.3551
vn -0.8532 -0.2544 -0.4552
vn -0.8533 -0.2544 -0.4552
vn -0.8532 -0.2545 -0.4553
vn 0.4670 -0.4038 -0.7867
vn 0.9321 -0.2100 -0.2953
vn 0.8726 0.1925 -0.4488
vn -0.6745 -0.0002 -0.7383
vn 0.9320 -0.2102 -0.2953
vn 0.8726 0.1926 -0.4488
vn -0.0000 -0.2004 0.9797
vn -0.8424 0.2053 -0.4981
vn -0.8425 0.2053 -0.4981
vn 0.8727 0.1920 -0.4489
vn -0.6743 -0.0002 -0.7385
vn 0.9304 -0.2731 0.2443
vn 0.4569 0.2893 -0.8411
vn -0.8430 0.2056 -0.4971
vn -0.7585 -0.2600 -0.5976
vn -0.7585 -0.2601 -0.5975
vn -0.7584 -0.2600 -0.5976
vn -0.5452 0.7328 0.4071
vn 0.7435 0.2522 0.6194
vn -0.9418 -0.3108 0.1282
vn -0.9418 -0.3108 0.1283
vn 0.5539 0.3646 0.7485
vn -0.8442 0.2101 0.4932
vn -0.8441 0.2101 0.4933
vn -0.8442 0.2101 0.4931
vn -0.4266 -0.6803 -0.5960
vn 0.3615 -0.2731 0.8914
vn -0.9031 -0.3192 0.2871
vn -0.9031 -0.3193 0.2871
vn -0.9032 -0.3192 0.2871
vn 0.7436 0.2521 0.6192
vn 0.5636 -0.4275 0.7068
vn 0.5637 -0.4275 0.7067
vn 0.9321 -0.2096 -0.2954
vn -0.6743 -0.0007 -0.7384
vn -0.6744 -0.0006 -0.7383
vn -0.6743 -0.0006 -0.7385
vn 0.4674 -0.4042 -0.7863
vn 0.4673 -0.4042 -0.7863
vn 0.8729 0.1916 -0.4487
vn 0.8730 0.1916 -0.4486
vn 0.9412 0.2519 -0.2253
vn 0.9306 -0.2733 0.2436
vn 0.9305 -0.2734 0.2436
vn 0.9305 -0.2734 0.2437
vn -0.8529 -0.2542 -0.4560
vn -0.8529 -0.2543 -0.4560
vn -0.4811 0.5770 0.6600
vn 0.8798 0.3124 0.3582
vn 0.8632 -0.3593 0.3547
vn 0.8632 -0.3594 0.3546
vn 0.8632 -0.3595 0.3545
vn 0.1966 0.0908 -0.9763
vn -0.8441 0.2105 0.4932
vn 0.4673 -0.4044 -0.7862
vn 0.4674 -0.4044 -0.7862
vn 0.9322 -0.2096 -0.2952
vn 0.9322 -0.2096 -0.2951
vn 0.8729 0.1916 -0.4488
vn 0.8729 0.1917 -0.4486
vn 0.9412 0.2522 -0.2250
vn 0.9412 0.2521 -0.2250
vn -0.8431 0.2056 -0.4970
vn 0.9305 -0.2731 0.2440
vn 0.9473 0.2894 -0.1376
vn -0.1455 -0.2539 -0.9562
vn 0.7942 -0.2102 0.5701
vn 0.7943 -0.2102 0.5700
vn 0.7943 -0.2102 0.5701
vn 0.7437 0.2523 0.6191
vn 0.8798 0.3125 0.3581
vn 0.5538 0.3647 0.7486
vn -0.8138 0.5709 0.1091
vn 0.8819 0.1921 0.4305
vn 0.1880 -0.0002 -0.9822
vn 0.8819 0.1925 0.4304
vn -0.7849 -0.2009 0.5862
vn 0.8726 0.1924 -0.4489
vn 0.4671 -0.4033 -0.7869
vn 0.4670 -0.4033 -0.7869
vn 0.9320 -0.2099 -0.2955
vn 0.8727 0.1921 -0.4489
vn 0.4571 0.2895 -0.8410
vn 0.4670 -0.4034 -0.7869
vn 0.9306 -0.2727 0.2441
vn -0.8426 0.2051 -0.4979
vn 0.4672 -0.4035 -0.7867
vn 0.8629 -0.3596 0.3549
vn -0.9419 -0.3105 0.1281
vn -0.9105 -0.1585 0.3820
vn -0.9105 -0.1586 0.3819
vn -0.9105 -0.1585 0.3819
vn -0.8246 0.0052 0.5657
vn -0.8246 0.0051 0.5657
vn -0.8246 0.0053 0.5657
vn 0.1797 -0.3901 -0.9031
vn 0.1796 -0.3901 -0.9031
vn 0.9306 -0.2732 0.2436
vn -0.8531 -0.2544 -0.4555
vn -0.8531 -0.2545 -0.4555
vn 0.4672 -0.4036 -0.7867
vn 0.4671 -0.4036 -0.7867
vn -0.8423 0.2053 -0.4983
vn -0.8424 0.2053 -0.4983
vn 0.9305 -0.2729 0.2443
vn 0.9305 -0.2728 0.2443
vn 0.8729 0.1916 -0.4486
vn 0.9306 -0.2728 0.2441
vn -0.0000 -0.2012 0.9795
vn 0.0001 -0.2012 0.9795
vn -0.0001 -0.2012 0.9795
vn 0.9473 0.2892 -0.1375
vn 0.9474 0.2892 -0.1374
vn -0.6123 -0.0575 0.7885
vn -0.1056 0.2056 -0.9729
vn -0.9032 -0.3189 0.2871
vn 0.7382 0.2766 0.6153
vn -0.8440 0.2106 0.4933
vn -0.5452 0.7325 0.4077
vn -0.5452 0.7325 0.4076
vn -0.7849 -0.2009 0.5861
vn -0.4267 -0.6803 -0.5960
vn 0.7326 -0.3326 -0.5939
vn -0.9842 0.1529 -0.0891
vn 0.9412 0.2522 -0.2248
vn 0.9412 0.2521 -0.2249
vn 0.9412 0.2522 -0.2249
vn 0.9305 -0.2729 0.2445
vn 0.0001 -0.2012 0.9796
vn -0.0001 -0.2012 0.9796
vn 0.4674 -0.4043 -0.7862
vn 0.4673 -0.4043 -0.7862
vn 0.4673 -0.4043 -0.7863
vn 0.4674 -0.4042 -0.7862
vn 0.8728 0.1916 -0.4488
vn -0.7584 -0.2600 -0.5977
vn -0.7584 -0.2601 -0.5977
vn -0.7584 -0.2600 -0.5978
vn 0.4672 -0.4044 -0.7863
vn 0.5502 -0.1127 0.8274
vn 0.4941 -0.0971 -0.8639
vn 0.4942 -0.0971 -0.8639
vn 0.4941 -0.0971 -0.8640
vn -0.9102 -0.1585 0.3826
vn -0.8248 0.0052 0.5655
vn -0.8248 0.0051 0.5654
vn -0.8247 0.0052 0.5655
vn -0.4809 0.5768 0.6603
vn 0.8800 0.3128 0.3575
vn 0.8799 0.3129 0.3576
vn 0.5539 0.3650 0.7483
vn -0.8439 0.2105 0.4934
vn -0.8440 0.2105 0.4934
vn 0.9306 -0.2729 0.2439
vn 0.9306 -0.2729 0.2438
vn -0.8530 -0.2542 -0.4559
vn 0.4674 -0.4041 -0.7863
vn -0.8430 0.2055 -0.4971
vn 0.9304 -0.2734 0.2442
vn 0.9304 -0.2733 0.2443
vn 0.9472 0.2897 -0.1374
vn -0.6115 -0.0575 0.7892
vn -0.6115 -0.0574 0.7892
vn 0.5537 0.3642 0.7488
vn 0.5538 0.3642 0.7488
vn -0.6121 -0.0577 0.7886
vn -0.6121 -0.0577 0.7887
vn -0.6018 0.1465 0.7851
vn -0.8424 0.2054 -0.4981
vn 0.7326 -0.3329 -0.5937
vn 0.4671 -0.4039 -0.7866
vn 0.7322 -0.3332 -0.5940
vn 0.7322 -0.3332 -0.5941
vn 0.7322 -0.3333 -0.5940
vn -0.3994 0.5707 0.7174
vn -0.6743 -0.0005 -0.7385
vn 0.4671 -0.4035 -0.7867
vn -0.2763 -0.2235 -0.9347
vn -0.2762 -0.2235 -0.9347
vn -0.2761 -0.2235 -0.9348
vn -0.4809 0.5766 0.6605
vn -0.4810 0.5766 0.6605
vn 0.5540 0.3647 0.7484
vn -0.8442 0.2106 0.4930
vn 0.8627 -0.3597 0.3554
vn -0.9420 -0.3102 0.1283
vn 0.5538 0.3643 0.7487
vn 0.5538 0.3644 0.7487
vn -0.8248 0.0049 0.5655
vn -0.8248 0.0048 0.5654
vn -0.8247 0.0049 0.5655
vn 0.1796 -0.3900 -0.9031
vn 0.1797 -0.3900 -0.9031
vn 0.9320 -0.2100 -0.2955
vn 0.8727 0.1918 -0.4490
vn 0.8728 0.1917 -0.4489
vn -0.7328 -0.6803 -0.0151
vn 0.9305 -0.2731 0.2442
vn 0.7943 -0.2102 0.5699
vn -0.5454 0.7328 0.4069
vn -0.9104 -0.1582 0.3822
vn -0.9105 -0.1583 0.3821
vn 0.9520 0.3037 0.0371
vn 0.9521 0.3036 0.0370
vn 0.9521 0.3037 0.0370
vn 0.9097 -0.4039 -0.0963
vn 0.7435 0.2522 0.6193
vn 0.9474 0.2894 -0.1370
vn 0.5636 -0.4272 0.7069
vn -0.6742 -0.0005 -0.7385
vn 0.2660 -0.0573 0.9623
vn 0.7111 0.2549 -0.6552
vn -0.7683 0.5143 -0.3810
vn 0.5537 0.3646 0.7486
vn -0.9103 -0.1589 0.3822
vn -0.9103 -0.1589 0.3823
vn -0.8443 0.2105 0.4929
vn 0.1968 0.0909 -0.9762
vn 0.5539 0.3651 0.7483
vn 0.5538 0.3651 0.7483
vn -0.8253 0.0052 0.5646
vn 0.8630 -0.3600 0.3544
vn 0.8630 -0.3600 0.3545
vn -0.3996 0.5706 0.7174
vn 0.9322 -0.2097 -0.2951
vn 0.4669 -0.4034 -0.7869
vn -0.7580 -0.2603 -0.5980
vn 0.9411 0.2525 -0.2250
vn 0.9411 0.2525 -0.2249
vn 0.9306 -0.2731 0.2436
vn 0.9472 0.2895 -0.1381
vn 0.9472 0.2895 -0.1380
vn 0.3600 -0.3890 -0.8480
vn 0.9521 0.3037 0.0366
vn 0.1964 0.0907 -0.9763
vn 0.9473 0.2893 -0.1377
vn 0.7944 -0.2103 0.5698
vn -0.9033 -0.3186 0.2873
vn 0.7114 0.2553 -0.6547
vn -0.8424 0.2054 -0.4983
vn 0.6192 0.4339 0.6545
vn 0.6191 0.4339 0.6545
vn -0.8532 -0.2543 -0.4553
vn -0.9925 -0.1097 -0.0545
vn 0.6191 0.4335 0.6548
vn -0.7044 0.4846 -0.5186
vn -0.7044 0.4846 -0.5187
vn 0.9307 -0.2729 0.2437
vn 0.9307 -0.2730 0.2437
vn 0.9306 -0.2730 0.2436
vn -0.6746 -0.0005 -0.7382
vn -0.6746 -0.0004 -0.7381
vn -0.6745 -0.0005 -0.7382
vn -0.4808 0.5765 0.6606
vn 0.7526 -0.2547 0.6072
vn -0.9102 -0.1587 0.3826
vn 0.9519 0.3040 0.0372
vn 0.9520 0.3038 0.0372
vn 0.9520 0.3039 0.0372
vn -0.8440 0.2107 0.4933
vn 0.7380 0.2765 0.6155
vn 0.8627 -0.3601 0.3551
vn 0.8627 -0.3601 0.3552
vn 0.8798 0.3128 0.3579
vn 0.8798 0.3128 0.3580
vn 0.2395 0.3380 -0.9102
vn -0.9420 -0.3102 0.1284
vn -0.8248 0.0050 0.5654
vn -0.8248 0.0049 0.5654
vn -0.8247 0.0051 0.5655
vn 0.4568 0.2893 -0.8412
vn -0.8531 -0.2547 -0.4554
vn -0.8531 -0.2546 -0.4554
vn -0.8530 -0.2547 -0.4555
vn -0.8422 0.2051 -0.4987
vn -0.8422 0.2050 -0.4987
vn 0.8728 0.1920 -0.4487
vn 0.9412 0.2522 -0.2247
vn 0.9413 0.2520 -0.2248
vn 0.9412 0.2521 -0.2247
vn -0.8428 0.2056 -0.4974
vn 0.4673 -0.4039 -0.7865
vn -0.7043 0.4842 -0.5191
vn 0.9473 0.2892 -0.1377
vn 0.9473 0.2892 -0.1376
vn 0.9097 -0.4038 -0.0968
vn 0.9097 -0.4039 -0.0968
vn -0.2762 -0.2239 -0.9346
vn 0.8800 0.3125 0.3577
vn -0.8251 0.0052 0.5649
vn -0.9032 -0.3192 0.2870
vn -0.1455 -0.2541 -0.9562
vn -0.9031 -0.3192 0.2872
vn 0.3617 -0.2732 0.8914
vn 0.9320 -0.2100 -0.2953
vn -0.6744 -0.0007 -0.7383
vn -0.6745 -0.0006 -0.7382
vn -0.6744 -0.0006 -0.7384
vn 0.4572 0.2895 -0.8410
vn -0.7583 -0.2599 -0.5978
vn 0.4571 0.2891 -0.8411
vn 0.4570 0.2891 -0.8411
vn 0.4672 -0.4044 -0.7862
vn -0.3996 0.5710 0.7172
vn 0.9306 -0.2732 0.2435
vn -0.8429 0.2055 -0.4972
vn -0.8429 0.2056 -0.4972
vn -0.4809 0.5774 0.6598
vn -0.4810 0.5774 0.6598
vn -0.4810 0.5773 0.6598
vn -0.8247 0.0050 0.5655
vn -0.8247 0.0051 0.5656
vn -0.8442 0.2110 0.4927
vn 0.7526 -0.2549 0.6072
vn 0.7526 -0.2549 0.6071
vn 0.7525 -0.2549 0.6072
vn -0.8247 0.0052 0.5656
vn -0.2524 -0.8592 -0.4451
vn -0.8438 0.2105 0.4936
vn 0.8631 -0.3597 0.3546
vn 0.9320 -0.2096 -0.2956
vn 0.9321 -0.2095 -0.2955
vn 0.9321 -0.2095 -0.2954
vn 0.9410 0.2526 -0.2253
vn -0.6742 -0.0002 -0.7385
vn -0.7582 -0.2600 -0.5980
vn -0.7582 -0.2601 -0.5980
vn -0.7581 -0.2601 -0.5980
vn 0.8818 0.1920 0.4308
vn 0.3617 -0.2733 0.8913
vn -0.7846 -0.2008 0.5865
vn -0.9033 -0.3186 0.2872
vn -0.4267 -0.6806 -0.5956
vn -0.4267 -0.6805 -0.5956
vn -0.4267 -0.6806 -0.5957
vt 0.392039 0.825342
vt 0.667291 0.568193
vt 0.667291 0.942559
vt 0.291382 0.474064
vt 0.025580 0.210437
vt 0.291382 0.050971
vt 0.672265 0.056830
vt 0.982232 0.056830
vt 0.742746 0.347582
vt 0.502810 0.205268
vt 0.783214 0.457126
vt 0.360121 0.457126
vt 0.735407 0.548681
vt 0.960690 0.730452
vt 0.737269 0.929416
vt 0.336972 0.943147
vt 0.060737 0.681123
vt 0.336972 0.566240
s 1
usemtl マテリアル.001
f 3/1/1 1/2/1 2/3/1
f 2/4/2 1/5/2 4/6/2
f 4/7/3 1/8/3 3/9/3
f 5/10/4 2/11/4 4/12/4
f 5/13/5 4/14/5 3/15/5
f 5/16/6 3/17/6 2/18/6
f 7/4/7 6/5/7 9/6/7
f 8/1/8 6/2/8 7/3/8
f 9/7/9 6/8/9 8/9/9
f 10/13/10 9/14/10 8/15/10
f 10/10/11 7/11/11 9/12/11
f 10/16/12 8/17/12 7/18/12
f 13/1/13 11/2/13 12/3/13
f 12/4/14 11/5/14 14/6/14
f 14/7/15 11/8/15 13/9/15
f 15/10/16 12/11/16 14/12/16
f 15/13/17 14/14/17 13/15/17
f 15/16/18 13/17/18 12/18/18
f 17/4/19 16/5/19 19/6/19
f 18/1/20 16/2/20 17/3/20
f 19/7/21 16/8/21 18/9/21
f 20/13/22 19/14/22 18/15/22
f 20/10/23 17/11/23 19/12/23
f 20/16/24 18/17/24 17/18/24
f 24/7/25 21/8/25 23/9/25
f 23/1/26 21/2/26 25/3/26
f 25/4/27 21/5/27 24/6/27
f 22/10/28 25/11/28 24/12/28
f 22/16/29 23/17/29 25/18/29
f 22/13/30 24/14/30 23/15/30
f 27/4/31 26/5/31 29/6/31
f 28/1/32 26/2/32 27/3/32
f 29/7/33 26/8/33 28/9/33
f 30/13/34 29/14/34 28/15/34
f 30/10/35 27/11/35 29/12/35
f 30/16/36 28/17/36 27/18/36
f 32/4/37 31/5/37 34/6/37
f 33/1/38 31/2/38 32/3/38
f 34/7/39 31/8/39 33/9/39
f 35/13/40 34/14/40 33/15/40
f 35/10/41 32/11/41 34/12/41
f 35/16/42 33/17/42 32/18/42
f 37/4/19 36/5/19 39/6/19
f 38/1/20 36/2/20 37/3/20
f 39/7/21 36/8/21 38/9/21
f 40/13/22 39/14/22 38/15/22
f 40/10/23 37/11/23 39/12/23
f 40/16/24 38/17/24 37/18/24
f 44/7/25 41/8/25 43/9/25
f 43/1/26 41/2/26 45/3/26
f 45/4/27 41/5/27 44/6/27
f 42/10/28 45/11/28 44/12/28
f 42/16/29 43/17/29 45/18/29
f 42/13/30 44/14/30 43/15/30
f 47/4/31 46/5/31 49/6/31
f 48/1/32 46/2/32 47/3/32
f 49/7/33 46/8/33 48/9/33
f 50/13/34 49/14/34 48/15/34
f 50/10/35 47/11/35 49/12/35
f 50/16/43 48/17/43 47/18/43
f 52/4/37 51/5/37 54/6/37
f 53/1/38 51/2/38 52/3/38
f 54/7/39 51/8/39 53/9/39
f 55/13/40 54/14/40 53/15/40
f 55/10/41 52/11/41 54/12/41
f 55/16/42 53/17/42 52/18/42
f 57/4/19 56/5/19 59/6/19
f 58/1/20 56/2/20 57/3/20
f 59/7/21 56/8/21 58/9/21
f 60/13/22 59/14/22 58/15/22
f 60/10/23 57/11/23 59/12/23
f 60/16/24 58/17/24 57/18/24
f 64/7/25 61/8/25 63/9/25
f 63/1/26 61/2/26 65/3/26
f 65/4/27 61/5/27 64/6/27
f 62/10/28 65/11/28 64/12/28
f 62/16/29 63/17/29 65/18/29
f 62/13/30 64/14/30 63/15/30
f 67/4/31 66/5/31 69/6/31
f 68/1/32 66/2/32 67/3/32
f 69/7/33 66/8/33 68/9/33
f 70/13/34 69/14/34 68/15/34
f 70/10/35 67/11/35 69/12/35
f 70/16/36 68/17/36 67/18/36
f 72/4/37 71/5/37 74/6/37
f 73/1/38 71/2/38 72/3/38
f 74/7/39 71/8/39 73/9/39
f 75/13/40 74/14/40 73/15/40
f 75/10/41 72/11/41 74/12/41
f 75/16/42 73/17/42 72/18/42
f 77/4/44 76/5/44 79/6/44
f 78/1/45 76/2/45 77/3/45
f 79/7/46 76/8/46 78/9/46
f 80/13/47 79/14/47 78/15/47
f 80/10/48 77/11/48 79/12/48
f 80/16/49 78/17/49 77/18/49
f 84/7/50 81/8/50 83/9/50
f 83/1/51 81/2/51 85/3/51
f 85/4/52 81/5/52 84/6/52
f 82/10/53 85/11/53 84/12/53
f 82/16/54 83/17/54 85/18/54
f 82/13/55 84/14/55 83/15/55
f 87/4/56 86/5/56 89/6/56
f 88/1/57 86/2/57 87/3/57
f 89/7/58 86/8/58 88/9/58
f 90/13/59 89/14/59 88/15/59
f 90/10/60 87/11/60 89/12/60
f 90/16/61 88/17/61 87/18/61
f 92/4/62 91/5/62 94/6/62
f 93/1/63 91/2/63 92/3/63
f 94/7/64 91/8/64 93/9/64
f 95/13/65 94/14/65 93/15/65
f 95/10/66 92/11/66 94/12/66
f 95/16/67 93/17/67 92/18/67
f 97/4/44 96/5/44 99/6/44
f 98/1/45 96/2/45 97/3/45
f 99/7/46 96/8/46 98/9/46
f 100/13/47 99/14/47 98/15/47
f 100/10/48 97/11/48 99/12/48
f 100/16/49 98/17/49 97/18/49
f 104/7/50 101/8/50 103/9/50
f 103/1/51 101/2/51 105/3/51
f 105/4/52 101/5/52 104/6/52
f 102/10/53 105/11/53 104/12/53
f 102/16/54 103/17/54 105/18/54
f 102/13/55 104/14/55 103/15/55
f 107/4/56 106/5/56 109/6/56
f 108/1/57 106/2/57 107/3/57
f 109/7/58 106/8/58 108/9/58
f 110/13/59 109/14/59 108/15/59
f 110/10/60 107/11/60 109/12/60
f 110/16/61 108/17/61 107/18/61
f 112/4/62 111/5/62 114/6/62
f 113/1/63 111/2/63 112/3/63
f 114/7/64 111/8/64 113/9/64
f 115/13/65 114/14/65 113/15/65
f 115/10/66 112/11/66 114/12/66
f 115/16/68 113/17/68 112/18/68
f 117/4/44 116/5/44 119/6/44
f 118/1/45 116/2/45 117/3/45
f 119/7/46 116/8/46 118/9/46
f 120/13/47 119/14/47 118/15/47
f 120/10/48 117/11/48 119/12/48
f 120/16/49 118/17/49 117/18/49
f 124/7/50 121/8/50 123/9/50
f 123/1/51 121/2/51 125/3/51
f 125/4/52 121/5/52 124/6/52
f 122/10/53 125/11/53 124/12/53
f 122/16/54 123/17/54 125/18/54
f 122/13/55 124/14/55 123/15/55
f 127/4/56 126/5/56 129/6/56
f 128/1/57 126/2/57 127/3/57
f 129/7/58 126/8/58 128/9/58
f 130/13/59 129/14/59 128/15/59
f 130/10/60 127/11/60 129/12/60
f 130/16/61 128/17/61 127/18/61
f 132/4/62 131/5/62 134/6/62
f 133/1/63 131/2/63 132/3/63
f 134/7/64 131/8/64 133/9/64
f 135/13/65 134/14/65 133/15/65
f 135/10/66 132/11/66 134/12/66
f 135/16/67 133/17/67 132/18/67
f 138/1/38 136/2/38 137/3/38
f 137/4/37 136/5/37 139/6/37
f 139/7/39 136/8/39 138/9/39
f 140/10/41 137/11/41 139/12/41
f 140/13/40 139/14/40 138/15/40
f 140/16/42 138/17/42 137/18/42
f 142/4/27 141/5/27 144/6/27
f 143/1/26 141/2/26 142/3/26
f 144/7/25 141/8/25 143/9/25
f 145/13/30 144/14/30 143/15/30
f 145/10/28 142/11/28 144/12/28
f 145/16/29 143/17/29 142/18/29
f 148/1/32 146/2/32 147/3/32
f 147/4/31 146/5/31 149/6/31
f 149/7/33 146/8/33 148/9/33
f 150/10/35 147/11/35 149/12/35
f 150/13/34 149/14/34 148/15/34
f 150/16/43 148/17/43 147/18/43
f 153/1/38 151/2/38 152/3/38
f 152/4/37 151/5/37 154/6/37
f 154/7/39 151/8/39 153/9/39
f 155/10/41 152/11/41 154/12/41
f 155/13/40 154/14/40 153/15/40
f 155/16/42 153/17/42 152/18/42
f 157/4/27 156/5/27 159/6/27
f 158/1/26 156/2/26 157/3/26
f 159/7/25 156/8/25 158/9/25
f 160/13/30 159/14/30 158/15/30
f 160/10/69 157/11/69 159/12/69
f 160/16/29 158/17/29 157/18/29
f 163/1/32 161/2/32 162/3/32
f 162/4/31 161/5/31 164/6/31
f 164/7/33 161/8/33 163/9/33
f 165/10/35 162/11/35 164/12/35
f 165/13/34 164/14/34 163/15/34
f 165/16/43 163/17/43 162/18/43
f 168/1/38 166/2/38 167/3/38
f 167/4/37 166/5/37 169/6/37
f 169/7/39 166/8/39 168/9/39
f 170/10/41 167/11/41 169/12/41
f 170/13/40 169/14/40 168/15/40
f 170/16/42 168/17/42 167/18/42
f 172/4/27 171/5/27 174/6/27
f 173/1/26 171/2/26 172/3/26
f 174/7/25 171/8/25 173/9/25
f 175/13/30 174/14/30 173/15/30
f 175/10/28 172/11/28 174/12/28
f 175/16/29 173/17/29 172/18/29
f 178/1/32 176/2/32 177/3/32
f 177/4/31 176/5/31 179/6/31
f 179/7/33 176/8/33 178/9/33
f 180/10/35 177/11/35 179/12/35
f 180/13/34 179/14/34 178/15/34
f 180/16/43 178/17/43 177/18/43
f 183/1/38 181/2/38 182/3/38
f 182/4/37 181/5/37 184/6/37
f 184/7/39 181/8/39 183/9/39
f 185/10/41 182/11/41 184/12/41
f 185/13/40 184/14/40 183/15/40
f 185/16/42 183/17/42 182/18/42
f 187/4/27 186/5/27 189/6/27
f 188/1/26 186/2/26 187/3/26
f 189/7/25 186/8/25 188/9/25
f 190/13/30 189/14/30 188/15/30
f 190/10/28 187/11/28 189/12/28
f 190/16/29 188/17/29 187/18/29
f 193/1/32 191/2/32 192/3/32
f 192/4/31 191/5/31 194/6/31
f 194/7/33 191/8/33 193/9/33
f 195/10/35 192/11/35 194/12/35
f 195/13/34 194/14/34 193/15/34
f 195/16/43 193/17/43 192/18/43
f 198/1/1 196/2/1 197/3/1
f 197/4/2 196/5/2 199/6/2
f 199/7/3 196/8/3 198/9/3
f 200/10/4 197/11/4 199/12/4
f 200/13/5 199/14/5 198/15/5
f 200/16/6 198/17/6 197/18/6
f 202/4/7 201/5/7 204/6/7
f 203/1/8 201/2/8 202/3/8
f 204/7/9 201/8/9 203/9/9
f 205/13/10 204/14/10 203/15/10
f 205/10/11 202/11/11 204/12/11
f 205/16/12 203/17/12 202/18/12
f 208/1/13 206/2/13 207/3/13
f 207/4/14 206/5/14 209/6/14
f 209/7/70 206/8/70 208/9/70
f 210/10/16 207/11/16 209/12/16
f 210/13/17 209/14/17 208/15/17
f 210/16/71 208/17/71 207/18/71
f 212/4/44 211/5/44 214/6/44
f 213/1/45 211/2/45 212/3/45
f 214/7/46 211/8/46 213/9/46
f 215/13/47 214/14/47 213/15/47
f 215/10/48 212/11/48 214/12/48
f 215/16/49 213/17/49 212/18/49
f 219/7/50 216/8/50 218/9/50
f 218/1/51 216/2/51 220/3/51
f 220/4/52 216/5/52 219/6/52
f 217/10/53 220/11/53 219/12/53
f 217/16/54 218/17/54 220/18/54
f 217/13/55 219/14/55 218/15/55
f 222/4/56 221/5/56 224/6/56
f 223/1/57 221/2/57 222/3/57
f 224/7/58 221/8/58 223/9/58
f 225/13/59 224/14/59 223/15/59
f 225/10/72 222/11/72 224/12/72
f 225/16/61 223/17/61 222/18/61
f 227/4/62 226/5/62 229/6/62
f 228/1/63 226/2/63 227/3/63
f 229/7/64 226/8/64 228/9/64
f 230/13/65 229/14/65 228/15/65
f 230/10/66 227/11/66 229/12/66
f 230/16/67 228/17/67 227/18/67
f 233/1/1 231/2/1 232/3/1
f 232/4/2 231/5/2 234/6/2
f 234/7/3 231/8/3 233/9/3
f 235/10/4 232/11/4 234/12/4
f 235/13/5 234/14/5 233/15/5
f 235/16/6 233/17/6 232/18/6
f 237/4/7 236/5/7 239/6/7
f 238/1/8 236/2/8 237/3/8
f 239/7/9 236/8/9 238/9/9
f 240/13/10 239/14/10 238/15/10
f 240/10/11 237/11/11 239/12/11
f 240/16/12 238/17/12 237/18/12
f 243/1/73 241/2/73 242/3/73
f 242/4/14 241/5/14 244/6/14
f 244/7/70 241/8/70 243/9/70
f 245/10/16 242/11/16 244/12/16
f 245/13/17 244/14/17 243/15/17
f 245/16/71 243/17/71 242/18/71
f 248/1/74 246/2/74 247/3/74
f 247/4/2 246/5/2 249/6/2
f 249/7/3 246/8/3 248/9/3
f 250/10/4 247/11/4 249/12/4
f 250/13/5 249/14/5 248/15/5
f 250/16/6 248/17/6 247/18/6
f 252/4/7 251/5/7 254/6/7
f 253/1/8 251/2/8 252/3/8
f 254/7/9 251/8/9 253/9/9
f 255/13/10 254/14/10 253/15/10
f 255/10/11 252/11/11 254/12/11
f 255/16/12 253/17/12 252/18/12
f 258/1/13 256/2/13 257/3/13
f 257/4/14 256/5/14 259/6/14
f 259/7/70 256/8/70 258/9/70
f 260/10/16 257/11/16 259/12/16
f 260/13/75 259/14/75 258/15/75
f 260/16/71 258/17/71 257/18/71
f 262/4/19 261/5/19 264/6/19
f 263/1/20 261/2/20 262/3/20
f 264/7/76 261/8/76 263/9/76
f 265/13/22 264/14/22 263/15/22
f 265/10/23 262/11/23 264/12/23
f 265/16/24 263/17/24 262/18/24
f 269/7/25 266/8/25 268/9/25
f 268/1/26 266/2/26 270/3/26
f 270/4/27 266/5/27 269/6/27
f 267/10/69 270/11/69 269/12/69
f 267/16/29 268/17/29 270/18/29
f 267/13/30 269/14/30 268/15/30
f 272/4/31 271/5/31 274/6/31
f 273/1/32 271/2/32 272/3/32
f 274/7/33 271/8/33 273/9/33
f 275/13/34 274/14/34 273/15/34
f 275/10/35 272/11/35 274/12/35
f 275/16/36 273/17/36 272/18/36
f 277/4/37 276/5/37 279/6/37
f 278/1/38 276/2/38 277/3/38
f 279/7/39 276/8/39 278/9/39
f 280/13/40 279/14/40 278/15/40
f 280/10/41 277/11/41 279/12/41
f 280/16/42 278/17/42 277/18/42
f 282/4/19 281/5/19 284/6/19
f 283/1/20 281/2/20 282/3/20
f 284/7/21 281/8/21 283/9/21
f 285/13/22 284/14/22 283/15/22
f 285/10/23 282/11/23 284/12/23
f 285/16/24 283/17/24 282/18/24
f 289/7/25 286/8/25 288/9/25
f 288/1/77 286/2/77 290/3/77
f 290/4/27 286/5/27 289/6/27
f 287/10/69 290/11/69 289/12/69
f 287/16/29 288/17/29 290/18/29
f 287/13/30 289/14/30 288/15/30
f 292/4/31 291/5/31 294/6/31
f 293/1/32 291/2/32 292/3/32
f 294/7/33 291/8/33 293/9/33
f 295/13/34 294/14/34 293/15/34
f 295/10/35 292/11/35 294/12/35
f 295/16/43 293/17/43 292/18/43
f 297/4/37 296/5/37 299/6/37
f 298/1/38 296/2/38 297/3/38
f 299/7/39 296/8/39 298/9/39
f 300/13/40 299/14/40 298/15/40
f 300/10/41 297/11/41 299/12/41
f 300/16/42 298/17/42 297/18/42
f 302/4/19 301/5/19 304/6/19
f 303/1/20 301/2/20 302/3/20
f 304/7/76 301/8/76 303/9/76
f 305/13/22 304/14/22 303/15/22
f 305/10/23 302/11/23 304/12/23
f 305/16/24 303/17/24 302/18/24
f 309/7/25 306/8/25 308/9/25
f 308/1/26 306/2/26 310/3/26
f 310/4/27 306/5/27 309/6/27
f 307/10/28 310/11/28 309/12/28
f 307/16/29 308/17/29 310/18/29
f 307/13/30 309/14/30 308/15/30
f 312/4/31 311/5/31 314/6/31
f 313/1/32 311/2/32 312/3/32
f 314/7/33 311/8/33 313/9/33
f 315/13/34 314/14/34 313/15/34
f 315/10/35 312/11/35 314/12/35
f 315/16/43 313/17/43 312/18/43
f 317/4/37 316/5/37 319/6/37
f 318/1/38 316/2/38 317/3/38
f 319/7/39 316/8/39 318/9/39
f 320/13/40 319/14/40 318/15/40
f 320/10/41 317/11/41 319/12/41
f 320/16/42 318/17/42 317/18/42
f 322/4/44 321/5/44 324/6/44
f 323/1/45 321/2/45 322/3/45
f 324/7/46 321/8/46 323/9/46
f 325/13/47 324/14/47 323/15/47
f 325/10/48 322/11/48 324/12/48
f 325/16/49 323/17/49 322/18/49
f 329/7/50 326/8/50 328/9/50
f 328/1/51 326/2/51 330/3/51
f 330/4/52 326/5/52 329/6/52
f 327/10/53 330/11/53 329/12/53
f 327/16/54 328/17/54 330/18/54
f 327/13/55 329/14/55 328/15/55
f 332/4/56 331/5/56 334/6/56
f 333/1/57 331/2/57 332/3/57
f 334/7/78 331/8/78 333/9/78
f 335/13/59 334/14/59 333/15/59
f 335/10/72 332/11/72 334/12/72
f 335/16/61 333/17/61 332/18/61
f 337/4/79 336/5/79 339/6/79
f 338/1/63 336/2/63 337/3/63
f 339/7/64 336/8/64 338/9/64
f 340/13/65 339/14/65 338/15/65
f 340/10/66 337/11/66 339/12/66
f 340/16/67 338/17/67 337/18/67
f 342/4/44 341/5/44 344/6/44
f 343/1/45 341/2/45 342/3/45
f 344/7/46 341/8/46 343/9/46
f 345/13/47 344/14/47 343/15/47
f 345/10/48 342/11/48 344/12/48
f 345/16/49 343/17/49 342/18/49
f 349/7/50 346/8/50 348/9/50
f 348/1/51 346/2/51 350/3/51
f 350/4/52 346/5/52 349/6/52
f 347/10/53 350/11/53 349/12/53
f 347/16/54 348/17/54 350/18/54
f 347/13/80 349/14/80 348/15/80
f 352/4/56 351/5/56 354/6/56
f 353/1/57 351/2/57 352/3/57
f 354/7/58 351/8/58 353/9/58
f 355/13/59 354/14/59 353/15/59
f 355/10/60 352/11/60 354/12/60
f 355/16/61 353/17/61 352/18/61
f 357/4/62 356/5/62 359/6/62
f 358/1/63 356/2/63 357/3/63
f 359/7/64 356/8/64 358/9/64
f 360/13/81 359/14/81 358/15/81
f 360/10/66 357/11/66 359/12/66
f 360/16/68 358/17/68 357/18/68
f 362/4/44 361/5/44 364/6/44
f 363/1/45 361/2/45 362/3/45
f 364/7/46 361/8/46 363/9/46
f 365/13/47 364/14/47 363/15/47
f 365/10/48 362/11/48 364/12/48
f 365/16/49 363/17/49 362/18/49
f 369/7/50 366/8/50 368/9/50
f 368/1/51 366/2/51 370/3/51
f 370/4/52 366/5/52 369/6/52
f 367/10/53 370/11/53 369/12/53
f 367/16/54 368/17/54 370/18/54
f 367/13/55 369/14/55 368/15/55
f 372/4/56 371/5/56 374/6/56
f 373/1/57 371/2/57 372/3/57
f 374/7/58 371/8/58 373/9/58
f 375/13/59 374/14/59 373/15/59
f 375/10/72 372/11/72 374/12/72
f 375/16/61 373/17/61 372/18/61
f 377/4/79 376/5/79 379/6/79
f 378/1/63 376/2/63 377/3/63
f 379/7/64 376/8/64 378/9/64
f 380/13/65 379/14/65 378/15/65
f 380/10/66 377/11/66 379/12/66
f 380/16/67 378/17/67 377/18/67
f 383/1/38 381/2/38 382/3/38
f 382/4/37 381/5/37 384/6/37
f 384/7/39 381/8/39 383/9/39
f 385/10/41 382/11/41 384/12/41
f 385/13/40 384/14/40 383/15/40
f 385/16/42 383/17/42 382/18/42
f 387/4/27 386/5/27 389/6/27
f 388/1/26 386/2/26 387/3/26
f 389/7/25 386/8/25 388/9/25
f 390/13/30 389/14/30 388/15/30
f 390/10/28 387/11/28 389/12/28
f 390/16/29 388/17/29 387/18/29
f 393/1/32 391/2/32 392/3/32
f 392/4/31 391/5/31 394/6/31
f 394/7/33 391/8/33 393/9/33
f 395/10/35 392/11/35 394/12/35
f 395/13/34 394/14/34 393/15/34
f 395/16/43 393/17/43 392/18/43
f 398/1/38 396/2/38 397/3/38
f 397/4/37 396/5/37 399/6/37
f 399/7/39 396/8/39 398/9/39
f 400/10/41 397/11/41 399/12/41
f 400/13/40 399/14/40 398/15/40
f 400/16/42 398/17/42 397/18/42
f 402/4/27 401/5/27 404/6/27
f 403/1/26 401/2/26 402/3/26
f 404/7/25 401/8/25 403/9/25
f 405/13/30 404/14/30 403/15/30
f 405/10/69 402/11/69 404/12/69
f 405/16/29 403/17/29 402/18/29
f 408/1/32 406/2/32 407/3/32
f 407/4/31 406/5/31 409/6/31
f 409/7/33 406/8/33 408/9/33
f 410/10/35 407/11/35 409/12/35
f 410/13/34 409/14/34 408/15/34
f 410/16/43 408/17/43 407/18/43
f 413/1/38 411/2/38 412/3/38
f 412/4/37 411/5/37 414/6/37
f 414/7/39 411/8/39 413/9/39
f 415/10/41 412/11/41 414/12/41
f 415/13/40 414/14/40 413/15/40
f 415/16/42 413/17/42 412/18/42
f 417/4/27 416/5/27 419/6/27
f 418/1/26 416/2/26 417/3/26
f 419/7/25 416/8/25 418/9/25
f 420/13/30 419/14/30 418/15/30
f 420/10/69 417/11/69 419/12/69
f 420/16/29 418/17/29 417/18/29
f 423/1/32 421/2/32 422/3/32
f 422/4/31 421/5/31 424/6/31
f 424/7/33 421/8/33 423/9/33
f 425/10/35 422/11/35 424/12/35
f 425/13/34 424/14/34 423/15/34
f 425/16/43 423/17/43 422/18/43
f 428/1/38 426/2/38 427/3/38
f 427/4/37 426/5/37 429/6/37
f 429/7/39 426/8/39 428/9/39
f 430/10/41 427/11/41 429/12/41
f 430/13/40 429/14/40 428/15/40
f 430/16/42 428/17/42 427/18/42
f 432/4/27 431/5/27 434/6/27
f 433/1/26 431/2/26 432/3/26
f 434/7/25 431/8/25 433/9/25
f 435/13/30 434/14/30 433/15/30
f 435/10/69 432/11/69 434/12/69
f 435/16/29 433/17/29 432/18/29
f 438/1/32 436/2/32 437/3/32
f 437/4/31 436/5/31 439/6/31
f 439/7/33 436/8/33 438/9/33
f 440/10/35 437/11/35 439/12/35
f 440/13/34 439/14/34 438/15/34
f 440/16/43 438/17/43 437/18/43
f 443/1/1 441/2/1 442/3/1
f 442/4/2 441/5/2 444/6/2
f 444/7/3 441/8/3 443/9/3
f 445/10/4 442/11/4 444/12/4
f 445/13/5 444/14/5 443/15/5
f 445/16/6 443/17/6 442/18/6
f 447/4/7 446/5/7 449/6/7
f 448/1/8 446/2/8 447/3/8
f 449/7/9 446/8/9 448/9/9
f 450/13/10 449/14/10 448/15/10
f 450/10/11 447/11/11 449/12/11
f 450/16/12 448/17/12 447/18/12
f 453/1/73 451/2/73 452/3/73
f 452/4/14 451/5/14 454/6/14
f 454/7/70 451/8/70 453/9/70
f 455/10/16 452/11/16 454/12/16
f 455/13/17 454/14/17 453/15/17
f 455/16/71 453/17/71 452/18/71
f 457/4/44 456/5/44 459/6/44
f 458/1/45 456/2/45 457/3/45
f 459/7/46 456/8/46 458/9/46
f 460/13/47 459/14/47 458/15/47
f 460/10/48 457/11/48 459/12/48
f 460/16/49 458/17/49 457/18/49
f 464/7/50 461/8/50 463/9/50
f 463/1/51 461/2/51 465/3/51
f 465/4/52 461/5/52 464/6/52
f 462/10/53 465/11/53 464/12/53
f 462/16/54 463/17/54 465/18/54
f 462/13/80 464/14/80 463/15/80
f 467/4/56 466/5/56 469/6/56
f 468/1/57 466/2/57 467/3/57
f 469/7/58 466/8/58 468/9/58
f 470/13/59 469/14/59 468/15/59
f 470/10/72 467/11/72 469/12/72
f 470/16/61 468/17/61 467/18/61
f 472/4/79 471/5/79 474/6/79
f 473/1/63 471/2/63 472/3/63
f 474/7/64 471/8/64 473/9/64
f 475/13/81 474/14/81 473/15/81
f 475/10/66 472/11/66 474/12/66
f 475/16/67 473/17/67 472/18/67
f 478/1/1 476/2/1 477/3/1
f 477/4/2 476/5/2 479/6/2
f 479/7/3 476/8/3 478/9/3
f 480/10/4 477/11/4 479/12/4
f 480/13/5 479/14/5 478/15/5
f 480/16/6 478/17/6 477/18/6
f 482/4/7 481/5/7 484/6/7
f 483/1/8 481/2/8 482/3/8
f 484/7/9 481/8/9 483/9/9
f 485/13/10 484/14/10 483/15/10
f 485/10/11 482/11/11 484/12/11
f 485/16/12 483/17/12 482/18/12
f 488/1/73 486/2/73 487/3/73
f 487/4/14 486/5/14 489/6/14
f 489/7/70 486/8/70 488/9/70
f 490/10/16 487/11/16 489/12/16
f 490/13/17 489/14/17 488/15/17
f 490/16/71 488/17/71 487/18/71
f 493/1/1 491/2/1 492/3/1
f 492/4/2 491/5/2 494/6/2
f 494/7/3 491/8/3 493/9/3
f 495/10/4 492/11/4 494/12/4
f 495/13/5 494/14/5 493/15/5
f 495/16/82 493/17/82 492/18/82
f 497/4/7 496/5/7 499/6/7
f 498/1/8 496/2/8 497/3/8
f 499/7/83 496/8/83 498/9/83
f 500/13/84 499/14/84 498/15/84
f 500/10/11 497/11/11 499/12/11
f 500/16/85 498/17/85 497/18/85
f 503/1/13 501/2/13 502/3/13
f 502/4/14 501/5/14 504/6/14
f 504/7/70 501/8/70 503/9/70
f 505/10/16 502/11/16 504/12/16
f 505/13/75 504/14/75 503/15/75
f 505/16/71 503/17/71 502/18/71
f 507/4/19 506/5/19 509/6/19
f 508/1/20 506/2/20 507/3/20
f 509/7/76 506/8/76 508/9/76
f 510/13/22 509/14/22 508/15/22
f 510/10/23 507/11/23 509/12/23
f 510/16/24 508/17/24 507/18/24
f 514/7/25 511/8/25 513/9/25
f 513/1/26 511/2/26 515/3/26
f 515/4/27 511/5/27 514/6/27
f 512/10/86 515/11/86 514/12/86
f 512/16/29 513/17/29 515/18/29
f 512/13/30 514/14/30 513/15/30
f 517/4/31 516/5/31 519/6/31
f 518/1/32 516/2/32 517/3/32
f 519/7/33 516/8/33 518/9/33
f 520/13/34 519/14/34 518/15/34
f 520/10/35 517/11/35 519/12/35
f 520/16/43 518/17/43 517/18/43
f 522/4/37 521/5/37 524/6/37
f 523/1/38 521/2/38 522/3/38
f 524/7/39 521/8/39 523/9/39
f 525/13/40 524/14/40 523/15/40
f 525/10/41 522/11/41 524/12/41
f 525/16/42 523/17/42 522/18/42
f 527/4/19 526/5/19 529/6/19
f 528/1/20 526/2/20 527/3/20
f 529/7/76 526/8/76 528/9/76
f 530/13/22 529/14/22 528/15/22
f 530/10/23 527/11/23 529/12/23
f 530/16/24 528/17/24 527/18/24
f 534/7/25 531/8/25 533/9/25
f 533/1/26 531/2/26 535/3/26
f 535/4/27 531/5/27 534/6/27
f 532/10/28 535/11/28 534/12/28
f 532/16/29 533/17/29 535/18/29
f 532/13/30 534/14/30 533/15/30
f 537/4/31 536/5/31 539/6/31
f 538/1/32 536/2/32 537/3/32
f 539/7/33 536/8/33 538/9/33
f 540/13/87 539/14/87 538/15/87
f 540/10/35 537/11/35 539/12/35
f 540/16/43 538/17/43 537/18/43
f 542/4/37 541/5/37 544/6/37
f 543/1/88 541/2/88 542/3/88
f 544/7/39 541/8/39 543/9/39
f 545/13/40 544/14/40 543/15/40
f 545/10/89 542/11/89 544/12/89
f 545/16/42 543/17/42 542/18/42
f 547/4/90 546/5/90 549/6/90
f 548/1/20 546/2/20 547/3/20
f 549/7/91 546/8/91 548/9/91
f 550/13/22 549/14/22 548/15/22
f 550/10/92 547/11/92 549/12/92
f 550/16/24 548/17/24 547/18/24
f 554/7/25 551/8/25 553/9/25
f 553/1/93 551/2/93 555/3/93
f 555/4/27 551/5/27 554/6/27
f 552/10/28 555/11/28 554/12/28
f 552/16/29 553/17/29 555/18/29
f 552/13/30 554/14/30 553/15/30
f 557/4/31 556/5/31 559/6/31
f 558/1/32 556/2/32 557/3/32
f 559/7/33 556/8/33 558/9/33
f 560/13/34 559/14/34 558/15/34
f 560/10/35 557/11/35 559/12/35
f 560/16/36 558/17/36 557/18/36
f 562/4/37 561/5/37 564/6/37
f 563/1/38 561/2/38 562/3/38
f 564/7/39 561/8/39 563/9/39
f 565/13/40 564/14/40 563/15/40
f 565/10/41 562/11/41 564/12/41
f 565/16/42 563/17/42 562/18/42
f 567/4/44 566/5/44 569/6/44
f 568/1/45 566/2/45 567/3/45
f 569/7/46 566/8/46 568/9/46
f 570/13/47 569/14/47 568/15/47
f 570/10/48 567/11/48 569/12/48
f 570/16/49 568/17/49 567/18/49
f 574/7/50 571/8/50 573/9/50
f 573/1/51 571/2/51 575/3/51
f 575/4/52 571/5/52 574/6/52
f 572/10/53 575/11/53 574/12/53
f 572/16/54 573/17/54 575/18/54
f 572/13/80 574/14/80 573/15/80
f 577/4/56 576/5/56 579/6/56
f 578/1/57 576/2/57 577/3/57
f 579/7/58 576/8/58 578/9/58
f 580/13/59 579/14/59 578/15/59
f 580/10/60 577/11/60 579/12/60
f 580/16/61 578/17/61 577/18/61
f 582/4/62 581/5/62 584/6/62
f 583/1/94 581/2/94 582/3/94
f 584/7/64 581/8/64 583/9/64
f 585/13/81 584/14/81 583/15/81
f 585/10/66 582/11/66 584/12/66
f 585/16/67 583/17/67 582/18/67
f 587/4/44 586/5/44 589/6/44
f 588/1/45 586/2/45 587/3/45
f 589/7/46 586/8/46 588/9/46
f 590/13/47 589/14/47 588/15/47
f 590/10/48 587/11/48 589/12/48
f 590/16/49 588/17/49 587/18/49
f 594/7/50 591/8/50 593/9/50
f 593/1/51 591/2/51 595/3/51
f 595/4/52 591/5/52 594/6/52
f 592/10/53 595/11/53 594/12/53
f 592/16/54 593/17/54 595/18/54
f 592/13/55 594/14/55 593/15/55
f 597/4/56 596/5/56 599/6/56
f 598/1/57 596/2/57 597/3/57
f 599/7/78 596/8/78 598/9/78
f 600/13/59 599/14/59 598/15/59
f 600/10/72 597/11/72 599/12/72
f 600/16/61 598/17/61 597/18/61
f 602/4/79 601/5/79 604/6/79
f 603/1/63 601/2/63 602/3/63
f 604/7/64 601/8/64 603/9/64
f 605/13/81 604/14/81 603/15/81
f 605/10/66 602/11/66 604/12/66
f 605/16/67 603/17/67 602/18/67
f 607/4/44 606/5/44 609/6/44
f 608/1/45 606/2/45 607/3/45
f 609/7/46 606/8/46 608/9/46
f 610/13/47 609/14/47 608/15/47
f 610/10/48 607/11/48 609/12/48
f 610/16/49 608/17/49 607/18/49
f 614/7/50 611/8/50 613/9/50
f 613/1/51 611/2/51 615/3/51
f 615/4/52 611/5/52 614/6/52
f 612/10/53 615/11/53 614/12/53
f 612/16/54 613/17/54 615/18/54
f 612/13/55 614/14/55 613/15/55
f 617/4/56 616/5/56 619/6/56
f 618/1/57 616/2/57 617/3/57
f 619/7/58 616/8/58 618/9/58
f 620/13/59 619/14/59 618/15/59
f 620/10/60 617/11/60 619/12/60
f 620/16/61 618/17/61 617/18/61
f 622/4/79 621/5/79 624/6/79
f 623/1/63 621/2/63 622/3/63
f 624/7/64 621/8/64 623/9/64
f 625/13/65 624/14/65 623/15/65
f 625/10/66 622/11/66 624/12/66
f 625/16/67 623/17/67 622/18/67
f 628/1/38 626/2/38 627/3/38
f 627/4/37 626/5/37 629/6/37
f 629/7/39 626/8/39 628/9/39
f 630/10/41 627/11/41 629/12/41
f 630/13/40 629/14/40 628/15/40
f 630/16/42 628/17/42 627/18/42
f 632/4/27 631/5/27 634/6/27
f 633/1/26 631/2/26 632/3/26
f 634/7/25 631/8/25 633/9/25
f 635/13/30 634/14/30 633/15/30
f 635/10/28 632/11/28 634/12/28
f 635/16/29 633/17/29 632/18/29
f 638/1/32 636/2/32 637/3/32
f 637/4/31 636/5/31 639/6/31
f 639/7/33 636/8/33 638/9/33
f 640/10/35 637/11/35 639/12/35
f 640/13/34 639/14/34 638/15/34
f 640/16/43 638/17/43 637/18/43
f 643/1/38 641/2/38 642/3/38
f 642/4/37 641/5/37 644/6/37
f 644/7/39 641/8/39 643/9/39
f 645/10/41 642/11/41 644/12/41
f 645/13/40 644/14/40 643/15/40
f 645/16/42 643/17/42 642/18/42
f 647/4/27 646/5/27 649/6/27
f 648/1/26 646/2/26 647/3/26
f 649/7/25 646/8/25 648/9/25
f 650/13/30 649/14/30 648/15/30
f 650/10/69 647/11/69 649/12/69
f 650/16/29 648/17/29 647/18/29
f 653/1/32 651/2/32 652/3/32
f 652/4/31 651/5/31 654/6/31
f 654/7/33 651/8/33 653/9/33
f 655/10/35 652/11/35 654/12/35
f 655/13/34 654/14/34 653/15/34
f 655/16/43 653/17/43 652/18/43
f 658/1/38 656/2/38 657/3/38
f 657/4/37 656/5/37 659/6/37
f 659/7/39 656/8/39 658/9/39
f 660/10/41 657/11/41 659/12/41
f 660/13/40 659/14/40 658/15/40
f 660/16/42 658/17/42 657/18/42
f 662/4/27 661/5/27 664/6/27
f 663/1/26 661/2/26 662/3/26
f 664/7/25 661/8/25 663/9/25
f 665/13/95 664/14/95 663/15/95
f 665/10/69 662/11/69 664/12/69
f 665/16/29 663/17/29 662/18/29
f 668/1/32 666/2/32 667/3/32
f 667/4/31 666/5/31 669/6/31
f 669/7/33 666/8/33 668/9/33
f 670/10/35 667/11/35 669/12/35
f 670/13/96 669/14/96 668/15/96
f 670/16/36 668/17/36 667/18/36
f 673/1/38 671/2/38 672/3/38
f 672/4/37 671/5/37 674/6/37
f 674/7/97 671/8/97 673/9/97
f 675/10/41 672/11/41 674/12/41
f 675/13/40 674/14/40 673/15/40
f 675/16/42 673/17/42 672/18/42
f 677/4/27 676/5/27 679/6/27
f 678/1/26 676/2/26 677/3/26
f 679/7/25 676/8/25 678/9/25
f 680/13/30 679/14/30 678/15/30
f 680/10/69 677/11/69 679/12/69
f 680/16/29 678/17/29 677/18/29
f 683/1/98 681/2/98 682/3/98
f 682/4/31 681/5/31 684/6/31
f 684/7/33 681/8/33 683/9/33
f 685/10/99 682/11/99 684/12/99
f 685/13/34 684/14/34 683/15/34
f 685/16/36 683/17/36 682/18/36
f 688/1/74 686/2/74 687/3/74
f 687/4/2 686/5/2 689/6/2
f 689/7/3 686/8/3 688/9/3
f 690/10/4 687/11/4 689/12/4
f 690/13/5 689/14/5 688/15/5
f 690/16/82 688/17/82 687/18/82
f 692/4/7 691/5/7 694/6/7
f 693/1/100 691/2/100 692/3/100
f 694/7/9 691/8/9 693/9/9
f 695/13/101 694/14/101 693/15/101
f 695/10/11 692/11/11 694/12/11
f 695/16/12 693/17/12 692/18/12
f 698/1/73 696/2/73 697/3/73
f 697/4/14 696/5/14 699/6/14
f 699/7/70 696/8/70 698/9/70
f 700/10/16 697/11/16 699/12/16
f 700/13/75 699/14/75 698/15/75
f 700/16/71 698/17/71 697/18/71
f 702/4/44 701/5/44 704/6/44
f 703/1/45 701/2/45 702/3/45
f 704/7/46 701/8/46 703/9/46
f 705/13/102 704/14/102 703/15/102
f 705/10/48 702/11/48 704/12/48
f 705/16/49 703/17/49 702/18/49
f 709/7/50 706/8/50 708/9/50
f 708/1/51 706/2/51 710/3/51
f 710/4/52 706/5/52 709/6/52
f 707/10/53 710/11/53 709/12/53
f 707/16/54 708/17/54 710/18/54
f 707/13/80 709/14/80 708/15/80
f 712/4/56 711/5/56 714/6/56
f 713/1/103 711/2/103 712/3/103
f 714/7/58 711/8/58 713/9/58
f 715/13/59 714/14/59 713/15/59
f 715/10/60 712/11/60 714/12/60
f 715/16/104 713/17/104 712/18/104
f 717/4/79 716/5/79 719/6/79
f 718/1/105 716/2/105 717/3/105
f 719/7/64 716/8/64 718/9/64
f 720/13/65 719/14/65 718/15/65
f 720/10/106 717/11/106 719/12/106
f 720/16/67 718/17/67 717/18/67
f 723/1/1 721/2/1 722/3/1
f 722/4/2 721/5/2 724/6/2
f 724/7/3 721/8/3 723/9/3
f 725/10/4 722/11/4 724/12/4
f 725/13/5 724/14/5 723/15/5
f 725/16/6 723/17/6 722/18/6
f 727/4/7 726/5/7 729/6/7
f 728/1/8 726/2/8 727/3/8
f 729/7/9 726/8/9 728/9/9
f 730/13/10 729/14/10 728/15/10
f 730/10/11 727/11/11 729/12/11
f 730/16/12 728/17/12 727/18/12
f 733/1/13 731/2/13 732/3/13
f 732/4/14 731/5/14 734/6/14
f 734/7/70 731/8/70 733/9/70
f 735/10/16 732/11/16 734/12/16
f 735/13/17 734/14/17 733/15/17
f 735/16/18 733/17/18 732/18/18
f 738/1/1 736/2/1 737/3/1
f 737/4/2 736/5/2 739/6/2
f 739/7/3 736/8/3 738/9/3
f 740/10/4 737/11/4 739/12/4
f 740/13/5 739/14/5 738/15/5
f 740/16/6 738/17/6 737/18/6
f 742/4/7 741/5/7 744/6/7
f 743/1/8 741/2/8 742/3/8
f 744/7/107 741/8/107 743/9/107
f 745/13/10 744/14/10 743/15/10
f 745/10/108 742/11/108 744/12/108
f 745/16/85 743/17/85 742/18/85
f 748/1/13 746/2/13 747/3/13
f 747/4/14 746/5/14 749/6/14
f 749/7/70 746/8/70 748/9/70
f 750/10/16 747/11/16 749/12/16
f 750/13/75 749/14/75 748/15/75
f 750/16/18 748/17/18 747/18/18
f 752/4/19 751/5/19 754/6/19
f 753/1/20 751/2/20 752/3/20
f 754/7/76 751/8/76 753/9/76
f 755/13/22 754/14/22 753/15/22
f 755/10/23 752/11/23 754/12/23
f 755/16/24 753/17/24 752/18/24
f 759/7/25 756/8/25 758/9/25
f 758/1/26 756/2/26 760/3/26
f 760/4/27 756/5/27 759/6/27
f 757/10/28 760/11/28 759/12/28
f 757/16/29 758/17/29 760/18/29
f 757/13/30 759/14/30 758/15/30
f 762/4/31 761/5/31 764/6/31
f 763/1/98 761/2/98 762/3/98
f 764/7/33 761/8/33 763/9/33
f 765/13/34 764/14/34 763/15/34
f 765/10/35 762/11/35 764/12/35
f 765/16/43 763/17/43 762/18/43
f 767/4/37 766/5/37 769/6/37
f 768/1/38 766/2/38 767/3/38
f 769/7/97 766/8/97 768/9/97
f 770/13/40 769/14/40 768/15/40
f 770/10/41 767/11/41 769/12/41
f 770/16/42 768/17/42 767/18/42
f 772/4/19 771/5/19 774/6/19
f 773/1/20 771/2/20 772/3/20
f 774/7/91 771/8/91 773/9/91
f 775/13/22 774/14/22 773/15/22
f 775/10/23 772/11/23 774/12/23
f 775/16/24 773/17/24 772/18/24
f 779/7/25 776/8/25 778/9/25
f 778/1/26 776/2/26 780/3/26
f 780/4/27 776/5/27 779/6/27
f 777/10/109 780/11/109 779/12/109
f 777/16/29 778/17/29 780/18/29
f 777/13/30 779/14/30 778/15/30
f 782/4/31 781/5/31 784/6/31
f 783/1/32 781/2/32 782/3/32
f 784/7/33 781/8/33 783/9/33
f 785/13/34 784/14/34 783/15/34
f 785/10/35 782/11/35 784/12/35
f 785/16/43 783/17/43 782/18/43
f 787/4/37 786/5/37 789/6/37
f 788/1/88 786/2/88 787/3/88
f 789/7/39 786/8/39 788/9/39
f 790/13/40 789/14/40 788/15/40
f 790/10/41 787/11/41 789/12/41
f 790/16/110 788/17/110 787/18/110
f 792/4/19 791/5/19 794/6/19
f 793/1/20 791/2/20 792/3/20
f 794/7/91 791/8/91 793/9/91
f 795/13/22 794/14/22 793/15/22
f 795/10/23 792/11/23 794/12/23
f 795/16/24 793/17/24 792/18/24
f 799/7/25 796/8/25 798/9/25
f 798/1/26 796/2/26 800/3/26
f 800/4/27 796/5/27 799/6/27
f 797/10/109 800/11/109 799/12/109
f 797/16/29 798/17/29 800/18/29
f 797/13/30 799/14/30 798/15/30
f 802/4/31 801/5/31 804/6/31
f 803/1/32 801/2/32 802/3/32
f 804/7/33 801/8/33 803/9/33
f 805/13/34 804/14/34 803/15/34
f 805/10/35 802/11/35 804/12/35
f 805/16/36 803/17/36 802/18/36
f 807/4/37 806/5/37 809/6/37
f 808/1/38 806/2/38 807/3/38
f 809/7/39 806/8/39 808/9/39
f 810/13/40 809/14/40 808/15/40
f 810/10/41 807/11/41 809/12/41
f 810/16/110 808/17/110 807/18/110
f 812/4/44 811/5/44 814/6/44
f 813/1/45 811/2/45 812/3/45
f 814/7/46 811/8/46 813/9/46
f 815/13/47 814/14/47 813/15/47
f 815/10/48 812/11/48 814/12/48
f 815/16/49 813/17/49 812/18/49
f 819/7/50 816/8/50 818/9/50
f 818/1/51 816/2/51 820/3/51
f 820/4/111 816/5/111 819/6/111
f 817/10/53 820/11/53 819/12/53
f 817/16/54 818/17/54 820/18/54
f 817/13/80 819/14/80 818/15/80
f 822/4/56 821/5/56 824/6/56
f 823/1/103 821/2/103 822/3/103
f 824/7/112 821/8/112 823/9/112
f 825/13/59 824/14/59 823/15/59
f 825/10/60 822/11/60 824/12/60
f 825/16/104 823/17/104 822/18/104
f 827/4/79 826/5/79 829/6/79
f 828/1/63 826/2/63 827/3/63
f 829/7/64 826/8/64 828/9/64
f 830/13/65 829/14/65 828/15/65
f 830/10/106 827/11/106 829/12/106
f 830/16/68 828/17/68 827/18/68
f 832/4/44 831/5/44 834/6/44
f 833/1/45 831/2/45 832/3/45
f 834/7/46 831/8/46 833/9/46
f 835/13/102 834/14/102 833/15/102
f 835/10/48 832/11/48 834/12/48
f 835/16/113 833/17/113 832/18/113
f 839/7/50 836/8/50 838/9/50
f 838/1/51 836/2/51 840/3/51
f 840/4/52 836/5/52 839/6/52
f 837/10/53 840/11/53 839/12/53
f 837/16/54 838/17/54 840/18/54
f 837/13/80 839/14/80 838/15/80
f 842/4/56 841/5/56 844/6/56
f 843/1/114 841/2/114 842/3/114
f 844/7/112 841/8/112 843/9/112
f 845/13/59 844/14/59 843/15/59
f 845/10/60 842/11/60 844/12/60
f 845/16/61 843/17/61 842/18/61
f 847/4/62 846/5/62 849/6/62
f 848/1/63 846/2/63 847/3/63
f 849/7/64 846/8/64 848/9/64
f 850/13/65 849/14/65 848/15/65
f 850/10/66 847/11/66 849/12/66
f 850/16/67 848/17/67 847/18/67
f 852/4/44 851/5/44 854/6/44
f 853/1/45 851/2/45 852/3/45
f 854/7/46 851/8/46 853/9/46
f 855/13/47 854/14/47 853/15/47
f 855/10/48 852/11/48 854/12/48
f 855/16/49 853/17/49 852/18/49
f 859/7/50 856/8/50 858/9/50
f 858/1/51 856/2/51 860/3/51
f 860/4/52 856/5/52 859/6/52
f 857/10/53 860/11/53 859/12/53
f 857/16/54 858/17/54 860/18/54
f 857/13/55 859/14/55 858/15/55
f 862/4/56 861/5/56 864/6/56
f 863/1/57 861/2/57 862/3/57
f 864/7/58 861/8/58 863/9/58
f 865/13/59 864/14/59 863/15/59
f 865/10/72 862/11/72 864/12/72
f 865/16/61 863/17/61 862/18/61
f 867/4/62 866/5/62 869/6/62
f 868/1/63 866/2/63 867/3/63
f 869/7/64 866/8/64 868/9/64
f 870/13/65 869/14/65 868/15/65
f 870/10/66 867/11/66 869/12/66
f 870/16/68 868/17/68 867/18/68
f 873/1/38 871/2/38 872/3/38
f 872/4/37 871/5/37 874/6/37
f 874/7/97 871/8/97 873/9/97
f 875/10/89 872/11/89 874/12/89
f 875/13/115 874/14/115 873/15/115
f 875/16/42 873/17/42 872/18/42
f 877/4/27 876/5/27 879/6/27
f 878/1/93 876/2/93 877/3/93
f 879/7/25 876/8/25 878/9/25
f 880/13/30 879/14/30 878/15/30
f 880/10/69 877/11/69 879/12/69
f 880/16/29 878/17/29 877/18/29
f 883/1/32 881/2/32 882/3/32
f 882/4/31 881/5/31 884/6/31
f 884/7/33 881/8/33 883/9/33
f 885/10/35 882/11/35 884/12/35
f 885/13/34 884/14/34 883/15/34
f 885/16/43 883/17/43 882/18/43
f 888/1/38 886/2/38 887/3/38
f 887/4/37 886/5/37 889/6/37
f 889/7/39 886/8/39 888/9/39
f 890/10/41 887/11/41 889/12/41
f 890/13/40 889/14/40 888/15/40
f 890/16/42 888/17/42 887/18/42
f 892/4/27 891/5/27 894/6/27
f 893/1/26 891/2/26 892/3/26
f 894/7/25 891/8/25 893/9/25
f 895/13/95 894/14/95 893/15/95
f 895/10/28 892/11/28 894/12/28
f 895/16/29 893/17/29 892/18/29
f 898/1/32 896/2/32 897/3/32
f 897/4/116 896/5/116 899/6/116
f 899/7/117 896/8/117 898/9/117
f 900/10/35 897/11/35 899/12/35
f 900/13/34 899/14/34 898/15/34
f 900/16/43 898/17/43 897/18/43
f 903/1/38 901/2/38 902/3/38
f 902/4/37 901/5/37 904/6/37
f 904/7/39 901/8/39 903/9/39
f 905/10/41 902/11/41 904/12/41
f 905/13/40 904/14/40 903/15/40
f 905/16/42 903/17/42 902/18/42
f 907/4/118 906/5/118 909/6/118
f 908/1/119 906/2/119 907/3/119
f 909/7/25 906/8/25 908/9/25
f 910/13/30 909/14/30 908/15/30
f 910/10/28 907/11/28 909/12/28
f 910/16/29 908/17/29 907/18/29
f 913/1/32 911/2/32 912/3/32
f 912/4/31 911/5/31 914/6/31
f 914/7/33 911/8/33 913/9/33
f 915/10/35 912/11/35 914/12/35
f 915/13/34 914/14/34 913/15/34
f 915/16/36 913/17/36 912/18/36
f 918/1/38 916/2/38 917/3/38
f 917/4/37 916/5/37 919/6/37
f 919/7/39 916/8/39 918/9/39
f 920/10/41 917/11/41 919/12/41
f 920/13/40 919/14/40 918/15/40
f 920/16/42 918/17/42 917/18/42
f 922/4/27 921/5/27 924/6/27
f 923/1/26 921/2/26 922/3/26
f 924/7/25 921/8/25 923/9/25
f 925/13/30 924/14/30 923/15/30
f 925/10/28 922/11/28 924/12/28
f 925/16/29 923/17/29 922/18/29
f 928/1/32 926/2/32 927/3/32
f 927/4/31 926/5/31 929/6/31
f 929/7/33 926/8/33 928/9/33
f 930/10/35 927/11/35 929/12/35
f 930/13/34 929/14/34 928/15/34
f 930/16/43 928/17/43 927/18/43
f 933/1/1 931/2/1 932/3/1
f 932/4/2 931/5/2 934/6/2
f 934/7/3 931/8/3 933/9/3
f 935/10/4 932/11/4 934/12/4
f 935/13/5 934/14/5 933/15/5
f 935/16/82 933/17/82 932/18/82
f 937/4/7 936/5/7 939/6/7
f 938/1/100 936/2/100 937/3/100
f 939/7/9 936/8/9 938/9/9
f 940/13/101 939/14/101 938/15/101
f 940/10/11 937/11/11 939/12/11
f 940/16/12 938/17/12 937/18/12
f 943/1/73 941/2/73 942/3/73
f 942/4/14 941/5/14 944/6/14
f 944/7/70 941/8/70 943/9/70
f 945/10/16 942/11/16 944/12/16
f 945/13/75 944/14/75 943/15/75
f 945/16/18 943/17/18 942/18/18
f 947/4/44 946/5/44 949/6/44
f 948/1/45 946/2/45 947/3/45
f 949/7/46 946/8/46 948/9/46
f 950/13/102 949/14/102 948/15/102
f 950/10/48 947/11/48 949/12/48
f 950/16/49 948/17/49 947/18/49
f 954/7/50 951/8/50 953/9/50
f 953/1/51 951/2/51 955/3/51
f 955/4/52 951/5/52 954/6/52
f 952/10/53 955/11/53 954/12/53
f 952/16/54 953/17/54 955/18/54
f 952/13/80 954/14/80 953/15/80
f 957/4/56 956/5/56 959/6/56
f 958/1/57 956/2/57 957/3/57
f 959/7/112 956/8/112 958/9/112
f 960/13/59 959/14/59 958/15/59
f 960/10/60 957/11/60 959/12/60
f 960/16/104 958/17/104 957/18/104
f 962/4/62 961/5/62 964/6/62
f 963/1/63 961/2/63 962/3/63
f 964/7/64 961/8/64 963/9/64
f 965/13/65 964/14/65 963/15/65
f 965/10/66 962/11/66 964/12/66
f 965/16/68 963/17/68 962/18/68
f 968/1/1 966/2/1 967/3/1
f 967/4/2 966/5/2 969/6/2
f 969/7/3 966/8/3 968/9/3
f 970/10/4 967/11/4 969/12/4
f 970/13/5 969/14/5 968/15/5
f 970/16/82 968/17/82 967/18/82
f 972/4/7 971/5/7 974/6/7
f 973/1/8 971/2/8 972/3/8
f 974/7/9 971/8/9 973/9/9
f 975/13/10 974/14/10 973/15/10
f 975/10/11 972/11/11 974/12/11
f 975/16/85 973/17/85 972/18/85
f 978/1/13 976/2/13 977/3/13
f 977/4/14 976/5/14 979/6/14
f 979/7/70 976/8/70 978/9/70
f 980/10/16 977/11/16 979/12/16
f 980/13/17 979/14/17 978/15/17
f 980/16/71 978/17/71 977/18/71
f 983/1/74 981/2/74 982/3/74
f 982/4/120 981/5/120 984/6/120
f 984/7/3 981/8/3 983/9/3
f 985/10/4 982/11/4 984/12/4
f 985/13/5 984/14/5 983/15/5
f 985/16/6 983/17/6 982/18/6
f 987/4/7 986/5/7 989/6/7
f 988/1/8 986/2/8 987/3/8
f 989/7/107 986/8/107 988/9/107
f 990/13/10 989/14/10 988/15/10
f 990/10/108 987/11/108 989/12/108
f 990/16/85 988/17/85 987/18/85
f 993/1/13 991/2/13 992/3/13
f 992/4/14 991/5/14 994/6/14
f 994/7/70 991/8/70 993/9/70
f 995/10/16 992/11/16 994/12/16
f 995/13/75 994/14/75 993/15/75
f 995/16/71 993/17/71 992/18/71
f 997/4/19 996/5/19 999/6/19
f 998/1/20 996/2/20 997/3/20
f 999/7/76 996/8/76 998/9/76
f 1000/13/22 999/14/22 998/15/22
f 1000/10/23 997/11/23 999/12/23
f 1000/16/24 998/17/24 997/18/24
f 1004/7/25 1001/8/25 1003/9/25
f 1003/1/26 1001/2/26 1005/3/26
f 1005/4/27 1001/5/27 1004/6/27
f 1002/10/28 1005/11/28 1004/12/28
f 1002/16/29 1003/17/29 1005/18/29
f 1002/13/30 1004/14/30 1003/15/30
f 1007/4/31 1006/5/31 1009/6/31
f 1008/1/98 1006/2/98 1007/3/98
f 1009/7/33 1006/8/33 1008/9/33
f 1010/13/34 1009/14/34 1008/15/34
f 1010/10/35 1007/11/35 1009/12/35
f 1010/16/36 1008/17/36 1007/18/36
f 1012/4/37 1011/5/37 1014/6/37
f 1013/1/38 1011/2/38 1012/3/38
f 1014/7/39 1011/8/39 1013/9/39
f 1015/13/40 1014/14/40 1013/15/40
f 1015/10/41 1012/11/41 1014/12/41
f 1015/16/42 1013/17/42 1012/18/42
f 1017/4/19 1016/5/19 1019/6/19
f 1018/1/20 1016/2/20 1017/3/20
f 1019/7/91 1016/8/91 1018/9/91
f 1020/13/22 1019/14/22 1018/15/22
f 1020/10/23 1017/11/23 1019/12/23
f 1020/16/24 1018/17/24 1017/18/24
f 1024/7/25 1021/8/25 1023/9/25
f 1023/1/119 1021/2/119 1025/3/119
f 1025/4/27 1021/5/27 1024/6/27
f 1022/10/109 1025/11/109 1024/12/109
f 1022/16/29 1023/17/29 1025/18/29
f 1022/13/30 1024/14/30 1023/15/30
f 1027/4/31 1026/5/31 1029/6/31
f 1028/1/32 1026/2/32 1027/3/32
f 1029/7/33 1026/8/33 1028/9/33
f 1030/13/34 1029/14/34 1028/15/34
f 1030/10/35 1027/11/35 1029/12/35
f 1030/16/43 1028/17/43 1027/18/43
f 1032/4/37 1031/5/37 1034/6/37
f 1033/1/38 1031/2/38 1032/3/38
f 1034/7/39 1031/8/39 1033/9/39
f 1035/13/40 1034/14/40 1033/15/40
f 1035/10/41 1032/11/41 1034/12/41
f 1035/16/42 1033/17/42 1032/18/42
f 1037/4/90 1036/5/90 1039/6/90
f 1038/1/20 1036/2/20 1037/3/20
f 1039/7/91 1036/8/91 1038/9/91
f 1040/13/22 1039/14/22 1038/15/22
f 1040/10/23 1037/11/23 1039/12/23
f 1040/16/24 1038/17/24 1037/18/24
f 1044/7/25 1041/8/25 1043/9/25
f 1043/1/26 1041/2/26 1045/3/26
f 1045/4/121 1041/5/121 1044/6/121
f 1042/10/109 1045/11/109 1044/12/109
f 1042/16/29 1043/17/29 1045/18/29
f 1042/13/30 1044/14/30 1043/15/30
f 1047/4/31 1046/5/31 1049/6/31
f 1048/1/32 1046/2/32 1047/3/32
f 1049/7/33 1046/8/33 1048/9/33
f 1050/13/87 1049/14/87 1048/15/87
f 1050/10/99 1047/11/99 1049/12/99
f 1050/16/36 1048/17/36 1047/18/36
f 1052/4/37 1051/5/37 1054/6/37
f 1053/1/122 1051/2/122 1052/3/122
f 1054/7/123 1051/8/123 1053/9/123
f 1055/13/40 1054/14/40 1053/15/40
f 1055/10/41 1052/11/41 1054/12/41
f 1055/16/110 1053/17/110 1052/18/110
f 1057/4/44 1056/5/44 1059/6/44
f 1058/1/45 1056/2/45 1057/3/45
f 1059/7/46 1056/8/46 1058/9/46
f 1060/13/47 1059/14/47 1058/15/47
f 1060/10/48 1057/11/48 1059/12/48
f 1060/16/113 1058/17/113 1057/18/113
f 1064/7/50 1061/8/50 1063/9/50
f 1063/1/51 1061/2/51 1065/3/51
f 1065/4/111 1061/5/111 1064/6/111
f 1062/10/53 1065/11/53 1064/12/53
f 1062/16/54 1063/17/54 1065/18/54
f 1062/13/55 1064/14/55 1063/15/55
f 1067/4/56 1066/5/56 1069/6/56
f 1068/1/57 1066/2/57 1067/3/57
f 1069/7/58 1066/8/58 1068/9/58
f 1070/13/59 1069/14/59 1068/15/59
f 1070/10/60 1067/11/60 1069/12/60
f 1070/16/104 1068/17/104 1067/18/104
f 1072/4/79 1071/5/79 1074/6/79
f 1073/1/105 1071/2/105 1072/3/105
f 1074/7/64 1071/8/64 1073/9/64
f 1075/13/65 1074/14/65 1073/15/65
f 1075/10/106 1072/11/106 1074/12/106
f 1075/16/68 1073/17/68 1072/18/68
f 1077/4/44 1076/5/44 1079/6/44
f 1078/1/45 1076/2/45 1077/3/45
f 1079/7/46 1076/8/46 1078/9/46
f 1080/13/102 1079/14/102 1078/15/102
f 1080/10/48 1077/11/48 1079/12/48
f 1080/16/113 1078/17/113 1077/18/113
f 1084/7/124 1081/8/124 1083/9/124
f 1083/1/51 1081/2/51 1085/3/51
f 1085/4/111 1081/5/111 1084/6/111
f 1082/10/53 1085/11/53 1084/12/53
f 1082/16/54 1083/17/54 1085/18/54
f 1082/13/80 1084/14/80 1083/15/80
f 1087/4/56 1086/5/56 1089/6/56
f 1088/1/57 1086/2/57 1087/3/57
f 1089/7/58 1086/8/58 1088/9/58
f 1090/13/59 1089/14/59 1088/15/59
f 1090/10/60 1087/11/60 1089/12/60
f 1090/16/61 1088/17/61 1087/18/61
f 1092/4/79 1091/5/79 1094/6/79
f 1093/1/63 1091/2/63 1092/3/63
f 1094/7/64 1091/8/64 1093/9/64
f 1095/13/65 1094/14/65 1093/15/65
f 1095/10/66 1092/11/66 1094/12/66
f 1095/16/67 1093/17/67 1092/18/67
f 1097/4/44 1096/5/44 1099/6/44
f 1098/1/45 1096/2/45 1097/3/45
f 1099/7/46 1096/8/46 1098/9/46
f 1100/13/47 1099/14/47 1098/15/47
f 1100/10/48 1097/11/48 1099/12/48
f 1100/16/49 1098/17/49 1097/18/49
f 1104/7/124 1101/8/124 1103/9/124
f 1103/1/125 1101/2/125 1105/3/125
f 1105/4/52 1101/5/52 1104/6/52
f 1102/10/53 1105/11/53 1104/12/53
f 1102/16/54 1103/17/54 1105/18/54
f 1102/13/55 1104/14/55 1103/15/55
f 1107/4/56 1106/5/56 1109/6/56
f 1108/1/57 1106/2/57 1107/3/57
f 1109/7/112 1106/8/112 1108/9/112
f 1110/13/126 1109/14/126 1108/15/126
f 1110/10/72 1107/11/72 1109/12/72
f 1110/16/104 1108/17/104 1107/18/104
f 1112/4/79 1111/5/79 1114/6/79
f 1113/1/94 1111/2/94 1112/3/94
f 1114/7/64 1111/8/64 1113/9/64
f 1115/13/65 1114/14/65 1113/15/65
f 1115/10/66 1112/11/66 1114/12/66
f 1115/16/68 1113/17/68 1112/18/68
f 1118/1/38 1116/2/38 1117/3/38
f 1117/4/37 1116/5/37 1119/6/37
f 1119/7/39 1116/8/39 1118/9/39
f 1120/10/41 1117/11/41 1119/12/41
f 1120/13/40 1119/14/40 1118/15/40
f 1120/16/42 1118/17/42 1117/18/42
f 1122/4/27 1121/5/27 1124/6/27
f 1123/1/26 1121/2/26 1122/3/26
f 1124/7/25 1121/8/25 1123/9/25
f 1125/13/30 1124/14/30 1123/15/30
f 1125/10/69 1122/11/69 1124/12/69
f 1125/16/29 1123/17/29 1122/18/29
f 1128/1/32 1126/2/32 1127/3/32
f 1127/4/31 1126/5/31 1129/6/31
f 1129/7/33 1126/8/33 1128/9/33
f 1130/10/35 1127/11/35 1129/12/35
f 1130/13/127 1129/14/127 1128/15/127
f 1130/16/43 1128/17/43 1127/18/43
f 1133/1/38 1131/2/38 1132/3/38
f 1132/4/37 1131/5/37 1134/6/37
f 1134/7/39 1131/8/39 1133/9/39
f 1135/10/41 1132/11/41 1134/12/41
f 1135/13/40 1134/14/40 1133/15/40
f 1135/16/42 1133/17/42 1132/18/42
f 1137/4/27 1136/5/27 1139/6/27
f 1138/1/26 1136/2/26 1137/3/26
f 1139/7/25 1136/8/25 1138/9/25
f 1140/13/95 1139/14/95 1138/15/95
f 1140/10/28 1137/11/28 1139/12/28
f 1140/16/29 1138/17/29 1137/18/29
f 1143/1/32 1141/2/32 1142/3/32
f 1142/4/31 1141/5/31 1144/6/31
f 1144/7/33 1141/8/33 1143/9/33
f 1145/10/35 1142/11/35 1144/12/35
f 1145/13/34 1144/14/34 1143/15/34
f 1145/16/43 1143/17/43 1142/18/43
f 1148/1/38 1146/2/38 1147/3/38
f 1147/4/37 1146/5/37 1149/6/37
f 1149/7/39 1146/8/39 1148/9/39
f 1150/10/41 1147/11/41 1149/12/41
f 1150/13/40 1149/14/40 1148/15/40
f 1150/16/128 1148/17/128 1147/18/128
f 1152/4/27 1151/5/27 1154/6/27
f 1153/1/26 1151/2/26 1152/3/26
f 1154/7/129 1151/8/129 1153/9/129
f 1155/13/30 1154/14/30 1153/15/30
f 1155/10/109 1152/11/109 1154/12/109
f 1155/16/29 1153/17/29 1152/18/29
f 1158/1/32 1156/2/32 1157/3/32
f 1157/4/116 1156/5/116 1159/6/116
f 1159/7/117 1156/8/117 1158/9/117
f 1160/10/35 1157/11/35 1159/12/35
f 1160/13/34 1159/14/34 1158/15/34
f 1160/16/36 1158/17/36 1157/18/36
f 1163/1/38 1161/2/38 1162/3/38
f 1162/4/37 1161/5/37 1164/6/37
f 1164/7/39 1161/8/39 1163/9/39
f 1165/10/41 1162/11/41 1164/12/41
f 1165/13/40 1164/14/40 1163/15/40
f 1165/16/42 1163/17/42 1162/18/42
f 1167/4/27 1166/5/27 1169/6/27
f 1168/1/26 1166/2/26 1167/3/26
f 1169/7/25 1166/8/25 1168/9/25
f 1170/13/30 1169/14/30 1168/15/30
f 1170/10/28 1167/11/28 1169/12/28
f 1170/16/29 1168/17/29 1167/18/29
f 1173/1/32 1171/2/32 1172/3/32
f 1172/4/31 1171/5/31 1174/6/31
f 1174/7/33 1171/8/33 1173/9/33
f 1175/10/35 1172/11/35 1174/12/35
f 1175/13/34 1174/14/34 1173/15/34
f 1175/16/36 1173/17/36 1172/18/36
f 1178/1/1 1176/2/1 1177/3/1
f 1177/4/2 1176/5/2 1179/6/2
f 1179/7/130 1176/8/130 1178/9/130
f 1180/10/4 1177/11/4 1179/12/4
f 1180/13/5 1179/14/5 1178/15/5
f 1180/16/6 1178/17/6 1177/18/6
f 1182/4/7 1181/5/7 1184/6/7
f 1183/1/100 1181/2/100 1182/3/100
f 1184/7/9 1181/8/9 1183/9/9
f 1185/13/101 1184/14/101 1183/15/101
f 1185/10/11 1182/11/11 1184/12/11
f 1185/16/85 1183/17/85 1182/18/85
f 1188/1/73 1186/2/73 1187/3/73
f 1187/4/14 1186/5/14 1189/6/14
f 1189/7/70 1186/8/70 1188/9/70
f 1190/10/16 1187/11/16 1189/12/16
f 1190/13/75 1189/14/75 1188/15/75
f 1190/16/18 1188/17/18 1187/18/18
f 1192/4/44 1191/5/44 1194/6/44
f 1193/1/45 1191/2/45 1192/3/45
f 1194/7/46 1191/8/46 1193/9/46
f 1195/13/102 1194/14/102 1193/15/102
f 1195/10/48 1192/11/48 1194/12/48
f 1195/16/49 1193/17/49 1192/18/49
f 1199/7/124 1196/8/124 1198/9/124
f 1198/1/51 1196/2/51 1200/3/51
f 1200/4/111 1196/5/111 1199/6/111
f 1197/10/53 1200/11/53 1199/12/53
f 1197/16/54 1198/17/54 1200/18/54
f 1197/13/80 1199/14/80 1198/15/80
f 1202/4/56 1201/5/56 1204/6/56
f 1203/1/57 1201/2/57 1202/3/57
f 1204/7/58 1201/8/58 1203/9/58
f 1205/13/59 1204/14/59 1203/15/59
f 1205/10/72 1202/11/72 1204/12/72
f 1205/16/61 1203/17/61 1202/18/61
f 1207/4/79 1206/5/79 1209/6/79
f 1208/1/63 1206/2/63 1207/3/63
f 1209/7/64 1206/8/64 1208/9/64
f 1210/13/81 1209/14/81 1208/15/81
f 1210/10/66 1207/11/66 1209/12/66
f 1210/16/68 1208/17/68 1207/18/68
f 1213/1/1 1211/2/1 1212/3/1
f 1212/4/2 1211/5/2 1214/6/2
f 1214/7/3 1211/8/3 1213/9/3
f 1215/10/4 1212/11/4 1214/12/4
f 1215/13/5 1214/14/5 1213/15/5
f 1215/16/6 1213/17/6 1212/18/6
f 1217/4/7 1216/5/7 1219/6/7
f 1218/1/8 1216/2/8 1217/3/8
f 1219/7/9 1216/8/9 1218/9/9
f 1220/13/10 1219/14/10 1218/15/10
f 1220/10/11 1217/11/11 1219/12/11
f 1220/16/85 1218/17/85 1217/18/85
f 1223/1/73 1221/2/73 1222/3/73
f 1222/4/14 1221/5/14 1224/6/14
f 1224/7/70 1221/8/70 1223/9/70
f 1225/10/16 1222/11/16 1224/12/16
f 1225/13/17 1224/14/17 1223/15/17
f 1225/16/71 1223/17/71 1222/18/71
f 1228/1/1 1226/2/1 1227/3/1
f 1227/4/2 1226/5/2 1229/6/2
f 1229/7/3 1226/8/3 1228/9/3
f 1230/10/4 1227/11/4 1229/12/4
f 1230/13/5 1229/14/5 1228/15/5
f 1230/16/131 1228/17/131 1227/18/131
f 1232/4/7 1231/5/7 1234/6/7
f 1233/1/100 1231/2/100 1232/3/100
f 1234/7/9 1231/8/9 1233/9/9
f 1235/13/101 1234/14/101 1233/15/101
f 1235/10/108 1232/11/108 1234/12/108
f 1235/16/12 1233/17/12 1232/18/12
f 1238/1/73 1236/2/73 1237/3/73
f 1237/4/14 1236/5/14 1239/6/14
f 1239/7/70 1236/8/70 1238/9/70
f 1240/10/16 1237/11/16 1239/12/16
f 1240/13/75 1239/14/75 1238/15/75
f 1240/16/132 1238/17/132 1237/18/132
f 1242/4/90 1241/5/90 1244/6/90
f 1243/1/20 1241/2/20 1242/3/20
f 1244/7/91 1241/8/91 1243/9/91
f 1245/13/22 1244/14/22 1243/15/22
f 1245/10/23 1242/11/23 1244/12/23
f 1245/16/24 1243/17/24 1242/18/24
f 1249/7/25 1246/8/25 1248/9/25
f 1248/1/119 1246/2/119 1250/3/119
f 1250/4/27 1246/5/27 1249/6/27
f 1247/10/28 1250/11/28 1249/12/28
f 1247/16/29 1248/17/29 1250/18/29
f 1247/13/30 1249/14/30 1248/15/30
f 1252/4/31 1251/5/31 1254/6/31
f 1253/1/32 1251/2/32 1252/3/32
f 1254/7/33 1251/8/33 1253/9/33
f 1255/13/34 1254/14/34 1253/15/34
f 1255/10/35 1252/11/35 1254/12/35
f 1255/16/43 1253/17/43 1252/18/43
f 1257/4/37 1256/5/37 1259/6/37
f 1258/1/38 1256/2/38 1257/3/38
f 1259/7/123 1256/8/123 1258/9/123
f 1260/13/115 1259/14/115 1258/15/115
f 1260/10/133 1257/11/133 1259/12/133
f 1260/16/42 1258/17/42 1257/18/42
f 1262/4/90 1261/5/90 1264/6/90
f 1263/1/20 1261/2/20 1262/3/20
f 1264/7/91 1261/8/91 1263/9/91
f 1265/13/22 1264/14/22 1263/15/22
f 1265/10/134 1262/11/134 1264/12/134
f 1265/16/24 1263/17/24 1262/18/24
f 1269/7/25 1266/8/25 1268/9/25
f 1268/1/119 1266/2/119 1270/3/119
f 1270/4/135 1266/5/135 1269/6/135
f 1267/10/136 1270/11/137 1269/12/136
f 1267/16/29 1268/17/29 1270/18/29
f 1267/13/30 1269/14/30 1268/15/30
f 1272/4/31 1271/5/31 1274/6/31
f 1273/1/32 1271/2/32 1272/3/32
f 1274/7/33 1271/8/33 1273/9/33
f 1275/13/34 1274/14/34 1273/15/34
f 1275/10/35 1272/11/35 1274/12/35
f 1275/16/43 1273/17/43 1272/18/43
f 1277/4/37 1276/5/37 1279/6/37
f 1278/1/88 1276/2/88 1277/3/88
f 1279/7/39 1276/8/39 1278/9/39
f 1280/13/138 1279/14/138 1278/15/138
f 1280/10/41 1277/11/41 1279/12/41
f 1280/16/128 1278/17/128 1277/18/128
f 1282/4/19 1281/5/19 1284/6/19
f 1283/1/20 1281/2/20 1282/3/20
f 1284/7/91 1281/8/91 1283/9/91
f 1285/13/22 1284/14/22 1283/15/22
f 1285/10/23 1282/11/23 1284/12/23
f 1285/16/24 1283/17/24 1282/18/24
f 1289/7/25 1286/8/25 1288/9/25
f 1288/1/26 1286/2/26 1290/3/26
f 1290/4/121 1286/5/121 1289/6/121
f 1287/10/86 1290/11/86 1289/12/86
f 1287/16/29 1288/17/29 1290/18/29
f 1287/13/30 1289/14/30 1288/15/30
f 1292/4/31 1291/5/31 1294/6/31
f 1293/1/32 1291/2/32 1292/3/32
f 1294/7/33 1291/8/33 1293/9/33
f 1295/13/34 1294/14/34 1293/15/34
f 1295/10/35 1292/11/35 1294/12/35
f 1295/16/43 1293/17/43 1292/18/43
f 1297/4/37 1296/5/37 1299/6/37
f 1298/1/122 1296/2/122 1297/3/122
f 1299/7/123 1296/8/123 1298/9/123
f 1300/13/40 1299/14/40 1298/15/40
f 1300/10/41 1297/11/41 1299/12/41
f 1300/16/42 1298/17/42 1297/18/42
f 1302/4/44 1301/5/44 1304/6/44
f 1303/1/45 1301/2/45 1302/3/45
f 1304/7/46 1301/8/46 1303/9/46
f 1305/13/47 1304/14/47 1303/15/47
f 1305/10/48 1302/11/48 1304/12/48
f 1305/16/49 1303/17/49 1302/18/49
f 1309/7/139 1306/8/139 1308/9/139
f 1308/1/51 1306/2/51 1310/3/51
f 1310/4/111 1306/5/111 1309/6/111
f 1307/10/53 1310/11/53 1309/12/53
f 1307/16/54 1308/17/54 1310/18/54
f 1307/13/55 1309/14/55 1308/15/55
f 1312/4/140 1311/5/140 1314/6/140
f 1313/1/114 1311/2/114 1312/3/114
f 1314/7/78 1311/8/78 1313/9/78
f 1315/13/59 1314/14/59 1313/15/59
f 1315/10/72 1312/11/72 1314/12/72
f 1315/16/141 1313/17/141 1312/18/141
f 1317/4/62 1316/5/62 1319/6/62
f 1318/1/94 1316/2/94 1317/3/94
f 1319/7/64 1316/8/64 1318/9/64
f 1320/13/65 1319/14/65 1318/15/65
f 1320/10/142 1317/11/142 1319/12/142
f 1320/16/143 1318/17/143 1317/18/143
f 1322/4/44 1321/5/44 1324/6/44
f 1323/1/45 1321/2/45 1322/3/45
f 1324/7/144 1321/8/144 1323/9/144
f 1325/13/102 1324/14/102 1323/15/102
f 1325/10/48 1322/11/48 1324/12/48
f 1325/16/145 1323/17/145 1322/18/145
f 1329/7/50 1326/8/50 1328/9/50
f 1328/1/51 1326/2/51 1330/3/51
f 1330/4/52 1326/5/52 1329/6/52
f 1327/10/53 1330/11/53 1329/12/53
f 1327/16/54 1328/17/54 1330/18/54
f 1327/13/80 1329/14/80 1328/15/80
f 1332/4/56 1331/5/56 1334/6/56
f 1333/1/57 1331/2/57 1332/3/57
f 1334/7/58 1331/8/58 1333/9/58
f 1335/13/126 1334/14/126 1333/15/126
f 1335/10/60 1332/11/60 1334/12/60
f 1335/16/146 1333/17/146 1332/18/146
f 1337/4/147 1336/5/147 1339/6/147
f 1338/1/63 1336/2/63 1337/3/63
f 1339/7/64 1336/8/64 1338/9/64
f 1340/13/81 1339/14/81 1338/15/81
f 1340/10/66 1337/11/66 1339/12/66
f 1340/16/148 1338/17/148 1337/18/148
f 1342/4/44 1341/5/44 1344/6/44
f 1343/1/149 1341/2/149 1342/3/149
f 1344/7/144 1341/8/144 1343/9/144
f 1345/13/47 1344/14/47 1343/15/47
f 1345/10/48 1342/11/48 1344/12/48
f 1345/16/49 1343/17/49 1342/18/49
f 1349/7/124 1346/8/124 1348/9/124
f 1348/1/51 1346/2/51 1350/3/51
f 1350/4/52 1346/5/52 1349/6/52
f 1347/10/53 1350/11/53 1349/12/53
f 1347/16/54 1348/17/54 1350/18/54
f 1347/13/55 1349/14/55 1348/15/55
f 1352/4/56 1351/5/56 1354/6/56
f 1353/1/150 1351/2/150 1352/3/150
f 1354/7/151 1351/8/151 1353/9/151
f 1355/13/126 1354/14/126 1353/15/126
f 1355/10/72 1352/11/72 1354/12/72
f 1355/16/104 1353/17/104 1352/18/104
f 1357/4/152 1356/5/152 1359/6/152
f 1358/1/63 1356/2/63 1357/3/63
f 1359/7/64 1356/8/64 1358/9/64
f 1360/13/65 1359/14/65 1358/15/65
f 1360/10/153 1357/11/154 1359/12/155
f 1360/16/67 1358/17/67 1357/18/67
f 1363/1/38 1361/2/38 1362/3/38
f 1362/4/37 1361/5/37 1364/6/37
f 1364/7/39 1361/8/39 1363/9/39
f 1365/10/89 1362/11/89 1364/12/89
f 1365/13/138 1364/14/138 1363/15/138
f 1365/16/110 1363/17/110 1362/18/110
f 1367/4/27 1366/5/27 1369/6/27
f 1368/1/77 1366/2/77 1367/3/77
f 1369/7/129 1366/8/129 1368/9/129
f 1370/13/156 1369/14/156 1368/15/156
f 1370/10/69 1367/11/69 1369/12/69
f 1370/16/157 1368/17/157 1367/18/157
f 1373/1/32 1371/2/32 1372/3/32
f 1372/4/31 1371/5/31 1374/6/31
f 1374/7/33 1371/8/33 1373/9/33
f 1375/10/35 1372/11/35 1374/12/35
f 1375/13/34 1374/14/34 1373/15/34
f 1375/16/43 1373/17/43 1372/18/43
f 1378/1/122 1376/2/122 1377/3/122
f 1377/4/37 1376/5/37 1379/6/37
f 1379/7/39 1376/8/39 1378/9/39
f 1380/10/89 1377/11/89 1379/12/89
f 1380/13/40 1379/14/40 1378/15/40
f 1380/16/42 1378/17/42 1377/18/42
f 1382/4/27 1381/5/27 1384/6/27
f 1383/1/26 1381/2/26 1382/3/26
f 1384/7/129 1381/8/129 1383/9/129
f 1385/13/30 1384/14/30 1383/15/30
f 1385/10/69 1382/11/69 1384/12/69
f 1385/16/29 1383/17/29 1382/18/29
f 1388/1/32 1386/2/32 1387/3/32
f 1387/4/31 1386/5/31 1389/6/31
f 1389/7/33 1386/8/33 1388/9/33
f 1390/10/35 1387/11/35 1389/12/35
f 1390/13/127 1389/14/127 1388/15/127
f 1390/16/43 1388/17/43 1387/18/43
f 1393/1/38 1391/2/38 1392/3/38
f 1392/4/37 1391/5/37 1394/6/37
f 1394/7/39 1391/8/39 1393/9/39
f 1395/10/41 1392/11/41 1394/12/41
f 1395/13/158 1394/14/158 1393/15/158
f 1395/16/42 1393/17/42 1392/18/42
f 1397/4/121 1396/5/121 1399/6/121
f 1398/1/119 1396/2/119 1397/3/119
f 1399/7/25 1396/8/25 1398/9/25
f 1400/13/30 1399/14/30 1398/15/30
f 1400/10/109 1397/11/109 1399/12/109
f 1400/16/29 1398/17/29 1397/18/29
f 1403/1/98 1401/2/98 1402/3/98
f 1402/4/31 1401/5/31 1404/6/31
f 1404/7/117 1401/8/117 1403/9/117
f 1405/10/159 1402/11/159 1404/12/159
f 1405/13/96 1404/14/96 1403/15/96
f 1405/16/43 1403/17/43 1402/18/43
f 1408/1/38 1406/2/38 1407/3/38
f 1407/4/37 1406/5/37 1409/6/37
f 1409/7/39 1406/8/39 1408/9/39
f 1410/10/41 1407/11/41 1409/12/41
f 1410/13/40 1409/14/40 1408/15/40
f 1410/16/42 1408/17/42 1407/18/42
f 1412/4/27 1411/5/27 1414/6/27
f 1413/1/26 1411/2/26 1412/3/26
f 1414/7/129 1411/8/129 1413/9/129
f 1415/13/30 1414/14/30 1413/15/30
f 1415/10/69 1412/11/69 1414/12/69
f 1415/16/160 1413/17/160 1412/18/160
f 1418/1/98 1416/2/98 1417/3/98
f 1417/4/31 1416/5/31 1419/6/31
f 1419/7/33 1416/8/33 1418/9/33
f 1420/10/35 1417/11/35 1419/12/35
f 1420/13/34 1419/14/34 1418/15/34
f 1420/16/36 1418/17/36 1417/18/36
f 1423/1/74 1421/2/74 1422/3/74
f 1422/4/120 1421/5/120 1424/6/120
f 1424/7/3 1421/8/3 1423/9/3
f 1425/10/4 1422/11/4 1424/12/4
f 1425/13/161 1424/14/161 1423/15/161
f 1425/16/131 1423/17/131 1422/18/131
f 1427/4/162 1426/5/162 1429/6/162
f 1428/1/100 1426/2/100 1427/3/100
f 1429/7/163 1426/8/163 1428/9/163
f 1430/13/101 1429/14/101 1428/15/101
f 1430/10/108 1427/11/108 1429/12/108
f 1430/16/12 1428/17/12 1427/18/12
f 1433/1/13 1431/2/13 1432/3/13
f 1432/4/14 1431/5/14 1434/6/14
f 1434/7/70 1431/8/70 1433/9/70
f 1435/10/16 1432/11/16 1434/12/16
f 1435/13/164 1434/14/164 1433/15/164
f 1435/16/165 1433/17/166 1432/18/165
f 1437/4/167 1436/5/167 1439/6/167
f 1438/1/149 1436/2/149 1437/3/149
f 1439/7/46 1436/8/46 1438/9/46
f 1440/13/47 1439/14/47 1438/15/47
f 1440/10/48 1437/11/48 1439/12/48
f 1440/16/49 1438/17/49 1437/18/49
f 1444/7/50 1441/8/50 1443/9/50
f 1443/1/51 1441/2/51 1445/3/51
f 1445/4/52 1441/5/52 1444/6/52
f 1442/10/53 1445/11/53 1444/12/53
f 1442/16/54 1443/17/54 1445/18/54
f 1442/13/80 1444/14/80 1443/15/80
f 1447/4/56 1446/5/56 1449/6/56
f 1448/1/57 1446/2/57 1447/3/57
f 1449/7/151 1446/8/151 1448/9/151
f 1450/13/59 1449/14/59 1448/15/59
f 1450/10/60 1447/11/60 1449/12/60
f 1450/16/61 1448/17/61 1447/18/61
f 1452/4/79 1451/5/79 1454/6/79
f 1453/1/63 1451/2/63 1452/3/63
f 1454/7/64 1451/8/64 1453/9/64
f 1455/13/65 1454/14/65 1453/15/65
f 1455/10/66 1452/11/66 1454/12/66
f 1455/16/68 1453/17/68 1452/18/68
f 1458/1/74 1456/2/74 1457/3/74
f 1457/4/2 1456/5/2 1459/6/2
f 1459/7/3 1456/8/3 1458/9/3
f 1460/10/4 1457/11/4 1459/12/4
f 1460/13/5 1459/14/5 1458/15/5
f 1460/16/6 1458/17/6 1457/18/6
f 1462/4/7 1461/5/7 1464/6/7
f 1463/1/100 1461/2/100 1462/3/100
f 1464/7/9 1461/8/9 1463/9/9
f 1465/13/84 1464/14/84 1463/15/84
f 1465/10/11 1462/11/11 1464/12/11
f 1465/16/85 1463/17/85 1462/18/85
f 1468/1/13 1466/2/13 1467/3/13
f 1467/4/14 1466/5/14 1469/6/14
f 1469/7/70 1466/8/70 1468/9/70
f 1470/10/16 1467/11/16 1469/12/16
f 1470/13/17 1469/14/17 1468/15/17
f 1470/16/71 1468/17/71 1467/18/71
f 1473/1/1 1471/2/1 1472/3/1
f 1472/4/2 1471/5/2 1474/6/2
f 1474/7/3 1471/8/3 1473/9/3
f 1475/10/4 1472/11/4 1474/12/4
f 1475/13/5 1474/14/5 1473/15/5
f 1475/16/82 1473/17/82 1472/18/82
f 1477/4/7 1476/5/7 1479/6/7
f 1478/1/100 1476/2/100 1477/3/100
f 1479/7/9 1476/8/9 1478/9/9
f 1480/13/101 1479/14/101 1478/15/101
f 1480/10/108 1477/11/108 1479/12/108
f 1480/16/168 1478/17/168 1477/18/168
f 1483/1/73 1481/2/73 1482/3/73
f 1482/4/14 1481/5/14 1484/6/14
f 1484/7/15 1481/8/15 1483/9/15
f 1485/10/16 1482/11/16 1484/12/16
f 1485/13/75 1484/14/75 1483/15/75
f 1485/16/169 1483/17/169 1482/18/169
f 1487/4/90 1486/5/90 1489/6/90
f 1488/1/170 1486/2/170 1487/3/170
f 1489/7/91 1486/8/91 1488/9/91
f 1490/13/22 1489/14/22 1488/15/22
f 1490/10/23 1487/11/23 1489/12/23
f 1490/16/24 1488/17/24 1487/18/24
f 1494/7/25 1491/8/25 1493/9/25
f 1493/1/119 1491/2/119 1495/3/119
f 1495/4/27 1491/5/27 1494/6/27
f 1492/10/69 1495/11/69 1494/12/69
f 1492/16/29 1493/17/29 1495/18/29
f 1492/13/30 1494/14/30 1493/15/30
f 1497/4/31 1496/5/31 1499/6/31
f 1498/1/32 1496/2/32 1497/3/32
f 1499/7/33 1496/8/33 1498/9/33
f 1500/13/171 1499/14/171 1498/15/171
f 1500/10/35 1497/11/35 1499/12/35
f 1500/16/36 1498/17/36 1497/18/36
f 1502/4/172 1501/5/172 1504/6/172
f 1503/1/122 1501/2/122 1502/3/122
f 1504/7/39 1501/8/39 1503/9/39
f 1505/13/115 1504/14/115 1503/15/115
f 1505/10/133 1502/11/133 1504/12/133
f 1505/16/42 1503/17/42 1502/18/42
f 1507/4/90 1506/5/90 1509/6/90
f 1508/1/170 1506/2/170 1507/3/170
f 1509/7/91 1506/8/91 1508/9/91
f 1510/13/22 1509/14/22 1508/15/22
f 1510/10/92 1507/11/92 1509/12/92
f 1510/16/173 1508/17/173 1507/18/173
f 1514/7/129 1511/8/129 1513/9/129
f 1513/1/119 1511/2/119 1515/3/119
f 1515/4/27 1511/5/27 1514/6/27
f 1512/10/69 1515/11/69 1514/12/69
f 1512/16/157 1513/17/157 1515/18/157
f 1512/13/30 1514/14/30 1513/15/30
f 1517/4/31 1516/5/31 1519/6/31
f 1518/1/98 1516/2/98 1517/3/98
f 1519/7/117 1516/8/117 1518/9/117
f 1520/13/87 1519/14/87 1518/15/87
f 1520/10/35 1517/11/35 1519/12/35
f 1520/16/43 1518/17/43 1517/18/43
f 1522/4/37 1521/5/37 1524/6/37
f 1523/1/88 1521/2/88 1522/3/88
f 1524/7/123 1521/8/123 1523/9/123
f 1525/13/40 1524/14/40 1523/15/40
f 1525/10/41 1522/11/41 1524/12/41
f 1525/16/42 1523/17/42 1522/18/42
f 1527/4/19 1526/5/19 1529/6/19
f 1528/1/20 1526/2/20 1527/3/20
f 1529/7/91 1526/8/91 1528/9/91
f 1530/13/174 1529/14/174 1528/15/174
f 1530/10/23 1527/11/23 1529/12/23
f 1530/16/24 1528/17/24 1527/18/24
f 1534/7/25 1531/8/25 1533/9/25
f 1533/1/26 1531/2/26 1535/3/26
f 1535/4/27 1531/5/27 1534/6/27
f 1532/10/69 1535/11/69 1534/12/69
f 1532/16/29 1533/17/29 1535/18/29
f 1532/13/30 1534/14/30 1533/15/30
f 1537/4/31 1536/5/31 1539/6/31
f 1538/1/98 1536/2/98 1537/3/98
f 1539/7/117 1536/8/117 1538/9/117
f 1540/13/127 1539/14/127 1538/15/127
f 1540/10/35 1537/11/35 1539/12/35
f 1540/16/43 1538/17/43 1537/18/43
f 1542/4/37 1541/5/37 1544/6/37
f 1543/1/122 1541/2/122 1542/3/122
f 1544/7/123 1541/8/123 1543/9/123
f 1545/13/158 1544/14/158 1543/15/158
f 1545/10/41 1542/11/41 1544/12/41
f 1545/16/42 1543/17/42 1542/18/42
f 1547/4/44 1546/5/44 1549/6/44
f 1548/1/149 1546/2/149 1547/3/149
f 1549/7/46 1546/8/46 1548/9/46
f 1550/13/47 1549/14/47 1548/15/47
f 1550/10/48 1547/11/48 1549/12/48
f 1550/16/49 1548/17/49 1547/18/49
f 1554/7/139 1551/8/139 1553/9/139
f 1553/1/51 1551/2/51 1555/3/51
f 1555/4/52 1551/5/52 1554/6/52
f 1552/10/53 1555/11/53 1554/12/53
f 1552/16/54 1553/17/54 1555/18/54
f 1552/13/55 1554/14/55 1553/15/55
f 1557/4/56 1556/5/56 1559/6/56
f 1558/1/114 1556/2/114 1557/3/114
f 1559/7/78 1556/8/78 1558/9/78
f 1560/13/59 1559/14/59 1558/15/59
f 1560/10/72 1557/11/72 1559/12/72
f 1560/16/141 1558/17/141 1557/18/141
f 1562/4/79 1561/5/79 1564/6/79
f 1563/1/105 1561/2/105 1562/3/105
f 1564/7/64 1561/8/64 1563/9/64
f 1565/13/81 1564/14/81 1563/15/81
f 1565/10/142 1562/11/142 1564/12/142
f 1565/16/175 1563/17/175 1562/18/175
f 1567/4/44 1566/5/44 1569/6/44
f 1568/1/45 1566/2/45 1567/3/45
f 1569/7/144 1566/8/144 1568/9/144
f 1570/13/102 1569/14/102 1568/15/102
f 1570/10/48 1567/11/48 1569/12/48
f 1570/16/113 1568/17/113 1567/18/113
f 1574/7/50 1571/8/50 1573/9/50
f 1573/1/51 1571/2/51 1575/3/51
f 1575/4/52 1571/5/52 1574/6/52
f 1572/10/53 1575/11/53 1574/12/53
f 1572/16/176 1573/17/176 1575/18/176
f 1572/13/80 1574/14/80 1573/15/80
f 1577/4/56 1576/5/56 1579/6/56
f 1578/1/103 1576/2/103 1577/3/103
f 1579/7/112 1576/8/112 1578/9/112
f 1580/13/59 1579/14/59 1578/15/59
f 1580/10/72 1577/11/72 1579/12/72
f 1580/16/61 1578/17/61 1577/18/61
f 1582/4/152 1581/5/152 1584/6/152
f 1583/1/63 1581/2/63 1582/3/63
f 1584/7/64 1581/8/64 1583/9/64
f 1585/13/65 1584/14/65 1583/15/65
f 1585/10/142 1582/11/142 1584/12/142
f 1585/16/67 1583/17/67 1582/18/67
f 1587/4/44 1586/5/44 1589/6/44
f 1588/1/149 1586/2/149 1587/3/149
f 1589/7/46 1586/8/46 1588/9/46
f 1590/13/102 1589/14/102 1588/15/102
f 1590/10/48 1587/11/48 1589/12/48
f 1590/16/49 1588/17/49 1587/18/49
f 1594/7/124 1591/8/124 1593/9/124
f 1593/1/51 1591/2/51 1595/3/51
f 1595/4/52 1591/5/52 1594/6/52
f 1592/10/53 1595/11/53 1594/12/53
f 1592/16/176 1593/17/176 1595/18/176
f 1592/13/80 1594/14/80 1593/15/80
f 1597/4/140 1596/5/140 1599/6/140
f 1598/1/177 1596/2/177 1597/3/177
f 1599/7/151 1596/8/151 1598/9/151
f 1600/13/59 1599/14/59 1598/15/59
f 1600/10/60 1597/11/60 1599/12/60
f 1600/16/146 1598/17/146 1597/18/146
f 1602/4/62 1601/5/62 1604/6/62
f 1603/1/94 1601/2/94 1602/3/94
f 1604/7/64 1601/8/64 1603/9/64
f 1605/13/81 1604/14/81 1603/15/81
f 1605/10/66 1602/11/66 1604/12/66
f 1605/16/67 1603/17/67 1602/18/67
f 1608/1/38 1606/2/38 1607/3/38
f 1607/4/172 1606/5/172 1609/6/172
f 1609/7/39 1606/8/39 1608/9/39
f 1610/10/133 1607/11/133 1609/12/133
f 1610/13/178 1609/14/178 1608/15/178
f 1610/16/128 1608/17/128 1607/18/128
f 1612/4/118 1611/5/118 1614/6/118
f 1613/1/119 1611/2/119 1612/3/119
f 1614/7/129 1611/8/129 1613/9/129
f 1615/13/156 1614/14/156 1613/15/156
f 1615/10/69 1612/11/69 1614/12/69
f 1615/16/29 1613/17/29 1612/18/29
f 1618/1/98 1616/2/98 1617/3/98
f 1617/4/31 1616/5/31 1619/6/31
f 1619/7/117 1616/8/117 1618/9/117
f 1620/10/99 1617/11/99 1619/12/99
f 1620/13/179 1619/14/179 1618/15/179
f 1620/16/43 1618/17/43 1617/18/43
f 1623/1/122 1621/2/122 1622/3/122
f 1622/4/172 1621/5/172 1624/6/172
f 1624/7/39 1621/8/39 1623/9/39
f 1625/10/133 1622/11/133 1624/12/133
f 1625/13/40 1624/14/40 1623/15/40
f 1625/16/42 1623/17/42 1622/18/42
f 1627/4/27 1626/5/27 1629/6/27
f 1628/1/26 1626/2/26 1627/3/26
f 1629/7/129 1626/8/129 1628/9/129
f 1630/13/30 1629/14/30 1628/15/30
f 1630/10/69 1627/11/69 1629/12/69
f 1630/16/180 1628/17/180 1627/18/180
f 1633/1/98 1631/2/98 1632/3/98
f 1632/4/31 1631/5/31 1634/6/31
f 1634/7/33 1631/8/33 1633/9/33
f 1635/10/35 1632/11/35 1634/12/35
f 1635/13/34 1634/14/34 1633/15/34
f 1635/16/43 1633/17/43 1632/18/43
f 1638/1/38 1636/2/38 1637/3/38
f 1637/4/37 1636/5/37 1639/6/37
f 1639/7/123 1636/8/123 1638/9/123
f 1640/10/41 1637/11/41 1639/12/41
f 1640/13/181 1639/14/181 1638/15/181
f 1640/16/110 1638/17/110 1637/18/110
f 1642/4/121 1641/5/121 1644/6/121
f 1643/1/26 1641/2/26 1642/3/26
f 1644/7/182 1641/8/182 1643/9/182
f 1645/13/30 1644/14/30 1643/15/30
f 1645/10/28 1642/11/28 1644/12/28
f 1645/16/29 1643/17/29 1642/18/29
f 1648/1/98 1646/2/98 1647/3/98
f 1647/4/31 1646/5/31 1649/6/31
f 1649/7/117 1646/8/117 1648/9/117
f 1650/10/159 1647/11/159 1649/12/159
f 1650/13/96 1649/14/96 1648/15/96
f 1650/16/43 1648/17/43 1647/18/43
f 1653/1/122 1651/2/122 1652/3/122
f 1652/4/37 1651/5/37 1654/6/37
f 1654/7/183 1651/8/183 1653/9/183
f 1655/10/41 1652/11/41 1654/12/41
f 1655/13/158 1654/14/158 1653/15/158
f 1655/16/42 1653/17/42 1652/18/42
f 1657/4/27 1656/5/27 1659/6/27
f 1658/1/26 1656/2/26 1657/3/26
f 1659/7/129 1656/8/129 1658/9/129
f 1660/13/30 1659/14/30 1658/15/30
f 1660/10/109 1657/11/109 1659/12/109
f 1660/16/29 1658/17/29 1657/18/29
f 1663/1/32 1661/2/32 1662/3/32
f 1662/4/184 1661/5/184 1664/6/184
f 1664/7/185 1661/8/186 1663/9/185
f 1665/10/35 1662/11/35 1664/12/35
f 1665/13/34 1664/14/34 1663/15/34
f 1665/16/43 1663/17/43 1662/18/43
f 1668/1/74 1666/2/74 1667/3/74
f 1667/4/120 1666/5/120 1669/6/120
f 1669/7/3 1666/8/3 1668/9/3
f 1670/10/4 1667/11/4 1669/12/4
f 1670/13/161 1669/14/161 1668/15/161
f 1670/16/131 1668/17/131 1667/18/131
f 1672/4/162 1671/5/162 1674/6/162
f 1673/1/8 1671/2/8 1672/3/8
f 1674/7/187 1671/8/187 1673/9/187
f 1675/13/10 1674/14/10 1673/15/10
f 1675/10/108 1672/11/108 1674/12/108
f 1675/16/12 1673/17/12 1672/18/12
f 1678/1/73 1676/2/73 1677/3/73
f 1677/4/14 1676/5/14 1679/6/14
f 1679/7/15 1676/8/15 1678/9/15
f 1680/10/16 1677/11/16 1679/12/16
f 1680/13/164 1679/14/164 1678/15/164
f 1680/16/188 1678/17/188 1677/18/188
f 1682/4/44 1681/5/44 1684/6/44
f 1683/1/149 1681/2/149 1682/3/149
f 1684/7/144 1681/8/144 1683/9/144
f 1685/13/47 1684/14/47 1683/15/47
f 1685/10/48 1682/11/48 1684/12/48
f 1685/16/49 1683/17/49 1682/18/49
f 1689/7/50 1686/8/50 1688/9/50
f 1688/1/51 1686/2/51 1690/3/51
f 1690/4/52 1686/5/52 1689/6/52
f 1687/10/53 1690/11/53 1689/12/53
f 1687/16/54 1688/17/54 1690/18/54
f 1687/13/55 1689/14/55 1688/15/55
f 1692/4/140 1691/5/140 1694/6/140
f 1693/1/57 1691/2/57 1692/3/57
f 1694/7/151 1691/8/151 1693/9/151
f 1695/13/59 1694/14/59 1693/15/59
f 1695/10/60 1692/11/60 1694/12/60
f 1695/16/146 1693/17/146 1692/18/146
f 1697/4/152 1696/5/152 1699/6/152
f 1698/1/105 1696/2/105 1697/3/105
f 1699/7/64 1696/8/64 1698/9/64
f 1700/13/65 1699/14/65 1698/15/65
f 1700/10/66 1697/11/66 1699/12/66
f 1700/16/189 1698/17/190 1697/18/189
f 1703/1/74 1701/2/74 1702/3/74
f 1702/4/2 1701/5/2 1704/6/2
f 1704/7/3 1701/8/3 1703/9/3
f 1705/10/4 1702/11/4 1704/12/4
f 1705/13/5 1704/14/5 1703/15/5
f 1705/16/6 1703/17/6 1702/18/6
f 1707/4/191 1706/5/192 1709/6/193
f 1708/1/8 1706/2/8 1707/3/8
f 1709/7/163 1706/8/163 1708/9/163
f 1710/13/10 1709/14/10 1708/15/10
f 1710/10/108 1707/11/108 1709/12/108
f 1710/16/12 1708/17/12 1707/18/12
f 1713/1/73 1711/2/73 1712/3/73
f 1712/4/14 1711/5/14 1714/6/14
f 1714/7/70 1711/8/70 1713/9/70
f 1715/10/16 1712/11/16 1714/12/16
f 1715/13/75 1714/14/75 1713/15/75
f 1715/16/169 1713/17/169 1712/18/169
f 1718/1/74 1716/2/74 1717/3/74
f 1717/4/2 1716/5/2 1719/6/2
f 1719/7/3 1716/8/3 1718/9/3
f 1720/10/4 1717/11/4 1719/12/4
f 1720/13/5 1719/14/5 1718/15/5
f 1720/16/82 1718/17/82 1717/18/82
f 1722/4/162 1721/5/162 1724/6/162
f 1723/1/100 1721/2/100 1722/3/100
f 1724/7/83 1721/8/83 1723/9/83
f 1725/13/10 1724/14/10 1723/15/10
f 1725/10/108 1722/11/108 1724/12/108
f 1725/16/85 1723/17/85 1722/18/85
f 1728/1/73 1726/2/73 1727/3/73
f 1727/4/14 1726/5/14 1729/6/14
f 1729/7/70 1726/8/70 1728/9/70
f 1730/10/16 1727/11/16 1729/12/16
f 1730/13/75 1729/14/75 1728/15/75
f 1730/16/169 1728/17/169 1727/18/169
f 1732/4/19 1731/5/19 1734/6/19
f 1733/1/20 1731/2/20 1732/3/20
f 1734/7/91 1731/8/91 1733/9/91
f 1735/13/22 1734/14/22 1733/15/22
f 1735/10/23 1732/11/23 1734/12/23
f 1735/16/24 1733/17/24 1732/18/24
f 1739/7/129 1736/8/129 1738/9/129
f 1738/1/119 1736/2/119 1740/3/119
f 1740/4/118 1736/5/118 1739/6/118
f 1737/10/69 1740/11/69 1739/12/69
f 1737/16/29 1738/17/29 1740/18/29
f 1737/13/95 1739/14/95 1738/15/95
f 1742/4/31 1741/5/31 1744/6/31
f 1743/1/98 1741/2/98 1742/3/98
f 1744/7/33 1741/8/33 1743/9/33
f 1745/13/171 1744/14/171 1743/15/171
f 1745/10/99 1742/11/99 1744/12/99
f 1745/16/36 1743/17/36 1742/18/36
f 1747/4/37 1746/5/37 1749/6/37
f 1748/1/38 1746/2/38 1747/3/38
f 1749/7/39 1746/8/39 1748/9/39
f 1750/13/115 1749/14/115 1748/15/115
f 1750/10/41 1747/11/41 1749/12/41
f 1750/16/128 1748/17/128 1747/18/128
f 1752/4/90 1751/5/90 1754/6/90
f 1753/1/170 1751/2/170 1752/3/170
f 1754/7/91 1751/8/91 1753/9/91
f 1755/13/22 1754/14/22 1753/15/22
f 1755/10/92 1752/11/92 1754/12/92
f 1755/16/173 1753/17/173 1752/18/173
f 1759/7/25 1756/8/25 1758/9/25
f 1758/1/119 1756/2/119 1760/3/119
f 1760/4/118 1756/5/118 1759/6/118
f 1757/10/86 1760/11/86 1759/12/86
f 1757/16/157 1758/17/157 1760/18/157
f 1757/13/30 1759/14/30 1758/15/30
f 1762/4/31 1761/5/31 1764/6/31
f 1763/1/98 1761/2/98 1762/3/98
f 1764/7/33 1761/8/33 1763/9/33
f 1765/13/96 1764/14/96 1763/15/96
f 1765/10/35 1762/11/35 1764/12/35
f 1765/16/43 1763/17/43 1762/18/43
f 1767/4/37 1766/5/37 1769/6/37
f 1768/1/38 1766/2/38 1767/3/38
f 1769/7/123 1766/8/123 1768/9/123
f 1770/13/40 1769/14/40 1768/15/40
f 1770/10/41 1767/11/41 1769/12/41
f 1770/16/42 1768/17/42 1767/18/42
f 1772/4/19 1771/5/19 1774/6/19
f 1773/1/20 1771/2/20 1772/3/20
f 1774/7/91 1771/8/91 1773/9/91
f 1775/13/22 1774/14/22 1773/15/22
f 1775/10/23 1772/11/23 1774/12/23
f 1775/16/24 1773/17/24 1772/18/24
f 1779/7/25 1776/8/25 1778/9/25
f 1778/1/26 1776/2/26 1780/3/26
f 1780/4/27 1776/5/27 1779/6/27
f 1777/10/86 1780/11/86 1779/12/86
f 1777/16/29 1778/17/29 1780/18/29
f 1777/13/30 1779/14/30 1778/15/30
f 1782/4/31 1781/5/31 1784/6/31
f 1783/1/98 1781/2/98 1782/3/98
f 1784/7/33 1781/8/33 1783/9/33
f 1785/13/87 1784/14/87 1783/15/87
f 1785/10/99 1782/11/99 1784/12/99
f 1785/16/43 1783/17/43 1782/18/43
f 1787/4/37 1786/5/37 1789/6/37
f 1788/1/122 1786/2/122 1787/3/122
f 1789/7/123 1786/8/123 1788/9/123
f 1790/13/158 1789/14/158 1788/15/158
f 1790/10/41 1787/11/41 1789/12/41
f 1790/16/42 1788/17/42 1787/18/42
f 1792/4/44 1791/5/44 1794/6/44
f 1793/1/45 1791/2/45 1792/3/45
f 1794/7/46 1791/8/46 1793/9/46
f 1795/13/47 1794/14/47 1793/15/47
f 1795/10/48 1792/11/48 1794/12/48
f 1795/16/49 1793/17/49 1792/18/49
f 1799/7/139 1796/8/139 1798/9/139
f 1798/1/51 1796/2/51 1800/3/51
f 1800/4/52 1796/5/52 1799/6/52
f 1797/10/53 1800/11/53 1799/12/53
f 1797/16/54 1798/17/54 1800/18/54
f 1797/13/55 1799/14/55 1798/15/55
f 1802/4/140 1801/5/140 1804/6/140
f 1803/1/57 1801/2/57 1802/3/57
f 1804/7/58 1801/8/58 1803/9/58
f 1805/13/126 1804/14/126 1803/15/126
f 1805/10/72 1802/11/72 1804/12/72
f 1805/16/104 1803/17/104 1802/18/104
f 1807/4/62 1806/5/62 1809/6/62
f 1808/1/63 1806/2/63 1807/3/63
f 1809/7/64 1806/8/64 1808/9/64
f 1810/13/65 1809/14/65 1808/15/65
f 1810/10/142 1807/11/142 1809/12/142
f 1810/16/175 1808/17/175 1807/18/175
f 1812/4/44 1811/5/44 1814/6/44
f 1813/1/149 1811/2/149 1812/3/149
f 1814/7/46 1811/8/46 1813/9/46
f 1815/13/102 1814/14/102 1813/15/102
f 1815/10/48 1812/11/48 1814/12/48
f 1815/16/113 1813/17/113 1812/18/113
f 1819/7/139 1816/8/139 1818/9/139
f 1818/1/51 1816/2/51 1820/3/51
f 1820/4/111 1816/5/111 1819/6/111
f 1817/10/53 1820/11/53 1819/12/53
f 1817/16/176 1818/17/176 1820/18/176
f 1817/13/80 1819/14/80 1818/15/80
f 1822/4/56 1821/5/56 1824/6/56
f 1823/1/103 1821/2/103 1822/3/103
f 1824/7/78 1821/8/78 1823/9/78
f 1825/13/126 1824/14/126 1823/15/126
f 1825/10/72 1822/11/72 1824/12/72
f 1825/16/104 1823/17/104 1822/18/104
f 1827/4/152 1826/5/152 1829/6/152
f 1828/1/105 1826/2/105 1827/3/105
f 1829/7/64 1826/8/64 1828/9/64
f 1830/13/65 1829/14/65 1828/15/65
f 1830/10/66 1827/11/66 1829/12/66
f 1830/16/194 1828/17/194 1827/18/194
f 1832/4/44 1831/5/44 1834/6/44
f 1833/1/149 1831/2/149 1832/3/149
f 1834/7/144 1831/8/144 1833/9/144
f 1835/13/47 1834/14/47 1833/15/47
f 1835/10/48 1832/11/48 1834/12/48
f 1835/16/49 1833/17/49 1832/18/49
f 1839/7/50 1836/8/50 1838/9/50
f 1838/1/51 1836/2/51 1840/3/51
f 1840/4/52 1836/5/52 1839/6/52
f 1837/10/53 1840/11/53 1839/12/53
f 1837/16/54 1838/17/54 1840/18/54
f 1837/13/80 1839/14/80 1838/15/80
f 1842/4/140 1841/5/140 1844/6/140
f 1843/1/57 1841/2/57 1842/3/57
f 1844/7/151 1841/8/151 1843/9/151
f 1845/13/126 1844/14/126 1843/15/126
f 1845/10/60 1842/11/60 1844/12/60
f 1845/16/146 1843/17/146 1842/18/146
f 1847/4/79 1846/5/79 1849/6/79
f 1848/1/63 1846/2/63 1847/3/63
f 1849/7/64 1846/8/64 1848/9/64
f 1850/13/81 1849/14/81 1848/15/81
f 1850/10/66 1847/11/66 1849/12/66
f 1850/16/67 1848/17/67 1847/18/67
f 1853/1/38 1851/2/38 1852/3/38
f 1852/4/172 1851/5/172 1854/6/172
f 1854/7/195 1851/8/195 1853/9/195
f 1855/10/89 1852/11/89 1854/12/89
f 1855/13/40 1854/14/40 1853/15/40
f 1855/16/42 1853/17/42 1852/18/42
f 1857/4/27 1856/5/27 1859/6/27
f 1858/1/119 1856/2/119 1857/3/119
f 1859/7/25 1856/8/25 1858/9/25
f 1860/13/95 1859/14/95 1858/15/95
f 1860/10/69 1857/11/69 1859/12/69
f 1860/16/29 1858/17/29 1857/18/29
f 1863/1/98 1861/2/98 1862/3/98
f 1862/4/184 1861/5/184 1864/6/184
f 1864/7/33 1861/8/33 1863/9/33
f 1865/10/35 1862/11/35 1864/12/35
f 1865/13/171 1864/14/171 1863/15/171
f 1865/16/43 1863/17/43 1862/18/43
f 1868/1/122 1866/2/122 1867/3/122
f 1867/4/172 1866/5/172 1869/6/172
f 1869/7/39 1866/8/39 1868/9/39
f 1870/10/41 1867/11/41 1869/12/41
f 1870/13/158 1869/14/158 1868/15/158
f 1870/16/42 1868/17/42 1867/18/42
f 1872/4/27 1871/5/27 1874/6/27
f 1873/1/119 1871/2/119 1872/3/119
f 1874/7/25 1871/8/25 1873/9/25
f 1875/13/30 1874/14/30 1873/15/30
f 1875/10/69 1872/11/69 1874/12/69
f 1875/16/180 1873/17/180 1872/18/180
f 1878/1/32 1876/2/32 1877/3/32
f 1877/4/31 1876/5/31 1879/6/31
f 1879/7/33 1876/8/33 1878/9/33
f 1880/10/35 1877/11/35 1879/12/35
f 1880/13/127 1879/14/127 1878/15/127
f 1880/16/43 1878/17/43 1877/18/43
f 1883/1/38 1881/2/38 1882/3/38
f 1882/4/37 1881/5/37 1884/6/37
f 1884/7/123 1881/8/123 1883/9/123
f 1885/10/41 1882/11/41 1884/12/41
f 1885/13/40 1884/14/40 1883/15/40
f 1885/16/42 1883/17/42 1882/18/42
f 1887/4/121 1886/5/121 1889/6/121
f 1888/1/26 1886/2/26 1887/3/26
f 1889/7/25 1886/8/25 1888/9/25
f 1890/13/30 1889/14/30 1888/15/30
f 1890/10/28 1887/11/28 1889/12/28
f 1890/16/29 1888/17/29 1887/18/29
f 1893/1/98 1891/2/98 1892/3/98
f 1892/4/31 1891/5/31 1894/6/31
f 1894/7/33 1891/8/33 1893/9/33
f 1895/10/159 1892/11/159 1894/12/159
f 1895/13/96 1894/14/96 1893/15/96
f 1895/16/43 1893/17/43 1892/18/43
f 1898/1/38 1896/2/38 1897/3/38
f 1897/4/37 1896/5/37 1899/6/37
f 1899/7/39 1896/8/39 1898/9/39
f 1900/10/41 1897/11/41 1899/12/41
f 1900/13/40 1899/14/40 1898/15/40
f 1900/16/42 1898/17/42 1897/18/42
f 1902/4/27 1901/5/27 1904/6/27
f 1903/1/26 1901/2/26 1902/3/26
f 1904/7/25 1901/8/25 1903/9/25
f 1905/13/156 1904/14/156 1903/15/156
f 1905/10/109 1902/11/109 1904/12/109
f 1905/16/29 1903/17/29 1902/18/29
f 1908/1/98 1906/2/98 1907/3/98
f 1907/4/31 1906/5/31 1909/6/31
f 1909/7/33 1906/8/33 1908/9/33
f 1910/10/35 1907/11/35 1909/12/35
f 1910/13/34 1909/14/34 1908/15/34
f 1910/16/36 1908/17/36 1907/18/36
f 1913/1/74 1911/2/74 1912/3/74
f 1912/4/120 1911/5/120 1914/6/120
f 1914/7/130 1911/8/130 1913/9/130
f 1915/10/4 1912/11/4 1914/12/4
f 1915/13/5 1914/14/5 1913/15/5
f 1915/16/131 1913/17/131 1912/18/131
f 1917/4/162 1916/5/162 1919/6/162
f 1918/1/100 1916/2/100 1917/3/100
f 1919/7/163 1916/8/163 1918/9/163
f 1920/13/10 1919/14/10 1918/15/10
f 1920/10/108 1917/11/108 1919/12/108
f 1920/16/85 1918/17/85 1917/18/85
f 1923/1/13 1921/2/13 1922/3/13
f 1922/4/14 1921/5/14 1924/6/14
f 1924/7/196 1921/8/196 1923/9/196
f 1925/10/16 1922/11/16 1924/12/16
f 1925/13/164 1924/14/164 1923/15/164
f 1925/16/188 1923/17/188 1922/18/188
f 1927/4/44 1926/5/44 1929/6/44
f 1928/1/149 1926/2/149 1927/3/149
f 1929/7/46 1926/8/46 1928/9/46
f 1930/13/47 1929/14/47 1928/15/47
f 1930/10/48 1927/11/48 1929/12/48
f 1930/16/49 1928/17/49 1927/18/49
f 1934/7/50 1931/8/50 1933/9/50
f 1933/1/51 1931/2/51 1935/3/51
f 1935/4/52 1931/5/52 1934/6/52
f 1932/10/53 1935/11/53 1934/12/53
f 1932/16/176 1933/17/176 1935/18/176
f 1932/13/80 1934/14/80 1933/15/80
f 1937/4/140 1936/5/140 1939/6/140
f 1938/1/57 1936/2/57 1937/3/57
f 1939/7/151 1936/8/151 1938/9/151
f 1940/13/59 1939/14/59 1938/15/59
f 1940/10/60 1937/11/60 1939/12/60
f 1940/16/146 1938/17/146 1937/18/146
f 1942/4/152 1941/5/152 1944/6/152
f 1943/1/63 1941/2/63 1942/3/63
f 1944/7/64 1941/8/64 1943/9/64
f 1945/13/65 1944/14/65 1943/15/65
f 1945/10/197 1942/11/197 1944/12/197
f 1945/16/198 1943/17/198 1942/18/198
f 1948/1/1 1946/2/1 1947/3/1
f 1947/4/2 1946/5/2 1949/6/2
f 1949/7/3 1946/8/3 1948/9/3
f 1950/10/4 1947/11/4 1949/12/4
f 1950/13/5 1949/14/5 1948/15/5
f 1950/16/6 1948/17/6 1947/18/6
f 1952/4/7 1951/5/7 1954/6/7
f 1953/1/8 1951/2/8 1952/3/8
f 1954/7/187 1951/8/187 1953/9/187
f 1955/13/10 1954/14/10 1953/15/10
f 1955/10/108 1952/11/108 1954/12/108
f 1955/16/12 1953/17/12 1952/18/12
f 1958/1/13 1956/2/13 1957/3/13
f 1957/4/14 1956/5/14 1959/6/14
f 1959/7/196 1956/8/196 1958/9/196
f 1960/10/16 1957/11/16 1959/12/16
f 1960/13/75 1959/14/75 1958/15/75
f 1960/16/169 1958/17/169 1957/18/169
f 1963/1/199 1961/2/199 1962/3/199
f 1962/4/120 1961/5/120 1964/6/120
f 1964/7/3 1961/8/3 1963/9/3
f 1965/10/4 1962/11/4 1964/12/4
f 1965/13/5 1964/14/5 1963/15/5
f 1965/16/82 1963/17/82 1962/18/82
f 1967/4/162 1966/5/162 1969/6/162
f 1968/1/100 1966/2/100 1967/3/100
f 1969/7/83 1966/8/83 1968/9/83
f 1970/13/101 1969/14/101 1968/15/101
f 1970/10/108 1967/11/108 1969/12/108
f 1970/16/12 1968/17/12 1967/18/12
f 1973/1/73 1971/2/73 1972/3/73
f 1972/4/14 1971/5/14 1974/6/14
f 1974/7/70 1971/8/70 1973/9/70
f 1975/10/16 1972/11/16 1974/12/16
f 1975/13/75 1974/14/75 1973/15/75
f 1975/16/169 1973/17/169 1972/18/169
f 1977/4/19 1976/5/19 1979/6/19
f 1978/1/20 1976/2/20 1977/3/20
f 1979/7/91 1976/8/91 1978/9/91
f 1980/13/22 1979/14/22 1978/15/22
f 1980/10/23 1977/11/23 1979/12/23
f 1980/16/24 1978/17/24 1977/18/24
f 1984/7/25 1981/8/25 1983/9/25
f 1983/1/26 1981/2/26 1985/3/26
f 1985/4/27 1981/5/27 1984/6/27
f 1982/10/69 1985/11/69 1984/12/69
f 1982/16/29 1983/17/29 1985/18/29
f 1982/13/30 1984/14/30 1983/15/30
f 1987/4/31 1986/5/31 1989/6/31
f 1988/1/98 1986/2/98 1987/3/98
f 1989/7/33 1986/8/33 1988/9/33
f 1990/13/200 1989/14/200 1988/15/200
f 1990/10/35 1987/11/35 1989/12/35
f 1990/16/36 1988/17/36 1987/18/36
f 1992/4/172 1991/5/172 1994/6/172
f 1993/1/38 1991/2/38 1992/3/38
f 1994/7/195 1991/8/195 1993/9/195
f 1995/13/115 1994/14/115 1993/15/115
f 1995/10/89 1992/11/89 1994/12/89
f 1995/16/128 1993/17/128 1992/18/128
f 1997/4/90 1996/5/90 1999/6/90
f 1998/1/170 1996/2/170 1997/3/170
f 1999/7/91 1996/8/91 1998/9/91
f 2000/13/22 1999/14/22 1998/15/22
f 2000/10/92 1997/11/92 1999/12/92
f 2000/16/173 1998/17/173 1997/18/173
f 2004/7/129 2001/8/129 2003/9/129
f 2003/1/119 2001/2/119 2005/3/119
f 2005/4/135 2001/5/135 2004/6/135
f 2002/10/69 2005/11/69 2004/12/69
f 2002/16/157 2003/17/157 2005/18/157
f 2002/13/30 2004/14/30 2003/15/30
f 2007/4/184 2006/5/184 2009/6/184
f 2008/1/32 2006/2/32 2007/3/32
f 2009/7/201 2006/8/201 2008/9/201
f 2010/13/34 2009/14/34 2008/15/34
f 2010/10/35 2007/11/35 2009/12/35
f 2010/16/43 2008/17/43 2007/18/43
f 2012/4/37 2011/5/37 2014/6/37
f 2013/1/88 2011/2/88 2012/3/88
f 2014/7/39 2011/8/39 2013/9/39
f 2015/13/138 2014/14/138 2013/15/138
f 2015/10/89 2012/11/89 2014/12/89
f 2015/16/128 2013/17/128 2012/18/128
f 2017/4/90 2016/5/90 2019/6/90
f 2018/1/20 2016/2/20 2017/3/20
f 2019/7/91 2016/8/91 2018/9/91
f 2020/13/22 2019/14/22 2018/15/22
f 2020/10/23 2017/11/23 2019/12/23
f 2020/16/24 2018/17/24 2017/18/24
f 2024/7/25 2021/8/25 2023/9/25
f 2023/1/26 2021/2/26 2025/3/26
f 2025/4/27 2021/5/27 2024/6/27
f 2022/10/69 2025/11/69 2024/12/69
f 2022/16/29 2023/17/29 2025/18/29
f 2022/13/95 2024/14/95 2023/15/95
f 2027/4/31 2026/5/31 2029/6/31
f 2028/1/32 2026/2/32 2027/3/32
f 2029/7/33 2026/8/33 2028/9/33
f 2030/13/96 2029/14/96 2028/15/96
f 2030/10/35 2027/11/35 2029/12/35
f 2030/16/36 2028/17/36 2027/18/36
f 2032/4/37 2031/5/37 2034/6/37
f 2033/1/122 2031/2/122 2032/3/122
f 2034/7/123 2031/8/123 2033/9/123
f 2035/13/202 2034/14/202 2033/15/202
f 2035/10/41 2032/11/41 2034/12/41
f 2035/16/42 2033/17/42 2032/18/42
f 2037/4/44 2036/5/44 2039/6/44
f 2038/1/149 2036/2/149 2037/3/149
f 2039/7/46 2036/8/46 2038/9/46
f 2040/13/47 2039/14/47 2038/15/47
f 2040/10/48 2037/11/48 2039/12/48
f 2040/16/49 2038/17/49 2037/18/49
f 2044/7/139 2041/8/139 2043/9/139
f 2043/1/51 2041/2/51 2045/3/51
f 2045/4/52 2041/5/52 2044/6/52
f 2042/10/53 2045/11/53 2044/12/53
f 2042/16/54 2043/17/54 2045/18/54
f 2042/13/55 2044/14/55 2043/15/55
f 2047/4/56 2046/5/56 2049/6/56
f 2048/1/114 2046/2/114 2047/3/114
f 2049/7/112 2046/8/112 2048/9/112
f 2050/13/59 2049/14/59 2048/15/59
f 2050/10/72 2047/11/72 2049/12/72
f 2050/16/61 2048/17/61 2047/18/61
f 2052/4/62 2051/5/62 2054/6/62
f 2053/1/105 2051/2/105 2052/3/105
f 2054/7/64 2051/8/64 2053/9/64
f 2055/13/81 2054/14/81 2053/15/81
f 2055/10/142 2052/11/142 2054/12/142
f 2055/16/175 2053/17/175 2052/18/175
f 2057/4/44 2056/5/44 2059/6/44
f 2058/1/45 2056/2/45 2057/3/45
f 2059/7/46 2056/8/46 2058/9/46
f 2060/13/203 2059/14/203 2058/15/203
f 2060/10/48 2057/11/48 2059/12/48
f 2060/16/49 2058/17/49 2057/18/49
f 2064/7/139 2061/8/139 2063/9/139
f 2063/1/51 2061/2/51 2065/3/51
f 2065/4/111 2061/5/111 2064/6/111
f 2062/10/53 2065/11/53 2064/12/53
f 2062/16/54 2063/17/54 2065/18/54
f 2062/13/80 2064/14/80 2063/15/80
f 2067/4/56 2066/5/56 2069/6/56
f 2068/1/103 2066/2/103 2067/3/103
f 2069/7/78 2066/8/78 2068/9/78
f 2070/13/126 2069/14/126 2068/15/126
f 2070/10/60 2067/11/60 2069/12/60
f 2070/16/204 2068/17/204 2067/18/204
f 2072/4/152 2071/5/152 2074/6/152
f 2073/1/105 2071/2/105 2072/3/105
f 2074/7/64 2071/8/64 2073/9/64
f 2075/13/65 2074/14/65 2073/15/65
f 2075/10/66 2072/11/66 2074/12/66
f 2075/16/194 2073/17/194 2072/18/194
f 2077/4/44 2076/5/44 2079/6/44
f 2078/1/149 2076/2/149 2077/3/149
f 2079/7/144 2076/8/144 2078/9/144
f 2080/13/47 2079/14/47 2078/15/47
f 2080/10/48 2077/11/48 2079/12/48
f 2080/16/49 2078/17/49 2077/18/49
f 2084/7/50 2081/8/50 2083/9/50
f 2083/1/51 2081/2/51 2085/3/51
f 2085/4/52 2081/5/52 2084/6/52
f 2082/10/53 2085/11/53 2084/12/53
f 2082/16/54 2083/17/54 2085/18/54
f 2082/13/80 2084/14/80 2083/15/80
f 2087/4/140 2086/5/140 2089/6/140
f 2088/1/177 2086/2/177 2087/3/177
f 2089/7/151 2086/8/151 2088/9/151
f 2090/13/59 2089/14/59 2088/15/59
f 2090/10/60 2087/11/60 2089/12/60
f 2090/16/61 2088/17/61 2087/18/61
f 2092/4/79 2091/5/79 2094/6/79
f 2093/1/94 2091/2/94 2092/3/94
f 2094/7/64 2091/8/64 2093/9/64
f 2095/13/65 2094/14/65 2093/15/65
f 2095/10/66 2092/11/66 2094/12/66
f 2095/16/67 2093/17/67 2092/18/67
f 2098/1/38 2096/2/38 2097/3/38
f 2097/4/37 2096/5/37 2099/6/37
f 2099/7/39 2096/8/39 2098/9/39
f 2100/10/133 2097/11/133 2099/12/133
f 2100/13/40 2099/14/40 2098/15/40
f 2100/16/42 2098/17/42 2097/18/42
f 2102/4/118 2101/5/118 2104/6/118
f 2103/1/119 2101/2/119 2102/3/119
f 2104/7/25 2101/8/25 2103/9/25
f 2105/13/95 2104/14/95 2103/15/95
f 2105/10/69 2102/11/69 2104/12/69
f 2105/16/180 2103/17/180 2102/18/180
f 2108/1/98 2106/2/98 2107/3/98
f 2107/4/184 2106/5/184 2109/6/184
f 2109/7/33 2106/8/33 2108/9/33
f 2110/10/35 2107/11/35 2109/12/35
f 2110/13/171 2109/14/171 2108/15/171
f 2110/16/43 2108/17/43 2107/18/43
f 2113/1/122 2111/2/122 2112/3/122
f 2112/4/172 2111/5/172 2114/6/172
f 2114/7/39 2111/8/39 2113/9/39
f 2115/10/41 2112/11/41 2114/12/41
f 2115/13/40 2114/14/40 2113/15/40
f 2115/16/42 2113/17/42 2112/18/42
f 2117/4/27 2116/5/27 2119/6/27
f 2118/1/26 2116/2/26 2117/3/26
f 2119/7/129 2116/8/129 2118/9/129
f 2120/13/156 2119/14/156 2118/15/156
f 2120/10/69 2117/11/69 2119/12/69
f 2120/16/29 2118/17/29 2117/18/29
f 2123/1/32 2121/2/32 2122/3/32
f 2122/4/31 2121/5/31 2124/6/31
f 2124/7/33 2121/8/33 2123/9/33
f 2125/10/35 2122/11/35 2124/12/35
f 2125/13/127 2124/14/127 2123/15/127
f 2125/16/43 2123/17/43 2122/18/43
f 2128/1/88 2126/2/88 2127/3/88
f 2127/4/37 2126/5/37 2129/6/37
f 2129/7/39 2126/8/39 2128/9/39
f 2130/10/41 2127/11/41 2129/12/41
f 2130/13/40 2129/14/40 2128/15/40
f 2130/16/42 2128/17/42 2127/18/42
f 2132/4/121 2131/5/121 2134/6/121
f 2133/1/26 2131/2/26 2132/3/26
f 2134/7/25 2131/8/25 2133/9/25
f 2135/13/95 2134/14/95 2133/15/95
f 2135/10/28 2132/11/28 2134/12/28
f 2135/16/29 2133/17/29 2132/18/29
f 2138/1/98 2136/2/98 2137/3/98
f 2137/4/184 2136/5/184 2139/6/184
f 2139/7/33 2136/8/33 2138/9/33
f 2140/10/159 2137/11/159 2139/12/159
f 2140/13/96 2139/14/96 2138/15/96
f 2140/16/43 2138/17/43 2137/18/43
f 2143/1/122 2141/2/122 2142/3/122
f 2142/4/37 2141/5/37 2144/6/37
f 2144/7/123 2141/8/123 2143/9/123
f 2145/10/41 2142/11/41 2144/12/41
f 2145/13/40 2144/14/40 2143/15/40
f 2145/16/205 2143/17/205 2142/18/205
f 2147/4/27 2146/5/27 2149/6/27
f 2148/1/26 2146/2/26 2147/3/26
f 2149/7/129 2146/8/129 2148/9/129
f 2150/13/95 2149/14/95 2148/15/95
f 2150/10/28 2147/11/28 2149/12/28
f 2150/16/29 2148/17/29 2147/18/29
f 2153/1/98 2151/2/98 2152/3/98
f 2152/4/184 2151/5/184 2154/6/184
f 2154/7/33 2151/8/33 2153/9/33
f 2155/10/35 2152/11/35 2154/12/35
f 2155/13/127 2154/14/127 2153/15/127
f 2155/16/36 2153/17/36 2152/18/36
f 2158/1/74 2156/2/74 2157/3/74
f 2157/4/120 2156/5/120 2159/6/120
f 2159/7/3 2156/8/3 2158/9/3
f 2160/10/4 2157/11/4 2159/12/4
f 2160/13/5 2159/14/5 2158/15/5
f 2160/16/131 2158/17/131 2157/18/131
f 2162/4/7 2161/5/7 2164/6/7
f 2163/1/100 2161/2/100 2162/3/100
f 2164/7/163 2161/8/163 2163/9/163
f 2165/13/101 2164/14/101 2163/15/101
f 2165/10/108 2162/11/108 2164/12/108
f 2165/16/12 2163/17/12 2162/18/12
f 2168/1/73 2166/2/73 2167/3/73
f 2167/4/14 2166/5/14 2169/6/14
f 2169/7/70 2166/8/70 2168/9/70
f 2170/10/16 2167/11/16 2169/12/16
f 2170/13/164 2169/14/164 2168/15/164
f 2170/16/188 2168/17/188 2167/18/188
f 2172/4/167 2171/5/167 2174/6/167
f 2173/1/149 2171/2/149 2172/3/149
f 2174/7/46 2171/8/46 2173/9/46
f 2175/13/47 2174/14/47 2173/15/47
f 2175/10/48 2172/11/48 2174/12/48
f 2175/16/49 2173/17/49 2172/18/49
f 2179/7/50 2176/8/50 2178/9/50
f 2178/1/125 2176/2/125 2180/3/125
f 2180/4/52 2176/5/52 2179/6/52
f 2177/10/53 2180/11/53 2179/12/53
f 2177/16/54 2178/17/54 2180/18/54
f 2177/13/80 2179/14/80 2178/15/80
f 2182/4/140 2181/5/140 2184/6/140
f 2183/1/57 2181/2/57 2182/3/57
f 2184/7/151 2181/8/151 2183/9/151
f 2185/13/59 2184/14/59 2183/15/59
f 2185/10/60 2182/11/60 2184/12/60
f 2185/16/206 2183/17/206 2182/18/206
f 2187/4/152 2186/5/152 2189/6/152
f 2188/1/105 2186/2/105 2187/3/105
f 2189/7/64 2186/8/64 2188/9/64
f 2190/13/65 2189/14/65 2188/15/65
f 2190/10/197 2187/11/197 2189/12/197
f 2190/16/198 2188/17/198 2187/18/198
f 2193/1/1 2191/2/1 2192/3/1
f 2192/4/2 2191/5/2 2194/6/2
f 2194/7/3 2191/8/3 2193/9/3
f 2195/10/4 2192/11/4 2194/12/4
f 2195/13/5 2194/14/5 2193/15/5
f 2195/16/6 2193/17/6 2192/18/6
f 2197/4/7 2196/5/7 2199/6/7
f 2198/1/8 2196/2/8 2197/3/8
f 2199/7/163 2196/8/163 2198/9/163
f 2200/13/101 2199/14/101 2198/15/101
f 2200/10/207 2197/11/207 2199/12/207
f 2200/16/12 2198/17/12 2197/18/12
f 2203/1/73 2201/2/73 2202/3/73
f 2202/4/14 2201/5/14 2204/6/14
f 2204/7/70 2201/8/70 2203/9/70
f 2205/10/16 2202/11/16 2204/12/16
f 2205/13/75 2204/14/75 2203/15/75
f 2205/16/208 2203/17/208 2202/18/208
f 2208/1/199 2206/2/199 2207/3/199
f 2207/4/209 2206/5/209 2209/6/209
f 2209/7/210 2206/8/210 2208/9/210
f 2210/10/4 2207/11/4 2209/12/4
f 2210/13/5 2209/14/5 2208/15/5
f 2210/16/82 2208/17/82 2207/18/82
f 2212/4/7 2211/5/7 2214/6/7
f 2213/1/100 2211/2/100 2212/3/100
f 2214/7/9 2211/8/9 2213/9/9
f 2215/13/10 2214/14/10 2213/15/10
f 2215/10/108 2212/11/108 2214/12/108
f 2215/16/85 2213/17/85 2212/18/85
f 2218/1/211 2216/2/211 2217/3/211
f 2217/4/14 2216/5/14 2219/6/14
f 2219/7/70 2216/8/70 2218/9/70
f 2220/10/16 2217/11/16 2219/12/16
f 2220/13/75 2219/14/75 2218/15/75
f 2220/16/132 2218/17/132 2217/18/132
f 2222/4/90 2221/5/90 2224/6/90
f 2223/1/20 2221/2/20 2222/3/20
f 2224/7/76 2221/8/76 2223/9/76
f 2225/13/22 2224/14/22 2223/15/22
f 2225/10/23 2222/11/23 2224/12/23
f 2225/16/24 2223/17/24 2222/18/24
f 2229/7/25 2226/8/25 2228/9/25
f 2228/1/26 2226/2/26 2230/3/26
f 2230/4/27 2226/5/27 2229/6/27
f 2227/10/69 2230/11/69 2229/12/69
f 2227/16/180 2228/17/180 2230/18/180
f 2227/13/30 2229/14/30 2228/15/30
f 2232/4/31 2231/5/31 2234/6/31
f 2233/1/32 2231/2/32 2232/3/32
f 2234/7/33 2231/8/33 2233/9/33
f 2235/13/171 2234/14/171 2233/15/171
f 2235/10/35 2232/11/35 2234/12/35
f 2235/16/43 2233/17/43 2232/18/43
f 2237/4/37 2236/5/37 2239/6/37
f 2238/1/122 2236/2/122 2237/3/122
f 2239/7/123 2236/8/123 2238/9/123
f 2240/13/40 2239/14/40 2238/15/40
f 2240/10/89 2237/11/89 2239/12/89
f 2240/16/42 2238/17/42 2237/18/42
f 2242/4/90 2241/5/90 2244/6/90
f 2243/1/170 2241/2/170 2242/3/170
f 2244/7/76 2241/8/76 2243/9/76
f 2245/13/22 2244/14/22 2243/15/22
f 2245/10/23 2242/11/23 2244/12/23
f 2245/16/24 2243/17/24 2242/18/24
f 2249/7/25 2246/8/25 2248/9/25
f 2248/1/119 2246/2/119 2250/3/119
f 2250/4/135 2246/5/135 2249/6/135
f 2247/10/136 2250/11/136 2249/12/136
f 2247/16/157 2248/17/157 2250/18/157
f 2247/13/30 2249/14/30 2248/15/30
f 2252/4/184 2251/5/184 2254/6/184
f 2253/1/32 2251/2/32 2252/3/32
f 2254/7/201 2251/8/201 2253/9/201
f 2255/13/34 2254/14/34 2253/15/34
f 2255/10/35 2252/11/35 2254/12/35
f 2255/16/43 2253/17/43 2252/18/43
f 2257/4/37 2256/5/37 2259/6/37
f 2258/1/88 2256/2/88 2257/3/88
f 2259/7/123 2256/8/123 2258/9/123
f 2260/13/40 2259/14/40 2258/15/40
f 2260/10/41 2257/11/41 2259/12/41
f 2260/16/128 2258/17/128 2257/18/128
f 2262/4/212 2261/5/212 2264/6/212
f 2263/1/213 2261/2/213 2262/3/213
f 2264/7/76 2261/8/76 2263/9/76
f 2265/13/22 2264/14/22 2263/15/22
f 2265/10/92 2262/11/92 2264/12/92
f 2265/16/173 2263/17/173 2262/18/173
f 2269/7/25 2266/8/25 2268/9/25
f 2268/1/119 2266/2/119 2270/3/119
f 2270/4/27 2266/5/27 2269/6/27
f 2267/10/69 2270/11/69 2269/12/69
f 2267/16/180 2268/17/180 2270/18/180
f 2267/13/30 2269/14/30 2268/15/30
f 2272/4/31 2271/5/31 2274/6/31
f 2273/1/32 2271/2/32 2272/3/32
f 2274/7/201 2271/8/201 2273/9/201
f 2275/13/87 2274/14/87 2273/15/87
f 2275/10/35 2272/11/35 2274/12/35
f 2275/16/43 2273/17/43 2272/18/43
f 2277/4/37 2276/5/37 2279/6/37
f 2278/1/122 2276/2/122 2277/3/122
f 2279/7/123 2276/8/123 2278/9/123
f 2280/13/158 2279/14/158 2278/15/158
f 2280/10/41 2277/11/41 2279/12/41
f 2280/16/42 2278/17/42 2277/18/42
f 2282/4/44 2281/5/44 2284/6/44
f 2283/1/149 2281/2/149 2282/3/149
f 2284/7/46 2281/8/46 2283/9/46
f 2285/13/47 2284/14/47 2283/15/47
f 2285/10/48 2282/11/48 2284/12/48
f 2285/16/49 2283/17/49 2282/18/49
f 2289/7/124 2286/8/124 2288/9/124
f 2288/1/125 2286/2/125 2290/3/125
f 2290/4/111 2286/5/111 2289/6/111
f 2287/10/53 2290/11/53 2289/12/53
f 2287/16/54 2288/17/54 2290/18/54
f 2287/13/55 2289/14/55 2288/15/55
f 2292/4/140 2291/5/140 2294/6/140
f 2293/1/57 2291/2/57 2292/3/57
f 2294/7/78 2291/8/78 2293/9/78
f 2295/13/59 2294/14/59 2293/15/59
f 2295/10/60 2292/11/60 2294/12/60
f 2295/16/104 2293/17/104 2292/18/104
f 2297/4/62 2296/5/62 2299/6/62
f 2298/1/94 2296/2/94 2297/3/94
f 2299/7/64 2296/8/64 2298/9/64
f 2300/13/81 2299/14/81 2298/15/81
f 2300/10/142 2297/11/142 2299/12/142
f 2300/16/214 2298/17/214 2297/18/214
f 2302/4/44 2301/5/44 2304/6/44
f 2303/1/149 2301/2/149 2302/3/149
f 2304/7/144 2301/8/144 2303/9/144
f 2305/13/203 2304/14/203 2303/15/203
f 2305/10/48 2302/11/48 2304/12/48
f 2305/16/49 2303/17/49 2302/18/49
f 2309/7/139 2306/8/139 2308/9/139
f 2308/1/215 2306/2/215 2310/3/215
f 2310/4/111 2306/5/111 2309/6/111
f 2307/10/53 2310/11/53 2309/12/53
f 2307/16/54 2308/17/54 2310/18/54
f 2307/13/80 2309/14/80 2308/15/80
f 2312/4/56 2311/5/56 2314/6/56
f 2313/1/103 2311/2/103 2312/3/103
f 2314/7/112 2311/8/112 2313/9/112
f 2315/13/126 2314/14/126 2313/15/126
f 2315/10/60 2312/11/60 2314/12/60
f 2315/16/204 2313/17/204 2312/18/204
f 2317/4/152 2316/5/152 2319/6/152
f 2318/1/216 2316/2/216 2317/3/216
f 2319/7/64 2316/8/64 2318/9/64
f 2320/13/65 2319/14/65 2318/15/65
f 2320/10/66 2317/11/66 2319/12/66
f 2320/16/194 2318/17/194 2317/18/194
f 2322/4/44 2321/5/44 2324/6/44
f 2323/1/149 2321/2/149 2322/3/149
f 2324/7/144 2321/8/144 2323/9/144
f 2325/13/47 2324/14/47 2323/15/47
f 2325/10/48 2322/11/48 2324/12/48
f 2325/16/49 2323/17/49 2322/18/49
f 2329/7/50 2326/8/50 2328/9/50
f 2328/1/51 2326/2/51 2330/3/51
f 2330/4/111 2326/5/111 2329/6/111
f 2327/10/53 2330/11/53 2329/12/53
f 2327/16/176 2328/17/176 2330/18/176
f 2327/13/80 2329/14/80 2328/15/80
f 2332/4/140 2331/5/140 2334/6/140
f 2333/1/57 2331/2/57 2332/3/57
f 2334/7/151 2331/8/151 2333/9/151
f 2335/13/59 2334/14/59 2333/15/59
f 2335/10/60 2332/11/60 2334/12/60
f 2335/16/206 2333/17/206 2332/18/206
f 2337/4/62 2336/5/62 2339/6/62
f 2338/1/63 2336/2/63 2337/3/63
f 2339/7/64 2336/8/64 2338/9/64
f 2340/13/65 2339/14/65 2338/15/65
f 2340/10/66 2337/11/66 2339/12/66
f 2340/16/67 2338/17/67 2337/18/67
f 2343/1/122 2341/2/122 2342/3/122
f 2342/4/172 2341/5/172 2344/6/172
f 2344/7/39 2341/8/39 2343/9/39
f 2345/10/133 2342/11/133 2344/12/133
f 2345/13/178 2344/14/178 2343/15/178
f 2345/16/42 2343/17/42 2342/18/42
f 2347/4/27 2346/5/27 2349/6/27
f 2348/1/119 2346/2/119 2347/3/119
f 2349/7/25 2346/8/25 2348/9/25
f 2350/13/30 2349/14/30 2348/15/30
f 2350/10/86 2347/11/86 2349/12/86
f 2350/16/29 2348/17/29 2347/18/29
f 2353/1/32 2351/2/32 2352/3/32
f 2352/4/31 2351/5/31 2354/6/31
f 2354/7/33 2351/8/33 2353/9/33
f 2355/10/35 2352/11/35 2354/12/35
f 2355/13/171 2354/14/171 2353/15/171
f 2355/16/43 2353/17/43 2352/18/43
f 2358/1/122 2356/2/122 2357/3/122
f 2357/4/172 2356/5/172 2359/6/172
f 2359/7/123 2356/8/123 2358/9/123
f 2360/10/41 2357/11/41 2359/12/41
f 2360/13/158 2359/14/158 2358/15/158
f 2360/16/42 2358/17/42 2357/18/42
f 2362/4/118 2361/5/118 2364/6/118
f 2363/1/119 2361/2/119 2362/3/119
f 2364/7/129 2361/8/129 2363/9/129
f 2365/13/95 2364/14/95 2363/15/95
f 2365/10/69 2362/11/69 2364/12/69
f 2365/16/29 2363/17/29 2362/18/29
f 2368/1/98 2366/2/98 2367/3/98
f 2367/4/184 2366/5/184 2369/6/184
f 2369/7/33 2366/8/33 2368/9/33
f 2370/10/35 2367/11/35 2369/12/35
f 2370/13/34 2369/14/34 2368/15/34
f 2370/16/36 2368/17/36 2367/18/36
f 2373/1/122 2371/2/122 2372/3/122
f 2372/4/37 2371/5/37 2374/6/37
f 2374/7/123 2371/8/123 2373/9/123
f 2375/10/41 2372/11/41 2374/12/41
f 2375/13/158 2374/14/158 2373/15/158
f 2375/16/42 2373/17/42 2372/18/42
f 2377/4/27 2376/5/27 2379/6/27
f 2378/1/119 2376/2/119 2377/3/119
f 2379/7/25 2376/8/25 2378/9/25
f 2380/13/30 2379/14/30 2378/15/30
f 2380/10/109 2377/11/109 2379/12/109
f 2380/16/29 2378/17/29 2377/18/29
f 2383/1/98 2381/2/98 2382/3/98
f 2382/4/31 2381/5/31 2384/6/31
f 2384/7/33 2381/8/33 2383/9/33
f 2385/10/159 2382/11/159 2384/12/159
f 2385/13/96 2384/14/96 2383/15/96
f 2385/16/43 2383/17/43 2382/18/43
f 2388/1/88 2386/2/88 2387/3/88
f 2387/4/37 2386/5/37 2389/6/37
f 2389/7/123 2386/8/123 2388/9/123
f 2390/10/41 2387/11/41 2389/12/41
f 2390/13/40 2389/14/40 2388/15/40
f 2390/16/205 2388/17/205 2387/18/205
f 2392/4/27 2391/5/27 2394/6/27
f 2393/1/26 2391/2/26 2392/3/26
f 2394/7/25 2391/8/25 2393/9/25
f 2395/13/30 2394/14/30 2393/15/30
f 2395/10/109 2392/11/109 2394/12/109
f 2395/16/29 2393/17/29 2392/18/29
f 2398/1/32 2396/2/32 2397/3/32
f 2397/4/31 2396/5/31 2399/6/31
f 2399/7/33 2396/8/33 2398/9/33
f 2400/10/35 2397/11/35 2399/12/35
f 2400/13/127 2399/14/127 2398/15/127
f 2400/16/43 2398/17/43 2397/18/43
f 2403/1/1 2401/2/1 2402/3/1
f 2402/4/2 2401/5/2 2404/6/2
f 2404/7/3 2401/8/3 2403/9/3
f 2405/10/217 2402/11/217 2404/12/217
f 2405/13/5 2404/14/5 2403/15/5
f 2405/16/82 2403/17/82 2402/18/82
f 2407/4/162 2406/5/162 2409/6/162
f 2408/1/8 2406/2/8 2407/3/8
f 2409/7/187 2406/8/187 2408/9/187
f 2410/13/10 2409/14/10 2408/15/10
f 2410/10/108 2407/11/108 2409/12/108
f 2410/16/12 2408/17/12 2407/18/12
f 2413/1/13 2411/2/13 2412/3/13
f 2412/4/14 2411/5/14 2414/6/14
f 2414/7/15 2411/8/15 2413/9/15
f 2415/10/16 2412/11/16 2414/12/16
f 2415/13/164 2414/14/164 2413/15/164
f 2415/16/188 2413/17/188 2412/18/188
f 2417/4/44 2416/5/44 2419/6/44
f 2418/1/149 2416/2/149 2417/3/149
f 2419/7/46 2416/8/46 2418/9/46
f 2420/13/218 2419/14/218 2418/15/218
f 2420/10/48 2417/11/48 2419/12/48
f 2420/16/49 2418/17/49 2417/18/49
f 2424/7/50 2421/8/50 2423/9/50
f 2423/1/51 2421/2/51 2425/3/51
f 2425/4/52 2421/5/52 2424/6/52
f 2422/10/53 2425/11/53 2424/12/53
f 2422/16/54 2423/17/54 2425/18/54
f 2422/13/80 2424/14/80 2423/15/80
f 2427/4/56 2426/5/56 2429/6/56
f 2428/1/57 2426/2/57 2427/3/57
f 2429/7/58 2426/8/58 2428/9/58
f 2430/13/59 2429/14/59 2428/15/59
f 2430/10/60 2427/11/60 2429/12/60
f 2430/16/61 2428/17/61 2427/18/61
f 2432/4/62 2431/5/62 2434/6/62
f 2433/1/105 2431/2/105 2432/3/105
f 2434/7/64 2431/8/64 2433/9/64
f 2435/13/81 2434/14/81 2433/15/81
f 2435/10/66 2432/11/66 2434/12/66
f 2435/16/219 2433/17/220 2432/18/219
f 2438/1/1 2436/2/1 2437/3/1
f 2437/4/2 2436/5/2 2439/6/2
f 2439/7/3 2436/8/3 2438/9/3
f 2440/10/4 2437/11/4 2439/12/4
f 2440/13/5 2439/14/5 2438/15/5
f 2440/16/6 2438/17/6 2437/18/6
f 2442/4/7 2441/5/7 2444/6/7
f 2443/1/8 2441/2/8 2442/3/8
f 2444/7/187 2441/8/187 2443/9/187
f 2445/13/101 2444/14/101 2443/15/101
f 2445/10/108 2442/11/108 2444/12/108
f 2445/16/12 2443/17/12 2442/18/12
f 2448/1/13 2446/2/13 2447/3/13
f 2447/4/14 2446/5/14 2449/6/14
f 2449/7/70 2446/8/70 2448/9/70
f 2450/10/16 2447/11/16 2449/12/16
f 2450/13/75 2449/14/75 2448/15/75
f 2450/16/169 2448/17/169 2447/18/169
f 2453/1/1 2451/2/1 2452/3/1
f 2452/4/221 2451/5/221 2454/6/222
f 2454/7/130 2451/8/130 2453/9/130
f 2455/10/223 2452/11/223 2454/12/223
f 2455/13/5 2454/14/5 2453/15/5
f 2455/16/224 2453/17/224 2452/18/224
f 2457/4/225 2456/5/225 2459/6/225
f 2458/1/8 2456/2/8 2457/3/8
f 2459/7/83 2456/8/83 2458/9/83
f 2460/13/84 2459/14/84 2458/15/84
f 2460/10/226 2457/11/226 2459/12/226
f 2460/16/85 2458/17/85 2457/18/85
f 2463/1/73 2461/2/73 2462/3/73
f 2462/4/14 2461/5/14 2464/6/14
f 2464/7/227 2461/8/227 2463/9/227
f 2465/10/16 2462/11/16 2464/12/16
f 2465/13/164 2464/14/164 2463/15/164
f 2465/16/71 2463/17/71 2462/18/71
f 2467/4/212 2466/5/212 2469/6/212
f 2468/1/213 2466/2/213 2467/3/213
f 2469/7/76 2466/8/76 2468/9/76
f 2470/13/22 2469/14/22 2468/15/22
f 2470/10/23 2467/11/23 2469/12/23
f 2470/16/24 2468/17/24 2467/18/24
f 2474/7/25 2471/8/25 2473/9/25
f 2473/1/119 2471/2/119 2475/3/119
f 2475/4/27 2471/5/27 2474/6/27
f 2472/10/69 2475/11/69 2474/12/69
f 2472/16/180 2473/17/180 2475/18/180
f 2472/13/30 2474/14/30 2473/15/30
f 2477/4/31 2476/5/31 2479/6/31
f 2478/1/32 2476/2/32 2477/3/32
f 2479/7/33 2476/8/33 2478/9/33
f 2480/13/200 2479/14/200 2478/15/200
f 2480/10/99 2477/11/99 2479/12/99
f 2480/16/36 2478/17/36 2477/18/36
f 2482/4/37 2481/5/37 2484/6/37
f 2483/1/88 2481/2/88 2482/3/88
f 2484/7/228 2481/8/229 2483/9/229
f 2485/13/178 2484/14/178 2483/15/178
f 2485/10/133 2482/11/133 2484/12/133
f 2485/16/42 2483/17/42 2482/18/42
f 2487/4/230 2486/5/230 2489/6/230
f 2488/1/231 2486/2/231 2487/3/231
f 2489/7/91 2486/8/91 2488/9/91
f 2490/13/22 2489/14/22 2488/15/22
f 2490/10/232 2487/11/232 2489/12/232
f 2490/16/233 2488/17/233 2487/18/233
f 2494/7/234 2491/8/235 2493/9/234
f 2493/1/236 2491/2/236 2495/3/236
f 2495/4/237 2491/5/237 2494/6/237
f 2492/10/28 2495/11/28 2494/12/28
f 2492/16/238 2493/17/238 2495/18/238
f 2492/13/239 2494/14/239 2493/15/239
f 2497/4/184 2496/5/184 2499/6/184
f 2498/1/98 2496/2/98 2497/3/98
f 2499/7/33 2496/8/33 2498/9/33
f 2500/13/34 2499/14/34 2498/15/34
f 2500/10/159 2497/11/159 2499/12/159
f 2500/16/43 2498/17/43 2497/18/43
f 2502/4/37 2501/5/37 2504/6/37
f 2503/1/88 2501/2/88 2502/3/88
f 2504/7/39 2501/8/39 2503/9/39
f 2505/13/40 2504/14/40 2503/15/40
f 2505/10/133 2502/11/133 2504/12/133
f 2505/16/42 2503/17/42 2502/18/42
f 2507/4/212 2506/5/212 2509/6/212
f 2508/1/213 2506/2/213 2507/3/213
f 2509/7/91 2506/8/91 2508/9/91
f 2510/13/22 2509/14/22 2508/15/22
f 2510/10/23 2507/11/23 2509/12/23
f 2510/16/24 2508/17/24 2507/18/24
f 2514/7/25 2511/8/25 2513/9/25
f 2513/1/77 2511/2/77 2515/3/77
f 2515/4/27 2511/5/27 2514/6/27
f 2512/10/109 2515/11/109 2514/12/109
f 2512/16/29 2513/17/29 2515/18/29
f 2512/13/30 2514/14/30 2513/15/30
f 2517/4/31 2516/5/31 2519/6/31
f 2518/1/32 2516/2/32 2517/3/32
f 2519/7/33 2516/8/33 2518/9/33
f 2520/13/96 2519/14/96 2518/15/96
f 2520/10/240 2517/11/241 2519/12/242
f 2520/16/36 2518/17/36 2517/18/36
f 2522/4/172 2521/5/172 2524/6/172
f 2523/1/88 2521/2/88 2522/3/88
f 2524/7/39 2521/8/39 2523/9/39
f 2525/13/243 2524/14/243 2523/15/243
f 2525/10/41 2522/11/41 2524/12/41
f 2525/16/42 2523/17/42 2522/18/42
f 2527/4/44 2526/5/44 2529/6/44
f 2528/1/244 2526/2/245 2527/3/246
f 2529/7/144 2526/8/144 2528/9/144
f 2530/13/47 2529/14/47 2528/15/47
f 2530/10/48 2527/11/48 2529/12/48
f 2530/16/113 2528/17/113 2527/18/113
f 2534/7/139 2531/8/139 2533/9/139
f 2533/1/215 2531/2/215 2535/3/215
f 2535/4/111 2531/5/111 2534/6/111
f 2532/10/53 2535/11/53 2534/12/53
f 2532/16/247 2533/17/247 2535/18/247
f 2532/13/248 2534/14/249 2533/15/248
f 2537/4/250 2536/5/250 2539/6/250
f 2538/1/57 2536/2/57 2537/3/57
f 2539/7/151 2536/8/151 2538/9/151
f 2540/13/126 2539/14/126 2538/15/126
f 2540/10/60 2537/11/60 2539/12/60
f 2540/16/251 2538/17/251 2537/18/251
f 2542/4/252 2541/5/252 2544/6/252
f 2543/1/253 2541/2/253 2542/3/253
f 2544/7/64 2541/8/64 2543/9/64
f 2545/13/81 2544/14/81 2543/15/81
f 2545/10/254 2542/11/255 2544/12/256
f 2545/16/143 2543/17/143 2542/18/143
f 2547/4/44 2546/5/44 2549/6/44
f 2548/1/257 2546/2/257 2547/3/257
f 2549/7/144 2546/8/144 2548/9/144
f 2550/13/258 2549/14/258 2548/15/258
f 2550/10/48 2547/11/48 2549/12/48
f 2550/16/259 2548/17/259 2547/18/259
f 2554/7/50 2551/8/50 2553/9/50
f 2553/1/51 2551/2/51 2555/3/51
f 2555/4/52 2551/5/52 2554/6/52
f 2552/10/53 2555/11/53 2554/12/53
f 2552/16/54 2553/17/54 2555/18/54
f 2552/13/55 2554/14/55 2553/15/55
f 2557/4/140 2556/5/140 2559/6/140
f 2558/1/57 2556/2/57 2557/3/57
f 2559/7/151 2556/8/151 2558/9/151
f 2560/13/126 2559/14/126 2558/15/126
f 2560/10/72 2557/11/72 2559/12/72
f 2560/16/146 2558/17/146 2557/18/146
f 2562/4/260 2561/5/260 2564/6/260
f 2563/1/216 2561/2/216 2562/3/216
f 2564/7/64 2561/8/64 2563/9/64
f 2565/13/81 2564/14/81 2563/15/81
f 2565/10/66 2562/11/66 2564/12/66
f 2565/16/194 2563/17/194 2562/18/194
f 2567/4/44 2566/5/44 2569/6/44
f 2568/1/149 2566/2/149 2567/3/149
f 2569/7/144 2566/8/144 2568/9/144
f 2570/13/102 2569/14/102 2568/15/102
f 2570/10/48 2567/11/48 2569/12/48
f 2570/16/49 2568/17/49 2567/18/49
f 2574/7/50 2571/8/50 2573/9/50
f 2573/1/125 2571/2/125 2575/3/125
f 2575/4/52 2571/5/52 2574/6/52
f 2572/10/53 2575/11/53 2574/12/53
f 2572/16/176 2573/17/176 2575/18/176
f 2572/13/80 2574/14/80 2573/15/80
f 2577/4/56 2576/5/56 2579/6/56
f 2578/1/57 2576/2/57 2577/3/57
f 2579/7/151 2576/8/151 2578/9/151
f 2580/13/59 2579/14/59 2578/15/59
f 2580/10/60 2577/11/60 2579/12/60
f 2580/16/61 2578/17/61 2577/18/61
f 2582/4/62 2581/5/62 2584/6/62
f 2583/1/94 2581/2/94 2582/3/94
f 2584/7/64 2581/8/64 2583/9/64
f 2585/13/65 2584/14/65 2583/15/65
f 2585/10/106 2582/11/106 2584/12/106
f 2585/16/143 2583/17/143 2582/18/143
f 2588/1/88 2586/2/88 2587/3/88
f 2587/4/37 2586/5/37 2589/6/37
f 2589/7/39 2586/8/39 2588/9/39
f 2590/10/261 2587/11/261 2589/12/261
f 2590/13/202 2589/14/202 2588/15/202
f 2590/16/262 2588/17/262 2587/18/262
f 2592/4/27 2591/5/27 2594/6/27
f 2593/1/77 2591/2/77 2592/3/77
f 2594/7/129 2591/8/129 2593/9/129
f 2595/13/30 2594/14/30 2593/15/30
f 2595/10/109 2592/11/109 2594/12/109
f 2595/16/29 2593/17/29 2592/18/29
f 2598/1/98 2596/2/98 2597/3/98
f 2597/4/263 2596/5/263 2599/6/263
f 2599/7/264 2596/8/264 2598/9/264
f 2600/10/35 2597/11/35 2599/12/35
f 2600/13/96 2599/14/96 2598/15/96
f 2600/16/36 2598/17/36 2597/18/36
f 2603/1/122 2601/2/122 2602/3/122
f 2602/4/172 2601/5/172 2604/6/172
f 2604/7/39 2601/8/39 2603/9/39
f 2605/10/41 2602/11/41 2604/12/41
f 2605/13/40 2604/14/40 2603/15/40
f 2605/16/42 2603/17/42 2602/18/42
f 2607/4/27 2606/5/27 2609/6/27
f 2608/1/26 2606/2/26 2607/3/26
f 2609/7/129 2606/8/129 2608/9/129
f 2610/13/156 2609/14/156 2608/15/156
f 2610/10/69 2607/11/69 2609/12/69
f 2610/16/29 2608/17/29 2607/18/29
f 2613/1/98 2611/2/98 2612/3/98
f 2612/4/184 2611/5/184 2614/6/184
f 2614/7/33 2611/8/33 2613/9/33
f 2615/10/159 2612/11/159 2614/12/159
f 2615/13/127 2614/14/127 2613/15/127
f 2615/16/43 2613/17/43 2612/18/43
f 2618/1/265 2616/2/265 2617/3/265
f 2617/4/172 2616/5/172 2619/6/172
f 2619/7/266 2616/8/266 2618/9/266
f 2620/10/89 2617/11/89 2619/12/89
f 2620/13/158 2619/14/158 2618/15/158
f 2620/16/42 2618/17/42 2617/18/42
f 2622/4/121 2621/5/121 2624/6/121
f 2623/1/26 2621/2/26 2622/3/26
f 2624/7/25 2621/8/25 2623/9/25
f 2625/13/156 2624/14/156 2623/15/156
f 2625/10/28 2622/11/28 2624/12/28
f 2625/16/180 2623/17/180 2622/18/180
f 2628/1/98 2626/2/98 2627/3/98
f 2627/4/31 2626/5/31 2629/6/31
f 2629/7/33 2626/8/33 2628/9/33
f 2630/10/159 2627/11/159 2629/12/159
f 2630/13/267 2629/14/267 2628/15/267
f 2630/16/36 2628/17/36 2627/18/36
f 2633/1/88 2631/2/88 2632/3/88
f 2632/4/37 2631/5/37 2634/6/37
f 2634/7/268 2631/8/268 2633/9/268
f 2635/10/89 2632/11/89 2634/12/89
f 2635/13/40 2634/14/40 2633/15/40
f 2635/16/42 2633/17/42 2632/18/42
f 2637/4/118 2636/5/118 2639/6/118
f 2638/1/119 2636/2/119 2637/3/119
f 2639/7/129 2636/8/129 2638/9/129
f 2640/13/30 2639/14/30 2638/15/30
f 2640/10/269 2637/11/269 2639/12/269
f 2640/16/29 2638/17/29 2637/18/29
f 2643/1/32 2641/2/32 2642/3/32
f 2642/4/31 2641/5/31 2644/6/31
f 2644/7/33 2641/8/33 2643/9/33
f 2645/10/35 2642/11/35 2644/12/35
f 2645/13/34 2644/14/34 2643/15/34
f 2645/16/36 2643/17/36 2642/18/36
f 2648/1/270 2646/2/270 2647/3/270
f 2647/4/2 2646/5/2 2649/6/2
f 2649/7/3 2646/8/3 2648/9/3
f 2650/10/271 2647/11/272 2649/12/272
f 2650/13/161 2649/14/161 2648/15/161
f 2650/16/224 2648/17/224 2647/18/224
f 2652/4/162 2651/5/162 2654/6/162
f 2653/1/100 2651/2/100 2652/3/100
f 2654/7/9 2651/8/9 2653/9/9
f 2655/13/10 2654/14/10 2653/15/10
f 2655/10/108 2652/11/108 2654/12/108
f 2655/16/85 2653/17/85 2652/18/85
f 2658/1/273 2656/2/273 2657/3/273
f 2657/4/14 2656/5/14 2659/6/14
f 2659/7/15 2656/8/15 2658/9/15
f 2660/10/16 2657/11/16 2659/12/16
f 2660/13/75 2659/14/75 2658/15/75
f 2660/16/188 2658/17/188 2657/18/188
f 2662/4/44 2661/5/44 2664/6/44
f 2663/1/149 2661/2/149 2662/3/149
f 2664/7/144 2661/8/144 2663/9/144
f 2665/13/47 2664/14/47 2663/15/47
f 2665/10/48 2662/11/48 2664/12/48
f 2665/16/113 2663/17/113 2662/18/113
f 2669/7/50 2666/8/50 2668/9/50
f 2668/1/51 2666/2/51 2670/3/51
f 2670/4/111 2666/5/111 2669/6/111
f 2667/10/53 2670/11/53 2669/12/53
f 2667/16/54 2668/17/54 2670/18/54
f 2667/13/80 2669/14/80 2668/15/80
f 2672/4/250 2671/5/250 2674/6/250
f 2673/1/274 2671/2/274 2672/3/274
f 2674/7/112 2671/8/112 2673/9/112
f 2675/13/59 2674/14/59 2673/15/59
f 2675/10/60 2672/11/60 2674/12/60
f 2675/16/275 2673/17/275 2672/18/275
f 2677/4/62 2676/5/62 2679/6/62
f 2678/1/94 2676/2/94 2677/3/94
f 2679/7/276 2676/8/276 2678/9/276
f 2680/13/81 2679/14/81 2678/15/81
f 2680/10/197 2677/11/197 2679/12/197
f 2680/16/277 2678/17/277 2677/18/277
f 2683/1/1 2681/2/1 2682/3/1
f 2682/4/209 2681/5/209 2684/6/209
f 2684/7/210 2681/8/210 2683/9/210
f 2685/10/223 2682/11/223 2684/12/223
f 2685/13/5 2684/14/5 2683/15/5
f 2685/16/6 2683/17/6 2682/18/6
f 2687/4/162 2686/5/162 2689/6/162
f 2688/1/8 2686/2/8 2687/3/8
f 2689/7/187 2686/8/187 2688/9/187
f 2690/13/10 2689/14/10 2688/15/10
f 2690/10/207 2687/11/207 2689/12/207
f 2690/16/12 2688/17/12 2687/18/12
f 2693/1/211 2691/2/211 2692/3/211
f 2692/4/14 2691/5/14 2694/6/14
f 2694/7/278 2691/8/278 2693/9/278
f 2695/10/16 2692/11/16 2694/12/16
f 2695/13/164 2694/14/164 2693/15/164
f 2695/16/188 2693/17/188 2692/18/188
f 2698/1/279 2696/2/279 2697/3/279
f 2697/4/280 2696/5/280 2699/6/280
f 2699/7/3 2696/8/3 2698/9/3
f 2700/10/4 2697/11/4 2699/12/4
f 2700/13/5 2699/14/5 2698/15/5
f 2700/16/224 2698/17/224 2697/18/224
f 2702/4/225 2701/5/225 2704/6/225
f 2703/1/8 2701/2/8 2702/3/8
f 2704/7/83 2701/8/83 2703/9/83
f 2705/13/10 2704/14/10 2703/15/10
f 2705/10/108 2702/11/108 2704/12/108
f 2705/16/12 2703/17/12 2702/18/12
f 2708/1/281 2706/2/281 2707/3/281
f 2707/4/282 2706/5/282 2709/6/282
f 2709/7/196 2706/8/196 2708/9/196
f 2710/10/16 2707/11/16 2709/12/16
f 2710/13/75 2709/14/75 2708/15/75
f 2710/16/71 2708/17/71 2707/18/71
f 2712/4/230 2711/5/230 2714/6/230
f 2713/1/231 2711/2/231 2712/3/231
f 2714/7/76 2711/8/76 2713/9/76
f 2715/13/174 2714/14/174 2713/15/174
f 2715/10/232 2712/11/232 2714/12/232
f 2715/16/233 2713/17/233 2712/18/233
f 2719/7/25 2716/8/25 2718/9/25
f 2718/1/26 2716/2/26 2720/3/26
f 2720/4/283 2716/5/284 2719/6/285
f 2717/10/28 2720/11/28 2719/12/28
f 2717/16/29 2718/17/29 2720/18/29
f 2717/13/156 2719/14/156 2718/15/156
f 2722/4/31 2721/5/31 2724/6/31
f 2723/1/286 2721/2/286 2722/3/286
f 2724/7/33 2721/8/33 2723/9/33
f 2725/13/287 2724/14/287 2723/15/287
f 2725/10/35 2722/11/35 2724/12/35
f 2725/16/36 2723/17/36 2722/18/36
f 2727/4/37 2726/5/37 2729/6/37
f 2728/1/38 2726/2/38 2727/3/38
f 2729/7/288 2726/8/288 2728/9/288
f 2730/13/243 2729/14/243 2728/15/243
f 2730/10/41 2727/11/41 2729/12/41
f 2730/16/42 2728/17/42 2727/18/42
f 2732/4/212 2731/5/212 2734/6/212
f 2733/1/213 2731/2/213 2732/3/213
f 2734/7/91 2731/8/91 2733/9/91
f 2735/13/289 2734/14/289 2733/15/289
f 2735/10/23 2732/11/23 2734/12/23
f 2735/16/173 2733/17/173 2732/18/173
f 2739/7/25 2736/8/25 2738/9/25
f 2738/1/77 2736/2/77 2740/3/77
f 2740/4/121 2736/5/121 2739/6/121
f 2737/10/28 2740/11/28 2739/12/28
f 2737/16/180 2738/17/180 2740/18/180
f 2737/13/156 2739/14/156 2738/15/156
f 2742/4/184 2741/5/184 2744/6/184
f 2743/1/286 2741/2/286 2742/3/286
f 2744/7/33 2741/8/33 2743/9/33
f 2745/13/87 2744/14/87 2743/15/87
f 2745/10/35 2742/11/35 2744/12/35
f 2745/16/43 2743/17/43 2742/18/43
f 2747/4/37 2746/5/37 2749/6/37
f 2748/1/88 2746/2/88 2747/3/88
f 2749/7/290 2746/8/290 2748/9/291
f 2750/13/158 2749/14/158 2748/15/158
f 2750/10/133 2747/11/133 2749/12/133
f 2750/16/292 2748/17/292 2747/18/292
f 2752/4/90 2751/5/90 2754/6/90
f 2753/1/170 2751/2/170 2752/3/170
f 2754/7/91 2751/8/91 2753/9/91
f 2755/13/174 2754/14/174 2753/15/174
f 2755/10/92 2752/11/92 2754/12/92
f 2755/16/24 2753/17/24 2752/18/24
f 2759/7/293 2756/8/293 2758/9/293
f 2758/1/77 2756/2/77 2760/3/77
f 2760/4/121 2756/5/121 2759/6/121
f 2757/10/294 2760/11/294 2759/12/294
f 2757/16/29 2758/17/29 2760/18/29
f 2757/13/156 2759/14/156 2758/15/156
f 2762/4/184 2761/5/184 2764/6/184
f 2763/1/98 2761/2/98 2762/3/98
f 2764/7/295 2761/8/296 2763/9/295
f 2765/13/127 2764/14/127 2763/15/127
f 2765/10/99 2762/11/99 2764/12/99
f 2765/16/36 2763/17/36 2762/18/36
f 2767/4/37 2766/5/37 2769/6/37
f 2768/1/38 2766/2/38 2767/3/38
f 2769/7/297 2766/8/297 2768/9/297
f 2770/13/243 2769/14/243 2768/15/243
f 2770/10/41 2767/11/41 2769/12/41
f 2770/16/298 2768/17/298 2767/18/298
f 2772/4/44 2771/5/44 2774/6/44
f 2773/1/257 2771/2/257 2772/3/257
f 2774/7/46 2771/8/46 2773/9/46
f 2775/13/102 2774/14/102 2773/15/102
f 2775/10/48 2772/11/48 2774/12/48
f 2775/16/49 2773/17/49 2772/18/49
f 2779/7/50 2776/8/50 2778/9/50
f 2778/1/51 2776/2/51 2780/3/51
f 2780/4/299 2776/5/299 2779/6/299
f 2777/10/53 2780/11/53 2779/12/53
f 2777/16/247 2778/17/247 2780/18/247
f 2777/13/80 2779/14/80 2778/15/80
f 2782/4/140 2781/5/140 2784/6/140
f 2783/1/57 2781/2/57 2782/3/57
f 2784/7/151 2781/8/151 2783/9/151
f 2785/13/126 2784/14/126 2783/15/126
f 2785/10/72 2782/11/72 2784/12/72
f 2785/16/206 2783/17/206 2782/18/206
f 2787/4/252 2786/5/252 2789/6/252
f 2788/1/300 2786/2/300 2787/3/300
f 2789/7/64 2786/8/64 2788/9/64
f 2790/13/81 2789/14/81 2788/15/81
f 2790/10/301 2787/11/301 2789/12/301
f 2790/16/189 2788/17/220 2787/18/190
f 2792/4/44 2791/5/44 2794/6/44
f 2793/1/257 2791/2/257 2792/3/257
f 2794/7/302 2791/8/302 2793/9/302
f 2795/13/218 2794/14/218 2793/15/218
f 2795/10/48 2792/11/48 2794/12/48
f 2795/16/303 2793/17/303 2792/18/303
f 2799/7/304 2796/8/304 2798/9/304
f 2798/1/51 2796/2/51 2800/3/51
f 2800/4/52 2796/5/52 2799/6/52
f 2797/10/305 2800/11/305 2799/12/306
f 2797/16/54 2798/17/54 2800/18/54
f 2797/13/55 2799/14/55 2798/15/55
f 2802/4/307 2801/5/307 2804/6/307
f 2803/1/57 2801/2/57 2802/3/57
f 2804/7/112 2801/8/112 2803/9/112
f 2805/13/59 2804/14/59 2803/15/59
f 2805/10/308 2802/11/308 2804/12/308
f 2805/16/309 2803/17/309 2802/18/309
f 2807/4/152 2806/5/152 2809/6/152
f 2808/1/105 2806/2/105 2807/3/105
f 2809/7/64 2806/8/64 2808/9/64
f 2810/13/65 2809/14/65 2808/15/65
f 2810/10/310 2807/11/310 2809/12/311
f 2810/16/67 2808/17/67 2807/18/67
f 2812/4/44 2811/5/44 2814/6/44
f 2813/1/45 2811/2/45 2812/3/45
f 2814/7/144 2811/8/144 2813/9/144
f 2815/13/312 2814/14/312 2813/15/312
f 2815/10/48 2812/11/48 2814/12/48
f 2815/16/49 2813/17/49 2812/18/49
f 2819/7/139 2816/8/139 2818/9/139
f 2818/1/51 2816/2/51 2820/3/51
f 2820/4/111 2816/5/111 2819/6/111
f 2817/10/313 2820/11/313 2819/12/314
f 2817/16/54 2818/17/54 2820/18/54
f 2817/13/315 2819/14/316 2818/15/316
f 2822/4/317 2821/5/317 2824/6/317
f 2823/1/57 2821/2/57 2822/3/57
f 2824/7/112 2821/8/112 2823/9/112
f 2825/13/59 2824/14/59 2823/15/59
f 2825/10/318 2822/11/318 2824/12/318
f 2825/16/206 2823/17/206 2822/18/206
f 2827/4/319 2826/5/319 2829/6/319
f 2828/1/320 2826/2/320 2827/3/320
f 2829/7/64 2826/8/64 2828/9/64
f 2830/13/321 2829/14/321 2828/15/321
f 2830/10/322 2827/11/322 2829/12/322
f 2830/16/214 2828/17/214 2827/18/214
f 2833/1/88 2831/2/88 2832/3/88
f 2832/4/37 2831/5/37 2834/6/37
f 2834/7/123 2831/8/123 2833/9/123
f 2835/10/133 2832/11/133 2834/12/133
f 2835/13/243 2834/14/243 2833/15/243
f 2835/16/292 2833/17/292 2832/18/292
f 2837/4/323 2836/5/323 2839/6/323
f 2838/1/119 2836/2/119 2837/3/119
f 2839/7/25 2836/8/25 2838/9/25
f 2840/13/95 2839/14/95 2838/15/95
f 2840/10/324 2837/11/324 2839/12/325
f 2840/16/180 2838/17/180 2837/18/180
f 2843/1/32 2841/2/32 2842/3/32
f 2842/4/31 2841/5/31 2844/6/31
f 2844/7/201 2841/8/201 2843/9/201
f 2845/10/35 2842/11/35 2844/12/35
f 2845/13/326 2844/14/327 2843/15/327
f 2845/16/36 2843/17/36 2842/18/36
f 2848/1/38 2846/2/38 2847/3/38
f 2847/4/172 2846/5/172 2849/6/172
f 2849/7/123 2846/8/123 2848/9/123
f 2850/10/133 2847/11/133 2849/12/133
f 2850/13/243 2849/14/243 2848/15/243
f 2850/16/292 2848/17/292 2847/18/292
f 2852/4/121 2851/5/121 2854/6/121
f 2853/1/77 2851/2/77 2852/3/77
f 2854/7/25 2851/8/25 2853/9/25
f 2855/13/156 2854/14/156 2853/15/156
f 2855/10/28 2852/11/28 2854/12/28
f 2855/16/29 2853/17/29 2852/18/29
f 2858/1/286 2856/2/286 2857/3/286
f 2857/4/184 2856/5/184 2859/6/184
f 2859/7/264 2856/8/264 2858/9/264
f 2860/10/240 2857/11/241 2859/12/240
f 2860/13/127 2859/14/127 2858/15/127
f 2860/16/36 2858/17/36 2857/18/36
f 2863/1/328 2861/2/328 2862/3/328
f 2862/4/37 2861/5/37 2864/6/37
f 2864/7/329 2861/8/329 2863/9/329
f 2865/10/133 2862/11/133 2864/12/133
f 2865/13/138 2864/14/138 2863/15/138
f 2865/16/330 2863/17/330 2862/18/330
f 2867/4/118 2866/5/118 2869/6/118
f 2868/1/119 2866/2/119 2867/3/119
f 2869/7/129 2866/8/129 2868/9/129
f 2870/13/30 2869/14/30 2868/15/30
f 2870/10/69 2867/11/69 2869/12/69
f 2870/16/180 2868/17/180 2867/18/180
f 2873/1/98 2871/2/98 2872/3/98
f 2872/4/184 2871/5/184 2874/6/184
f 2874/7/264 2871/8/264 2873/9/264
f 2875/10/159 2872/11/159 2874/12/159
f 2875/13/127 2874/14/127 2873/15/127
f 2875/16/43 2873/17/43 2872/18/43
f 2878/1/38 2876/2/38 2877/3/38
f 2877/4/172 2876/5/172 2879/6/172
f 2879/7/331 2876/8/331 2878/9/331
f 2880/10/41 2877/11/41 2879/12/41
f 2880/13/40 2879/14/40 2878/15/40
f 2880/16/332 2878/17/332 2877/18/332
f 2882/4/27 2881/5/27 2884/6/27
f 2883/1/77 2881/2/77 2882/3/77
f 2884/7/129 2881/8/129 2883/9/129
f 2885/13/30 2884/14/30 2883/15/30
f 2885/10/269 2882/11/269 2884/12/333
f 2885/16/180 2883/17/180 2882/18/180
f 2888/1/98 2886/2/98 2887/3/98
f 2887/4/184 2886/5/184 2889/6/184
f 2889/7/33 2886/8/33 2888/9/33
f 2890/10/35 2887/11/35 2889/12/35
f 2890/13/171 2889/14/171 2888/15/171
f 2890/16/43 2888/17/43 2887/18/43
f 2893/1/334 2891/2/334 2892/3/335
f 2892/4/280 2891/5/280 2894/6/280
f 2894/7/3 2891/8/3 2893/9/3
f 2895/10/4 2892/11/4 2894/12/4
f 2895/13/5 2894/14/5 2893/15/5
f 2895/16/6 2893/17/6 2892/18/6
f 2897/4/7 2896/5/7 2899/6/7
f 2898/1/8 2896/2/8 2897/3/8
f 2899/7/83 2896/8/83 2898/9/83
f 2900/13/101 2899/14/101 2898/15/101
f 2900/10/336 2897/11/336 2899/12/336
f 2900/16/337 2898/17/337 2897/18/337
f 2903/1/73 2901/2/73 2902/3/73
f 2902/4/14 2901/5/14 2904/6/14
f 2904/7/15 2901/8/15 2903/9/15
f 2905/10/16 2902/11/16 2904/12/16
f 2905/13/75 2904/14/75 2903/15/75
f 2905/16/169 2903/17/169 2902/18/169
f 2907/4/44 2906/5/44 2909/6/44
f 2908/1/45 2906/2/45 2907/3/45
f 2909/7/144 2906/8/144 2908/9/144
f 2910/13/312 2909/14/312 2908/15/312
f 2910/10/48 2907/11/48 2909/12/48
f 2910/16/49 2908/17/49 2907/18/49
f 2914/7/304 2911/8/304 2913/9/304
f 2913/1/215 2911/2/215 2915/3/215
f 2915/4/52 2911/5/52 2914/6/52
f 2912/10/338 2915/11/338 2914/12/338
f 2912/16/247 2913/17/247 2915/18/247
f 2912/13/55 2914/14/55 2913/15/55
f 2917/4/339 2916/5/339 2919/6/340
f 2918/1/57 2916/2/57 2917/3/57
f 2919/7/341 2916/8/341 2918/9/341
f 2920/13/59 2919/14/59 2918/15/59
f 2920/10/308 2917/11/308 2919/12/308
f 2920/16/141 2918/17/141 2917/18/141
f 2922/4/252 2921/5/252 2924/6/252
f 2923/1/105 2921/2/105 2922/3/105
f 2924/7/64 2921/8/64 2923/9/64
f 2925/13/81 2924/14/81 2923/15/81
f 2925/10/342 2922/11/342 2924/12/342
f 2925/16/343 2923/17/343 2922/18/343
f 2928/1/270 2926/2/270 2927/3/270
f 2927/4/209 2926/5/209 2929/6/209
f 2929/7/210 2926/8/210 2928/9/210
f 2930/10/4 2927/11/4 2929/12/4
f 2930/13/5 2929/14/5 2928/15/5
f 2930/16/344 2928/17/344 2927/18/344
f 2932/4/345 2931/5/345 2934/6/345
f 2933/1/100 2931/2/100 2932/3/100
f 2934/7/83 2931/8/83 2933/9/83
f 2935/13/101 2934/14/101 2933/15/101
f 2935/10/108 2932/11/108 2934/12/108
f 2935/16/12 2933/17/12 2932/18/12
f 2938/1/273 2936/2/273 2937/3/273
f 2937/4/14 2936/5/14 2939/6/14
f 2939/7/346 2936/8/346 2938/9/346
f 2940/10/16 2937/11/16 2939/12/16
f 2940/13/75 2939/14/75 2938/15/75
f 2940/16/188 2938/17/188 2937/18/188
f 2943/1/270 2941/2/270 2942/3/270
f 2942/4/209 2941/5/209 2944/6/209
f 2944/7/210 2941/8/210 2943/9/210
f 2945/10/217 2942/11/217 2944/12/217
f 2945/13/5 2944/14/5 2943/15/5
f 2945/16/6 2943/17/6 2942/18/6
f 2947/4/347 2946/5/347 2949/6/347
f 2948/1/100 2946/2/100 2947/3/100
f 2949/7/83 2946/8/83 2948/9/83
f 2950/13/10 2949/14/10 2948/15/10
f 2950/10/108 2947/11/108 2949/12/108
f 2950/16/348 2948/17/348 2947/18/348
f 2953/1/73 2951/2/73 2952/3/73
f 2952/4/282 2951/5/282 2954/6/282
f 2954/7/196 2951/8/196 2953/9/196
f 2955/10/16 2952/11/16 2954/12/16
f 2955/13/349 2954/14/349 2953/15/349
f 2955/16/350 2953/17/350 2952/18/350
f 2957/4/212 2956/5/212 2959/6/212
f 2958/1/20 2956/2/20 2957/3/20
f 2959/7/76 2956/8/76 2958/9/76
f 2960/13/22 2959/14/22 2958/15/22
f 2960/10/351 2957/11/351 2959/12/351
f 2960/16/24 2958/17/24 2957/18/24
f 2964/7/182 2961/8/182 2963/9/182
f 2963/1/26 2961/2/26 2965/3/26
f 2965/4/323 2961/5/323 2964/6/323
f 2962/10/28 2965/11/28 2964/12/28
f 2962/16/29 2963/17/29 2965/18/29
f 2962/13/30 2964/14/30 2963/15/30
f 2967/4/184 2966/5/184 2969/6/184
f 2968/1/32 2966/2/32 2967/3/32
f 2969/7/352 2966/8/352 2968/9/352
f 2970/13/127 2969/14/127 2968/15/127
f 2970/10/35 2967/11/35 2969/12/35
f 2970/16/43 2968/17/43 2967/18/43
f 2972/4/172 2971/5/172 2974/6/172
f 2973/1/88 2971/2/88 2972/3/88
f 2974/7/353 2971/8/353 2973/9/353
f 2975/13/138 2974/14/138 2973/15/138
f 2975/10/41 2972/11/41 2974/12/41
f 2975/16/354 2973/17/332 2972/18/332
f 2977/4/90 2976/5/90 2979/6/90
f 2978/1/170 2976/2/170 2977/3/170
f 2979/7/76 2976/8/76 2978/9/76
f 2980/13/355 2979/14/355 2978/15/355
f 2980/10/92 2977/11/92 2979/12/92
f 2980/16/24 2978/17/24 2977/18/24
f 2984/7/129 2981/8/129 2983/9/129
f 2983/1/77 2981/2/77 2985/3/77
f 2985/4/135 2981/5/135 2984/6/135
f 2982/10/28 2985/11/28 2984/12/28
f 2982/16/29 2983/17/29 2985/18/29
f 2982/13/30 2984/14/30 2983/15/30
f 2987/4/263 2986/5/263 2989/6/263
f 2988/1/286 2986/2/286 2987/3/286
f 2989/7/264 2986/8/264 2988/9/264
f 2990/13/96 2989/14/96 2988/15/96
f 2990/10/35 2987/11/35 2989/12/35
f 2990/16/36 2988/17/36 2987/18/36
f 2992/4/37 2991/5/37 2994/6/37
f 2993/1/88 2991/2/88 2992/3/88
f 2994/7/353 2991/8/353 2993/9/353
f 2995/13/356 2994/14/356 2993/15/356
f 2995/10/41 2992/11/41 2994/12/41
f 2995/16/357 2993/17/357 2992/18/358
f 2997/4/90 2996/5/90 2999/6/90
f 2998/1/170 2996/2/170 2997/3/170
f 2999/7/76 2996/8/76 2998/9/76
f 3000/13/22 2999/14/22 2998/15/22
f 3000/10/359 2997/11/359 2999/12/359
f 3000/16/24 2998/17/24 2997/18/24
f 3004/7/129 3001/8/129 3003/9/129
f 3003/1/77 3001/2/77 3005/3/77
f 3005/4/135 3001/5/135 3004/6/135
f 3002/10/28 3005/11/28 3004/12/28
f 3002/16/180 3003/17/180 3005/18/180
f 3002/13/30 3004/14/30 3003/15/30
f 3007/4/263 3006/5/263 3009/6/263
f 3008/1/98 3006/2/98 3007/3/98
f 3009/7/360 3006/8/361 3008/9/361
f 3010/13/34 3009/14/34 3008/15/34
f 3010/10/35 3007/11/35 3009/12/35
f 3010/16/36 3008/17/36 3007/18/36
f 3012/4/172 3011/5/172 3014/6/172
f 3013/1/38 3011/2/38 3012/3/38
f 3014/7/331 3011/8/331 3013/9/331
f 3015/13/158 3014/14/158 3013/15/158
f 3015/10/41 3012/11/41 3014/12/41
f 3015/16/205 3013/17/205 3012/18/205
f 3017/4/362 3016/5/363 3019/6/364
f 3018/1/365 3016/2/365 3017/3/365
f 3019/7/144 3016/8/144 3018/9/144
f 3020/13/102 3019/14/102 3018/15/102
f 3020/10/48 3017/11/48 3019/12/48
f 3020/16/49 3018/17/49 3017/18/49
f 3024/7/304 3021/8/304 3023/9/304
f 3023/1/51 3021/2/51 3025/3/51
f 3025/4/299 3021/5/299 3024/6/299
f 3022/10/53 3025/11/53 3024/12/53
f 3022/16/176 3023/17/176 3025/18/176
f 3022/13/80 3024/14/80 3023/15/80
f 3027/4/307 3026/5/307 3029/6/307
f 3028/1/57 3026/2/57 3027/3/57
f 3029/7/366 3026/8/366 3028/9/366
f 3030/13/59 3029/14/59 3028/15/59
f 3030/10/318 3027/11/318 3029/12/318
f 3030/16/206 3028/17/206 3027/18/206
f 3032/4/367 3031/5/367 3034/6/367
f 3033/1/368 3031/2/369 3032/3/370
f 3034/7/64 3031/8/64 3033/9/64
f 3035/13/371 3034/14/371 3033/15/371
f 3035/10/142 3032/11/142 3034/12/142
f 3035/16/175 3033/17/175 3032/18/175
f 3037/4/44 3036/5/44 3039/6/44
f 3038/1/149 3036/2/149 3037/3/149
f 3039/7/144 3036/8/144 3038/9/144
f 3040/13/203 3039/14/203 3038/15/203
f 3040/10/48 3037/11/48 3039/12/48
f 3040/16/372 3038/17/372 3037/18/372
f 3044/7/373 3041/8/373 3043/9/373
f 3043/1/51 3041/2/51 3045/3/51
f 3045/4/111 3041/5/111 3044/6/111
f 3042/10/53 3045/11/53 3044/12/53
f 3042/16/176 3043/17/176 3045/18/176
f 3042/13/80 3044/14/80 3043/15/80
f 3047/4/250 3046/5/250 3049/6/250
f 3048/1/274 3046/2/274 3047/3/274
f 3049/7/112 3046/8/112 3048/9/112
f 3050/13/59 3049/14/59 3048/15/59
f 3050/10/318 3047/11/318 3049/12/318
f 3050/16/104 3048/17/104 3047/18/104
f 3052/4/374 3051/5/374 3054/6/374
f 3053/1/320 3051/2/320 3052/3/320
f 3054/7/64 3051/8/64 3053/9/64
f 3055/13/375 3054/14/375 3053/15/375
f 3055/10/376 3052/11/377 3054/12/376
f 3055/16/175 3053/17/175 3052/18/175
f 3057/4/44 3056/5/44 3059/6/44
f 3058/1/45 3056/2/45 3057/3/45
f 3059/7/46 3056/8/46 3058/9/46
f 3060/13/378 3059/14/378 3058/15/378
f 3060/10/48 3057/11/48 3059/12/48
f 3060/16/145 3058/17/145 3057/18/145
f 3064/7/304 3061/8/304 3063/9/304
f 3063/1/215 3061/2/215 3065/3/215
f 3065/4/52 3061/5/52 3064/6/52
f 3062/10/379 3065/11/380 3064/12/380
f 3062/16/247 3063/17/247 3065/18/247
f 3062/13/80 3064/14/80 3063/15/80
f 3067/4/140 3066/5/140 3069/6/140
f 3068/1/57 3066/2/57 3067/3/57
f 3069/7/151 3066/8/151 3068/9/151
f 3070/13/59 3069/14/59 3068/15/59
f 3070/10/60 3067/11/60 3069/12/60
f 3070/16/61 3068/17/61 3067/18/61
f 3072/4/381 3071/5/381 3074/6/381
f 3073/1/253 3071/2/253 3072/3/253
f 3074/7/64 3071/8/64 3073/9/64
f 3075/13/382 3074/14/382 3073/15/382
f 3075/10/301 3072/11/301 3074/12/301
f 3075/16/383 3073/17/384 3072/18/383
f 3078/1/38 3076/2/38 3077/3/38
f 3077/4/172 3076/5/172 3079/6/172
f 3079/7/331 3076/8/331 3078/9/331
f 3080/10/41 3077/11/41 3079/12/41
f 3080/13/385 3079/14/386 3078/15/387
f 3080/16/388 3078/17/388 3077/18/388
f 3082/4/389 3081/5/389 3084/6/389
f 3083/1/119 3081/2/119 3082/3/119
f 3084/7/182 3081/8/182 3083/9/182
f 3085/13/30 3084/14/30 3083/15/30
f 3085/10/390 3082/11/390 3084/12/390
f 3085/16/180 3083/17/180 3082/18/180
f 3088/1/32 3086/2/32 3087/3/32
f 3087/4/263 3086/5/263 3089/6/263
f 3089/7/33 3086/8/33 3088/9/33
f 3090/10/391 3087/11/391 3089/12/391
f 3090/13/127 3089/14/127 3088/15/127
f 3090/16/36 3088/17/36 3087/18/36
f 3093/1/38 3091/2/38 3092/3/38
f 3092/4/37 3091/5/37 3094/6/37
f 3094/7/123 3091/8/123 3093/9/123
f 3095/10/41 3092/11/41 3094/12/41
f 3095/13/40 3094/14/40 3093/15/40
f 3095/16/42 3093/17/42 3092/18/42
f 3097/4/392 3096/5/392 3099/6/392
f 3098/1/26 3096/2/26 3097/3/26
f 3099/7/129 3096/8/129 3098/9/129
f 3100/13/30 3099/14/30 3098/15/30
f 3100/10/393 3097/11/393 3099/12/393
f 3100/16/180 3098/17/180 3097/18/180
f 3103/1/32 3101/2/32 3102/3/32
f 3102/4/184 3101/5/184 3104/6/184
f 3104/7/33 3101/8/33 3103/9/33
f 3105/10/35 3102/11/35 3104/12/35
f 3105/13/87 3104/14/87 3103/15/87
f 3105/16/394 3103/17/394 3102/18/394
f 3108/1/265 3106/2/265 3107/3/265
f 3107/4/37 3106/5/37 3109/6/37
f 3109/7/395 3106/8/396 3108/9/395
f 3110/10/41 3107/11/41 3109/12/41
f 3110/13/40 3109/14/40 3108/15/40
f 3110/16/42 3108/17/42 3107/18/42
f 3112/4/118 3111/5/118 3114/6/118
f 3113/1/119 3111/2/119 3112/3/119
f 3114/7/25 3111/8/25 3113/9/25
f 3115/13/30 3114/14/30 3113/15/30
f 3115/10/397 3112/11/397 3114/12/397
f 3115/16/29 3113/17/29 3112/18/29
f 3118/1/98 3116/2/98 3117/3/98
f 3117/4/184 3116/5/184 3119/6/184
f 3119/7/201 3116/8/201 3118/9/201
f 3120/10/398 3117/11/398 3119/12/398
f 3120/13/399 3119/14/399 3118/15/399
f 3120/16/36 3118/17/36 3117/18/36
f 3123/1/400 3121/2/400 3122/3/400
f 3122/4/37 3121/5/37 3124/6/37
f 3124/7/401 3121/8/401 3123/9/401
f 3125/10/133 3122/11/133 3124/12/133
f 3125/13/40 3124/14/40 3123/15/40
f 3125/16/42 3123/17/42 3122/18/42
f 3127/4/121 3126/5/121 3129/6/121
f 3128/1/77 3126/2/77 3127/3/77
f 3129/7/293 3126/8/293 3128/9/293
f 3130/13/30 3129/14/30 3128/15/30
f 3130/10/28 3127/11/28 3129/12/28
f 3130/16/180 3128/17/180 3127/18/180
f 3133/1/32 3131/2/32 3132/3/32
f 3132/4/402 3131/5/403 3134/6/404
f 3134/7/201 3131/8/201 3133/9/201
f 3135/10/35 3132/11/35 3134/12/35
f 3135/13/171 3134/14/171 3133/15/171
f 3135/16/43 3133/17/43 3132/18/43
f 3138/1/1 3136/2/1 3137/3/1
f 3137/4/209 3136/5/209 3139/6/209
f 3139/7/210 3136/8/210 3138/9/210
f 3140/10/223 3137/11/223 3139/12/223
f 3140/13/5 3139/14/5 3138/15/5
f 3140/16/224 3138/17/224 3137/18/224
f 3142/4/225 3141/5/225 3144/6/225
f 3143/1/100 3141/2/100 3142/3/100
f 3144/7/9 3141/8/9 3143/9/9
f 3145/13/101 3144/14/101 3143/15/101
f 3145/10/207 3142/11/207 3144/12/207
f 3145/16/85 3143/17/85 3142/18/85
f 3148/1/405 3146/2/405 3147/3/405
f 3147/4/14 3146/5/14 3149/6/14
f 3149/7/406 3146/8/406 3148/9/406
f 3150/10/16 3147/11/16 3149/12/16
f 3150/13/17 3149/14/17 3148/15/17
f 3150/16/350 3148/17/350 3147/18/350
f 3152/4/44 3151/5/44 3154/6/44
f 3153/1/257 3151/2/257 3152/3/257
f 3154/7/144 3151/8/144 3153/9/144
f 3155/13/378 3154/14/378 3153/15/378
f 3155/10/48 3152/11/48 3154/12/48
f 3155/16/49 3153/17/49 3152/18/49
f 3159/7/139 3156/8/139 3158/9/139
f 3158/1/125 3156/2/125 3160/3/125
f 3160/4/52 3156/5/52 3159/6/52
f 3157/10/53 3160/11/53 3159/12/53
f 3157/16/176 3158/17/176 3160/18/176
f 3157/13/407 3159/14/408 3158/15/407
f 3162/4/56 3161/5/56 3164/6/56
f 3163/1/57 3161/2/57 3162/3/57
f 3164/7/409 3161/8/409 3163/9/409
f 3165/13/59 3164/14/59 3163/15/59
f 3165/10/60 3162/11/60 3164/12/60
f 3165/16/146 3163/17/146 3162/18/146
f 3167/4/319 3166/5/319 3169/6/319
f 3168/1/320 3166/2/320 3167/3/320
f 3169/7/64 3166/8/64 3168/9/64
f 3170/13/81 3169/14/81 3168/15/81
f 3170/10/410 3167/11/411 3169/12/412
f 3170/16/175 3168/17/175 3167/18/175
f 3173/1/270 3171/2/270 3172/3/270
f 3172/4/280 3171/5/280 3174/6/280
f 3174/7/130 3171/8/130 3173/9/130
f 3175/10/4 3172/11/4 3174/12/4
f 3175/13/5 3174/14/5 3173/15/5
f 3175/16/82 3173/17/82 3172/18/82
f 3177/4/7 3176/5/7 3179/6/7
f 3178/1/8 3176/2/8 3177/3/8
f 3179/7/9 3176/8/9 3178/9/9
f 3180/13/101 3179/14/101 3178/15/101
f 3180/10/108 3177/11/108 3179/12/108
f 3180/16/413 3178/17/413 3177/18/413
f 3183/1/273 3181/2/273 3182/3/273
f 3182/4/14 3181/5/14 3184/6/14
f 3184/7/70 3181/8/70 3183/9/70
f 3185/10/16 3182/11/16 3184/12/16
f 3185/13/414 3184/14/414 3183/15/414
f 3185/16/188 3183/17/188 3182/18/188
f 3188/1/270 3186/2/270 3187/3/270
f 3187/4/2 3186/5/2 3189/6/2
f 3189/7/3 3186/8/3 3188/9/3
f 3190/10/223 3187/11/223 3189/12/223
f 3190/13/5 3189/14/5 3188/15/5
f 3190/16/6 3188/17/6 3187/18/6
f 3192/4/7 3191/5/7 3194/6/7
f 3193/1/8 3191/2/8 3192/3/8
f 3194/7/83 3191/8/83 3193/9/83
f 3195/13/415 3194/14/416 3193/15/417
f 3195/10/108 3192/11/108 3194/12/108
f 3195/16/12 3193/17/12 3192/18/12
f 3198/1/73 3196/2/73 3197/3/73
f 3197/4/14 3196/5/14 3199/6/14
f 3199/7/418 3196/8/418 3198/9/418
f 3200/10/16 3197/11/16 3199/12/16
f 3200/13/75 3199/14/75 3198/15/75
f 3200/16/208 3198/17/208 3197/18/208
f 3202/4/230 3201/5/230 3204/6/230
f 3203/1/231 3201/2/231 3202/3/231
f 3204/7/76 3201/8/76 3203/9/76
f 3205/13/174 3204/14/174 3203/15/174
f 3205/10/232 3202/11/232 3204/12/232
f 3205/16/419 3203/17/420 3202/18/419
f 3209/7/182 3206/8/182 3208/9/182
f 3208/1/119 3206/2/119 3210/3/119
f 3210/4/283 3206/5/421 3209/6/284
f 3207/10/28 3210/11/28 3209/12/28
f 3207/16/180 3208/17/180 3210/18/180
f 3207/13/30 3209/14/30 3208/15/30
f 3212/4/184 3211/5/184 3214/6/184
f 3213/1/32 3211/2/32 3212/3/32
f 3214/7/33 3211/8/33 3213/9/33
f 3215/13/87 3214/14/87 3213/15/87
f 3215/10/422 3212/11/423 3214/12/424
f 3215/16/43 3213/17/43 3212/18/43
f 3217/4/37 3216/5/37 3219/6/37
f 3218/1/38 3216/2/38 3217/3/38
f 3219/7/39 3216/8/39 3218/9/39
f 3220/13/243 3219/14/243 3218/15/243
f 3220/10/41 3217/11/41 3219/12/41
f 3220/16/425 3218/17/426 3217/18/425
f 3222/4/212 3221/5/212 3224/6/212
f 3223/1/170 3221/2/170 3222/3/170
f 3224/7/76 3221/8/76 3223/9/76
f 3225/13/22 3224/14/22 3223/15/22
f 3225/10/92 3222/11/92 3224/12/92
f 3225/16/24 3223/17/24 3222/18/24
f 3229/7/25 3226/8/25 3228/9/25
f 3228/1/77 3226/2/77 3230/3/77
f 3230/4/27 3226/5/27 3229/6/27
f 3227/10/294 3230/11/294 3229/12/294
f 3227/16/29 3228/17/29 3230/18/29
f 3227/13/156 3229/14/156 3228/15/156
f 3232/4/263 3231/5/263 3234/6/263
f 3233/1/32 3231/2/32 3232/3/32
f 3234/7/33 3231/8/33 3233/9/33
f 3235/13/34 3234/14/34 3233/15/34
f 3235/10/35 3232/11/35 3234/12/35
f 3235/16/36 3233/17/36 3232/18/36
f 3237/4/37 3236/5/37 3239/6/37
f 3238/1/88 3236/2/88 3237/3/88
f 3239/7/123 3236/8/123 3238/9/123
f 3240/13/138 3239/14/138 3238/15/138
f 3240/10/133 3237/11/133 3239/12/133
f 3240/16/42 3238/17/42 3237/18/42
f 3242/4/90 3241/5/90 3244/6/90
f 3243/1/170 3241/2/170 3242/3/170
f 3244/7/91 3241/8/91 3243/9/91
f 3245/13/22 3244/14/22 3243/15/22
f 3245/10/23 3242/11/23 3244/12/23
f 3245/16/24 3243/17/24 3242/18/24
f 3249/7/25 3246/8/25 3248/9/25
f 3248/1/26 3246/2/26 3250/3/26
f 3250/4/121 3246/5/121 3249/6/121
f 3247/10/427 3250/11/427 3249/12/428
f 3247/16/180 3248/17/180 3250/18/180
f 3247/13/156 3249/14/156 3248/15/156
f 3252/4/403 3251/5/403 3254/6/402
f 3253/1/32 3251/2/32 3252/3/32
f 3254/7/296 3251/8/429 3253/9/296
f 3255/13/430 3254/14/431 3253/15/432
f 3255/10/391 3252/11/391 3254/12/391
f 3255/16/36 3253/17/36 3252/18/36
f 3257/4/37 3256/5/37 3259/6/37
f 3258/1/38 3256/2/38 3257/3/38
f 3259/7/123 3256/8/123 3258/9/123
f 3260/13/433 3259/14/434 3258/15/433
f 3260/10/133 3257/11/133 3259/12/133
f 3260/16/298 3258/17/298 3257/18/298
f 3262/4/44 3261/5/44 3264/6/44
f 3263/1/149 3261/2/149 3262/3/149
f 3264/7/46 3261/8/46 3263/9/46
f 3265/13/203 3264/14/203 3263/15/203
f 3265/10/48 3262/11/48 3264/12/48
f 3265/16/49 3263/17/49 3262/18/49
f 3269/7/50 3266/8/50 3268/9/50
f 3268/1/215 3266/2/215 3270/3/215
f 3270/4/299 3266/5/299 3269/6/299
f 3267/10/53 3270/11/53 3269/12/53
f 3267/16/247 3268/17/247 3270/18/247
f 3267/13/55 3269/14/55 3268/15/55
f 3272/4/56 3271/5/56 3274/6/56
f 3273/1/57 3271/2/57 3272/3/57
f 3274/7/151 3271/8/151 3273/9/151
f 3275/13/126 3274/14/126 3273/15/126
f 3275/10/72 3272/11/72 3274/12/72
f 3275/16/146 3273/17/146 3272/18/146
f 3277/4/381 3276/5/381 3279/6/381
f 3278/1/253 3276/2/253 3277/3/253
f 3279/7/64 3276/8/64 3278/9/64
f 3280/13/81 3279/14/81 3278/15/81
f 3280/10/301 3277/11/301 3279/12/301
f 3280/16/219 3278/17/220 3277/18/220
f 3282/4/44 3281/5/44 3284/6/44
f 3283/1/435 3281/2/435 3282/3/435
f 3284/7/436 3281/8/436 3283/9/436
f 3285/13/47 3284/14/47 3283/15/47
f 3285/10/48 3282/11/48 3284/12/48
f 3285/16/49 3283/17/49 3282/18/49
f 3289/7/50 3286/8/50 3288/9/50
f 3288/1/125 3286/2/125 3290/3/125
f 3290/4/52 3286/5/52 3289/6/52
f 3287/10/53 3290/11/53 3289/12/53
f 3287/16/54 3288/17/54 3290/18/54
f 3287/13/55 3289/14/55 3288/15/55
f 3292/4/307 3291/5/307 3294/6/307
f 3293/1/57 3291/2/57 3292/3/57
f 3294/7/112 3291/8/112 3293/9/112
f 3295/13/126 3294/14/126 3293/15/126
f 3295/10/308 3292/11/308 3294/12/308
f 3295/16/275 3293/17/275 3292/18/275
f 3297/4/152 3296/5/152 3299/6/152
f 3298/1/300 3296/2/300 3297/3/300
f 3299/7/64 3296/8/64 3298/9/64
f 3300/13/65 3299/14/65 3298/15/65
f 3300/10/142 3297/11/142 3299/12/142
f 3300/16/437 3298/17/438 3297/18/439
f 3302/4/44 3301/5/44 3304/6/44
f 3303/1/257 3301/2/257 3302/3/257
f 3304/7/46 3301/8/46 3303/9/46
f 3305/13/203 3304/14/203 3303/15/203
f 3305/10/48 3302/11/48 3304/12/48
f 3305/16/145 3303/17/145 3302/18/145
f 3309/7/139 3306/8/139 3308/9/139
f 3308/1/51 3306/2/51 3310/3/51
f 3310/4/52 3306/5/52 3309/6/52
f 3307/10/53 3310/11/53 3309/12/53
f 3307/16/54 3308/17/54 3310/18/54
f 3307/13/80 3309/14/80 3308/15/80
f 3312/4/56 3311/5/56 3314/6/56
f 3313/1/57 3311/2/57 3312/3/57
f 3314/7/409 3311/8/409 3313/9/409
f 3315/13/59 3314/14/59 3313/15/59
f 3315/10/60 3312/11/60 3314/12/60
f 3315/16/61 3313/17/61 3312/18/61
f 3317/4/319 3316/5/319 3319/6/319
f 3318/1/94 3316/2/94 3317/3/94
f 3319/7/440 3316/8/440 3318/9/440
f 3320/13/65 3319/14/65 3318/15/65
f 3320/10/441 3317/11/441 3319/12/441
f 3320/16/214 3318/17/214 3317/18/214
f 3323/1/88 3321/2/88 3322/3/88
f 3322/4/37 3321/5/37 3324/6/37
f 3324/7/123 3321/8/123 3323/9/123
f 3325/10/133 3322/11/133 3324/12/133
f 3325/13/158 3324/14/158 3323/15/158
f 3325/16/292 3323/17/292 3322/18/292
f 3327/4/323 3326/5/323 3329/6/323
f 3328/1/26 3326/2/26 3327/3/26
f 3329/7/129 3326/8/129 3328/9/129
f 3330/13/156 3329/14/156 3328/15/156
f 3330/10/294 3327/11/294 3329/12/294
f 3330/16/180 3328/17/180 3327/18/180
f 3333/1/98 3331/2/98 3332/3/98
f 3332/4/184 3331/5/184 3334/6/184
f 3334/7/264 3331/8/264 3333/9/264
f 3335/10/35 3332/11/35 3334/12/35
f 3335/13/87 3334/14/87 3333/15/87
f 3335/16/43 3333/17/43 3332/18/43
f 3338/1/38 3336/2/38 3337/3/38
f 3337/4/37 3336/5/37 3339/6/37
f 3339/7/288 3336/8/288 3338/9/288
f 3340/10/133 3337/11/133 3339/12/133
f 3340/13/243 3339/14/243 3338/15/243
f 3340/16/442 3338/17/442 3337/18/443
f 3342/4/444 3341/5/445 3344/6/445
f 3343/1/77 3341/2/77 3342/3/77
f 3344/7/25 3341/8/25 3343/9/25
f 3345/13/30 3344/14/30 3343/15/30
f 3345/10/427 3342/11/446 3344/12/447
f 3345/16/180 3343/17/180 3342/18/180
f 3348/1/32 3346/2/32 3347/3/32
f 3347/4/184 3346/5/184 3349/6/184
f 3349/7/448 3346/8/449 3348/9/448
f 3350/10/35 3347/11/35 3349/12/35
f 3350/13/96 3349/14/96 3348/15/96
f 3350/16/36 3348/17/36 3347/18/36
f 3353/1/328 3351/2/328 3352/3/328
f 3352/4/37 3351/5/37 3354/6/37
f 3354/7/450 3351/8/450 3353/9/450
f 3355/10/133 3352/11/133 3354/12/133
f 3355/13/356 3354/14/356 3353/15/356
f 3355/16/205 3353/17/205 3352/18/205
f 3357/4/27 3356/5/27 3359/6/27
f 3358/1/26 3356/2/26 3357/3/26
f 3359/7/129 3356/8/129 3358/9/129
f 3360/13/30 3359/14/30 3358/15/30
f 3360/10/69 3357/11/69 3359/12/69
f 3360/16/180 3358/17/180 3357/18/180
f 3363/1/98 3361/2/98 3362/3/98
f 3362/4/184 3361/5/184 3364/6/184
f 3364/7/33 3361/8/33 3363/9/33
f 3365/10/159 3362/11/159 3364/12/159
f 3365/13/34 3364/14/34 3363/15/34
f 3365/16/43 3363/17/43 3362/18/43
f 3368/1/88 3366/2/88 3367/3/88
f 3367/4/172 3366/5/172 3369/6/172
f 3369/7/353 3366/8/353 3368/9/353
f 3370/10/41 3367/11/41 3369/12/41
f 3370/13/40 3369/14/40 3368/15/40
f 3370/16/205 3368/17/205 3367/18/205
f 3372/4/27 3371/5/27 3374/6/27
f 3373/1/26 3371/2/26 3372/3/26
f 3374/7/129 3371/8/129 3373/9/129
f 3375/13/30 3374/14/30 3373/15/30
f 3375/10/269 3372/11/269 3374/12/333
f 3375/16/180 3373/17/180 3372/18/180
f 3378/1/98 3376/2/98 3377/3/98
f 3377/4/263 3376/5/263 3379/6/263
f 3379/7/264 3376/8/264 3378/9/264
f 3380/10/35 3377/11/35 3379/12/35
f 3380/13/451 3379/14/451 3378/15/451
f 3380/16/36 3378/17/36 3377/18/36
f 3383/1/452 3381/2/452 3382/3/452
f 3382/4/280 3381/5/280 3384/6/280
f 3384/7/3 3381/8/3 3383/9/3
f 3385/10/4 3382/11/4 3384/12/4
f 3385/13/453 3384/14/453 3383/15/453
f 3385/16/6 3383/17/6 3382/18/6
f 3387/4/454 3386/5/455 3389/6/456
f 3388/1/8 3386/2/8 3387/3/8
f 3389/7/83 3386/8/83 3388/9/83
f 3390/13/101 3389/14/101 3388/15/101
f 3390/10/336 3387/11/336 3389/12/336
f 3390/16/413 3388/17/413 3387/18/413
f 3393/1/281 3391/2/281 3392/3/281
f 3392/4/14 3391/5/14 3394/6/14
f 3394/7/457 3391/8/457 3393/9/457
f 3395/10/16 3392/11/16 3394/12/16
f 3395/13/17 3394/14/17 3393/15/17
f 3395/16/169 3393/17/169 3392/18/169
f 3397/4/44 3396/5/44 3399/6/44
f 3398/1/257 3396/2/257 3397/3/257
f 3399/7/458 3396/8/458 3398/9/458
f 3400/13/203 3399/14/203 3398/15/203
f 3400/10/48 3397/11/48 3399/12/48
f 3400/16/145 3398/17/145 3397/18/145
f 3404/7/139 3401/8/139 3403/9/139
f 3403/1/215 3401/2/215 3405/3/215
f 3405/4/52 3401/5/52 3404/6/52
f 3402/10/53 3405/11/53 3404/12/53
f 3402/16/54 3403/17/54 3405/18/54
f 3402/13/80 3404/14/80 3403/15/80
f 3407/4/140 3406/5/140 3409/6/140
f 3408/1/57 3406/2/57 3407/3/57
f 3409/7/459 3406/8/459 3408/9/459
f 3410/13/126 3409/14/126 3408/15/126
f 3410/10/72 3407/11/72 3409/12/72
f 3410/16/146 3408/17/146 3407/18/146
f 3412/4/252 3411/5/252 3414/6/252
f 3413/1/105 3411/2/105 3412/3/105
f 3414/7/64 3411/8/64 3413/9/64
f 3415/13/382 3414/14/382 3413/15/382
f 3415/10/342 3412/11/342 3414/12/342
f 3415/16/194 3413/17/194 3412/18/194
f 3418/1/270 3416/2/270 3417/3/270
f 3417/4/209 3416/5/209 3419/6/209
f 3419/7/210 3416/8/210 3418/9/210
f 3420/10/4 3417/11/4 3419/12/4
f 3420/13/5 3419/14/5 3418/15/5
f 3420/16/6 3418/17/6 3417/18/6
f 3422/4/162 3421/5/162 3424/6/162
f 3423/1/100 3421/2/100 3422/3/100
f 3424/7/460 3421/8/460 3423/9/460
f 3425/13/10 3424/14/10 3423/15/10
f 3425/10/461 3422/11/461 3424/12/461
f 3425/16/348 3423/17/348 3422/18/348
f 3428/1/405 3426/2/405 3427/3/405
f 3427/4/14 3426/5/14 3429/6/14
f 3429/7/196 3426/8/196 3428/9/196
f 3430/10/462 3427/11/462 3429/12/462
f 3430/13/75 3429/14/75 3428/15/75
f 3430/16/188 3428/17/188 3427/18/188
f 3433/1/270 3431/2/270 3432/3/270
f 3432/4/209 3431/5/209 3434/6/209
f 3434/7/210 3431/8/210 3433/9/210
f 3435/10/4 3432/11/4 3434/12/4
f 3435/13/5 3434/14/5 3433/15/5
f 3435/16/6 3433/17/6 3432/18/6
f 3437/4/347 3436/5/347 3439/6/347
f 3438/1/100 3436/2/100 3437/3/100
f 3439/7/83 3436/8/83 3438/9/83
f 3440/13/101 3439/14/101 3438/15/101
f 3440/10/463 3437/11/463 3439/12/463
f 3440/16/85 3438/17/85 3437/18/85
f 3443/1/405 3441/2/405 3442/3/405
f 3442/4/14 3441/5/14 3444/6/14
f 3444/7/418 3441/8/418 3443/9/418
f 3445/10/462 3442/11/462 3444/12/462
f 3445/13/75 3444/14/75 3443/15/75
f 3445/16/464 3443/17/464 3442/18/464
f 3447/4/212 3446/5/212 3449/6/212
f 3448/1/20 3446/2/20 3447/3/20
f 3449/7/76 3446/8/76 3448/9/76
f 3450/13/22 3449/14/22 3448/15/22
f 3450/10/351 3447/11/351 3449/12/351
f 3450/16/24 3448/17/24 3447/18/24
f 3454/7/182 3451/8/182 3453/9/182
f 3453/1/119 3451/2/119 3455/3/119
f 3455/4/389 3451/5/389 3454/6/389
f 3452/10/136 3455/11/136 3454/12/465
f 3452/16/29 3453/17/29 3455/18/29
f 3452/13/95 3454/14/95 3453/15/95
f 3457/4/184 3456/5/184 3459/6/184
f 3458/1/32 3456/2/32 3457/3/32
f 3459/7/201 3456/8/201 3458/9/201
f 3460/13/87 3459/14/87 3458/15/87
f 3460/10/35 3457/11/35 3459/12/35
f 3460/16/43 3458/17/43 3457/18/43
f 3462/4/172 3461/5/172 3464/6/172
f 3463/1/38 3461/2/38 3462/3/38
f 3464/7/39 3461/8/39 3463/9/39
f 3465/13/138 3464/14/138 3463/15/138
f 3465/10/41 3462/11/41 3464/12/41
f 3465/16/466 3463/17/466 3462/18/467
f 3467/4/90 3466/5/90 3469/6/90
f 3468/1/170 3466/2/170 3467/3/170
f 3469/7/76 3466/8/76 3468/9/76
f 3470/13/22 3469/14/22 3468/15/22
f 3470/10/23 3467/11/23 3469/12/23
f 3470/16/173 3468/17/173 3467/18/173
f 3474/7/129 3471/8/129 3473/9/129
f 3473/1/236 3471/2/236 3475/3/236
f 3475/4/468 3471/5/468 3474/6/468
f 3472/10/469 3475/11/469 3474/12/469
f 3472/16/29 3473/17/29 3475/18/29
f 3472/13/30 3474/14/30 3473/15/30
f 3477/4/263 3476/5/263 3479/6/263
f 3478/1/32 3476/2/32 3477/3/32
f 3479/7/264 3476/8/264 3478/9/264
f 3480/13/34 3479/14/34 3478/15/34
f 3480/10/35 3477/11/35 3479/12/35
f 3480/16/36 3478/17/36 3477/18/36
f 3482/4/37 3481/5/37 3484/6/37
f 3483/1/470 3481/2/470 3482/3/470
f 3484/7/331 3481/8/331 3483/9/331
f 3485/13/356 3484/14/356 3483/15/356
f 3485/10/41 3482/11/41 3484/12/41
f 3485/16/358 3483/17/471 3482/18/471
f 3487/4/90 3486/5/90 3489/6/90
f 3488/1/213 3486/2/213 3487/3/213
f 3489/7/91 3486/8/91 3488/9/91
f 3490/13/22 3489/14/22 3488/15/22
f 3490/10/23 3487/11/23 3489/12/23
f 3490/16/24 3488/17/24 3487/18/24
f 3494/7/129 3491/8/129 3493/9/129
f 3493/1/26 3491/2/26 3495/3/26
f 3495/4/27 3491/5/27 3494/6/27
f 3492/10/109 3495/11/109 3494/12/109
f 3492/16/180 3493/17/180 3495/18/180
f 3492/13/30 3494/14/30 3493/15/30
f 3497/4/263 3496/5/263 3499/6/263
f 3498/1/32 3496/2/32 3497/3/32
f 3499/7/33 3496/8/33 3498/9/33
f 3500/13/472 3499/14/472 3498/15/472
f 3500/10/35 3497/11/35 3499/12/35
f 3500/16/36 3498/17/36 3497/18/36
f 3502/4/172 3501/5/172 3504/6/172
f 3503/1/38 3501/2/38 3502/3/38
f 3504/7/473 3501/8/473 3503/9/473
f 3505/13/158 3504/14/158 3503/15/158
f 3505/10/41 3502/11/41 3504/12/41
f 3505/16/474 3503/17/474 3502/18/474
f 3507/4/44 3506/5/44 3509/6/44
f 3508/1/365 3506/2/365 3507/3/365
f 3509/7/144 3506/8/144 3508/9/144
f 3510/13/102 3509/14/102 3508/15/102
f 3510/10/48 3507/11/48 3509/12/48
f 3510/16/49 3508/17/49 3507/18/49
f 3514/7/50 3511/8/50 3513/9/50
f 3513/1/51 3511/2/51 3515/3/51
f 3515/4/299 3511/5/299 3514/6/299
f 3512/10/53 3515/11/53 3514/12/53
f 3512/16/176 3513/17/176 3515/18/176
f 3512/13/80 3514/14/80 3513/15/80
f 3517/4/307 3516/5/307 3519/6/307
f 3518/1/177 3516/2/177 3517/3/177
f 3519/7/409 3516/8/409 3518/9/409
f 3520/13/126 3519/14/126 3518/15/126
f 3520/10/60 3517/11/60 3519/12/60
f 3520/16/146 3518/17/146 3517/18/146
f 3522/4/319 3521/5/319 3524/6/319
f 3523/1/368 3521/2/369 3522/3/370
f 3524/7/64 3521/8/64 3523/9/64
f 3525/13/321 3524/14/321 3523/15/321
f 3525/10/106 3522/11/106 3524/12/106
f 3525/16/475 3523/17/475 3522/18/475
f 3527/4/44 3526/5/44 3529/6/44
f 3528/1/365 3526/2/365 3527/3/365
f 3529/7/144 3526/8/144 3528/9/144
f 3530/13/102 3529/14/102 3528/15/102
f 3530/10/48 3527/11/48 3529/12/48
f 3530/16/113 3528/17/113 3527/18/113
f 3534/7/304 3531/8/304 3533/9/304
f 3533/1/215 3531/2/215 3535/3/215
f 3535/4/52 3531/5/52 3534/6/52
f 3532/10/53 3535/11/53 3534/12/53
f 3532/16/54 3533/17/54 3535/18/54
f 3532/13/476 3534/14/476 3533/15/476
f 3537/4/140 3536/5/140 3539/6/140
f 3538/1/57 3536/2/57 3537/3/57
f 3539/7/112 3536/8/112 3538/9/112
f 3540/13/59 3539/14/59 3538/15/59
f 3540/10/318 3537/11/318 3539/12/318
f 3540/16/477 3538/17/478 3537/18/479
f 3542/4/62 3541/5/62 3544/6/62
f 3543/1/94 3541/2/94 3542/3/94
f 3544/7/64 3541/8/64 3543/9/64
f 3545/13/375 3544/14/375 3543/15/375
f 3545/10/197 3542/11/197 3544/12/197
f 3545/16/68 3543/17/68 3542/18/68
f 3547/4/44 3546/5/44 3549/6/44
f 3548/1/45 3546/2/45 3547/3/45
f 3549/7/144 3546/8/144 3548/9/144
f 3550/13/378 3549/14/378 3548/15/378
f 3550/10/48 3547/11/48 3549/12/48
f 3550/16/113 3548/17/113 3547/18/113
f 3554/7/139 3551/8/139 3553/9/139
f 3553/1/215 3551/2/215 3555/3/215
f 3555/4/111 3551/5/111 3554/6/111
f 3552/10/53 3555/11/53 3554/12/53
f 3552/16/247 3553/17/247 3555/18/247
f 3552/13/80 3554/14/80 3553/15/80
f 3557/4/307 3556/5/307 3559/6/307
f 3558/1/57 3556/2/57 3557/3/57
f 3559/7/409 3556/8/409 3558/9/409
f 3560/13/126 3559/14/126 3558/15/126
f 3560/10/72 3557/11/72 3559/12/72
f 3560/16/61 3558/17/61 3557/18/61
f 3562/4/480 3561/5/481 3564/6/482
f 3563/1/105 3561/2/105 3562/3/105
f 3564/7/276 3561/8/276 3563/9/276
f 3565/13/483 3564/14/484 3563/15/483
f 3565/10/342 3562/11/342 3564/12/342
f 3565/16/194 3563/17/194 3562/18/194
f 3568/1/38 3566/2/38 3567/3/38
f 3567/4/172 3566/5/172 3569/6/172
f 3569/7/331 3566/8/331 3568/9/331
f 3570/10/41 3567/11/41 3569/12/41
f 3570/13/356 3569/14/356 3568/15/356
f 3570/16/388 3568/17/388 3567/18/388
f 3572/4/323 3571/5/323 3574/6/323
f 3573/1/26 3571/2/26 3572/3/26
f 3574/7/182 3571/8/182 3573/9/182
f 3575/13/30 3574/14/30 3573/15/30
f 3575/10/28 3572/11/28 3574/12/28
f 3575/16/29 3573/17/29 3572/18/29
f 3578/1/32 3576/2/32 3577/3/32
f 3577/4/184 3576/5/184 3579/6/184
f 3579/7/33 3576/8/33 3578/9/33
f 3580/10/35 3577/11/35 3579/12/35
f 3580/13/485 3579/14/485 3578/15/485
f 3580/16/43 3578/17/43 3577/18/43
f 3583/1/400 3581/2/400 3582/3/400
f 3582/4/172 3581/5/172 3584/6/172
f 3584/7/39 3581/8/39 3583/9/39
f 3585/10/41 3582/11/41 3584/12/41
f 3585/13/486 3584/14/486 3583/15/487
f 3585/16/488 3583/17/489 3582/18/489
f 3587/4/27 3586/5/27 3589/6/27
f 3588/1/77 3586/2/77 3587/3/77
f 3589/7/129 3586/8/129 3588/9/129
f 3590/13/30 3589/14/30 3588/15/30
f 3590/10/109 3587/11/109 3589/12/109
f 3590/16/29 3588/17/29 3587/18/29
f 3593/1/32 3591/2/32 3592/3/32
f 3592/4/184 3591/5/184 3594/6/184
f 3594/7/201 3591/8/201 3593/9/201
f 3595/10/35 3592/11/35 3594/12/35
f 3595/13/87 3594/14/87 3593/15/87
f 3595/16/43 3593/17/43 3592/18/43
f 3598/1/265 3596/2/265 3597/3/265
f 3597/4/37 3596/5/37 3599/6/37
f 3599/7/490 3596/8/491 3598/9/491
f 3600/10/41 3597/11/41 3599/12/41
f 3600/13/40 3599/14/40 3598/15/40
f 3600/16/42 3598/17/42 3597/18/42
f 3602/4/118 3601/5/118 3604/6/118
f 3603/1/26 3601/2/26 3602/3/26
f 3604/7/129 3601/8/129 3603/9/129
f 3605/13/30 3604/14/30 3603/15/30
f 3605/10/86 3602/11/86 3604/12/86
f 3605/16/29 3603/17/29 3602/18/29
f 3608/1/98 3606/2/98 3607/3/98
f 3607/4/184 3606/5/184 3609/6/184
f 3609/7/264 3606/8/264 3608/9/264
f 3610/10/159 3607/11/159 3609/12/159
f 3610/13/492 3609/14/493 3608/15/493
f 3610/16/36 3608/17/36 3607/18/36
f 3613/1/38 3611/2/38 3612/3/38
f 3612/4/37 3611/5/37 3614/6/37
f 3614/7/123 3611/8/123 3613/9/123
f 3615/10/41 3612/11/41 3614/12/41
f 3615/13/158 3614/14/158 3613/15/158
f 3615/16/42 3613/17/42 3612/18/42
f 3617/4/121 3616/5/121 3619/6/121
f 3618/1/26 3616/2/26 3617/3/26
f 3619/7/25 3616/8/25 3618/9/25
f 3620/13/156 3619/14/156 3618/15/156
f 3620/10/427 3617/11/446 3619/12/494
f 3620/16/29 3618/17/29 3617/18/29
f 3623/1/32 3621/2/32 3622/3/32
f 3622/4/184 3621/5/184 3624/6/184
f 3624/7/295 3621/8/296 3623/9/295
f 3625/10/35 3622/11/35 3624/12/35
f 3625/13/495 3624/14/495 3623/15/495
f 3625/16/496 3623/17/497 3622/18/498
f 3628/1/499 3626/2/500 3627/3/499
f 3627/4/501 3626/5/501 3629/6/501
f 3629/7/502 3626/8/502 3628/9/502
f 3630/10/223 3627/11/223 3629/12/223
f 3630/13/5 3629/14/5 3628/15/5
f 3630/16/6 3628/17/6 3627/18/6
f 3632/4/7 3631/5/7 3634/6/7
f 3633/1/8 3631/2/8 3632/3/8
f 3634/7/83 3631/8/83 3633/9/83
f 3635/13/503 3634/14/503 3633/15/503
f 3635/10/108 3632/11/108 3634/12/108
f 3635/16/348 3633/17/348 3632/18/348
f 3638/1/73 3636/2/73 3637/3/73
f 3637/4/14 3636/5/14 3639/6/14
f 3639/7/70 3636/8/70 3638/9/70
f 3640/10/16 3637/11/16 3639/12/16
f 3640/13/164 3639/14/164 3638/15/164
f 3640/16/350 3638/17/350 3637/18/350
f 3642/4/44 3641/5/44 3644/6/44
f 3643/1/45 3641/2/45 3642/3/45
f 3644/7/46 3641/8/46 3643/9/46
f 3645/13/102 3644/14/102 3643/15/102
f 3645/10/48 3642/11/48 3644/12/48
f 3645/16/49 3643/17/49 3642/18/49
f 3649/7/139 3646/8/139 3648/9/139
f 3648/1/51 3646/2/51 3650/3/51
f 3650/4/111 3646/5/111 3649/6/111
f 3647/10/504 3650/11/504 3649/12/504
f 3647/16/54 3648/17/54 3650/18/54
f 3647/13/80 3649/14/80 3648/15/80
f 3652/4/307 3651/5/307 3654/6/307
f 3653/1/177 3651/2/177 3652/3/177
f 3654/7/366 3651/8/366 3653/9/366
f 3655/13/59 3654/14/59 3653/15/59
f 3655/10/60 3652/11/60 3654/12/60
f 3655/16/206 3653/17/206 3652/18/206
f 3657/4/367 3656/5/367 3659/6/367
f 3658/1/94 3656/2/94 3657/3/94
f 3659/7/64 3656/8/64 3658/9/64
f 3660/13/65 3659/14/65 3658/15/65
f 3660/10/505 3657/11/505 3659/12/505
f 3660/16/175 3658/17/175 3657/18/175
f 3663/1/270 3661/2/270 3662/3/270
f 3662/4/2 3661/5/2 3664/6/2
f 3664/7/3 3661/8/3 3663/9/3
f 3665/10/4 3662/11/4 3664/12/4
f 3665/13/5 3664/14/5 3663/15/5
f 3665/16/82 3663/17/82 3662/18/82
f 3667/4/7 3666/5/7 3669/6/7
f 3668/1/8 3666/2/8 3667/3/8
f 3669/7/460 3666/8/460 3668/9/460
f 3670/13/10 3669/14/10 3668/15/10
f 3670/10/108 3667/11/108 3669/12/108
f 3670/16/12 3668/17/12 3667/18/12
f 3673/1/506 3671/2/507 3672/3/506
f 3672/4/14 3671/5/14 3674/6/14
f 3674/7/70 3671/8/70 3673/9/70
f 3675/10/16 3672/11/16 3674/12/16
f 3675/13/164 3674/14/164 3673/15/164
f 3675/16/508 3673/17/508 3672/18/508
f 3678/1/270 3676/2/270 3677/3/270
f 3677/4/2 3676/5/2 3679/6/2
f 3679/7/3 3676/8/3 3678/9/3
f 3680/10/217 3677/11/217 3679/12/217
f 3680/13/5 3679/14/5 3678/15/5
f 3680/16/82 3678/17/82 3677/18/82
f 3682/4/7 3681/5/7 3684/6/7
f 3683/1/8 3681/2/8 3682/3/8
f 3684/7/83 3681/8/83 3683/9/83
f 3685/13/101 3684/14/101 3683/15/101
f 3685/10/108 3682/11/108 3684/12/108
f 3685/16/509 3683/17/509 3682/18/509
f 3688/1/281 3686/2/281 3687/3/281
f 3687/4/14 3686/5/14 3689/6/14
f 3689/7/15 3686/8/15 3688/9/15
f 3690/10/16 3687/11/16 3689/12/16
f 3690/13/75 3689/14/75 3688/15/75
f 3690/16/71 3688/17/71 3687/18/71
f 3692/4/90 3691/5/90 3694/6/90
f 3693/1/170 3691/2/170 3692/3/170
f 3694/7/91 3691/8/91 3693/9/91
f 3695/13/510 3694/14/510 3693/15/510
f 3695/10/511 3692/11/511 3694/12/511
f 3695/16/173 3693/17/173 3692/18/173
f 3699/7/129 3696/8/129 3698/9/129
f 3698/1/119 3696/2/119 3700/3/119
f 3700/4/389 3696/5/389 3699/6/389
f 3697/10/109 3700/11/109 3699/12/109
f 3697/16/29 3698/17/29 3700/18/29
f 3697/13/156 3699/14/156 3698/15/156
f 3702/4/263 3701/5/263 3704/6/263
f 3703/1/286 3701/2/286 3702/3/286
f 3704/7/512 3701/8/513 3703/9/514
f 3705/13/515 3704/14/327 3703/15/327
f 3705/10/35 3702/11/35 3704/12/35
f 3705/16/496 3703/17/516 3702/18/517
f 3707/4/37 3706/5/37 3709/6/37
f 3708/1/88 3706/2/88 3707/3/88
f 3709/7/39 3706/8/39 3708/9/39
f 3710/13/202 3709/14/202 3708/15/202
f 3710/10/89 3707/11/89 3709/12/89
f 3710/16/518 3708/17/519 3707/18/518
f 3712/4/90 3711/5/90 3714/6/90
f 3713/1/170 3711/2/170 3712/3/170
f 3714/7/76 3711/8/76 3713/9/76
f 3715/13/22 3714/14/22 3713/15/22
f 3715/10/23 3712/11/23 3714/12/23
f 3715/16/24 3713/17/24 3712/18/24
f 3719/7/25 3716/8/25 3718/9/25
f 3718/1/77 3716/2/77 3720/3/77
f 3720/4/27 3716/5/27 3719/6/27
f 3717/10/28 3720/11/28 3719/12/28
f 3717/16/180 3718/17/180 3720/18/180
f 3717/13/156 3719/14/156 3718/15/156
f 3722/4/263 3721/5/263 3724/6/263
f 3723/1/32 3721/2/32 3722/3/32
f 3724/7/33 3721/8/33 3723/9/33
f 3725/13/87 3724/14/87 3723/15/87
f 3725/10/391 3722/11/391 3724/12/391
f 3725/16/36 3723/17/36 3722/18/36
f 3727/4/37 3726/5/37 3729/6/37
f 3728/1/88 3726/2/88 3727/3/88
f 3729/7/123 3726/8/123 3728/9/123
f 3730/13/40 3729/14/40 3728/15/40
f 3730/10/133 3727/11/133 3729/12/133
f 3730/16/426 3728/17/520 3727/18/521
f 3732/4/212 3731/5/212 3734/6/212
f 3733/1/213 3731/2/213 3732/3/213
f 3734/7/76 3731/8/76 3733/9/76
f 3735/13/22 3734/14/22 3733/15/22
f 3735/10/23 3732/11/23 3734/12/23
f 3735/16/24 3733/17/24 3732/18/24
f 3739/7/25 3736/8/25 3738/9/25
f 3738/1/77 3736/2/77 3740/3/77
f 3740/4/121 3736/5/121 3739/6/121
f 3737/10/446 3740/11/522 3739/12/427
f 3737/16/29 3738/17/29 3740/18/29
f 3737/13/156 3739/14/156 3738/15/156
f 3742/4/523 3741/5/524 3744/6/525
f 3743/1/32 3741/2/32 3742/3/32
f 3744/7/264 3741/8/264 3743/9/264
f 3745/13/87 3744/14/87 3743/15/87
f 3745/10/391 3742/11/391 3744/12/391
f 3745/16/36 3743/17/36 3742/18/36
f 3747/4/37 3746/5/37 3749/6/37
f 3748/1/400 3746/2/400 3747/3/400
f 3749/7/288 3746/8/288 3748/9/288
f 3750/13/243 3749/14/243 3748/15/243
f 3750/10/41 3747/11/41 3749/12/41
f 3750/16/442 3748/17/526 3747/18/442
f 3752/4/44 3751/5/44 3754/6/44
f 3753/1/149 3751/2/149 3752/3/149
f 3754/7/144 3751/8/144 3753/9/144
f 3755/13/378 3754/14/378 3753/15/378
f 3755/10/48 3752/11/48 3754/12/48
f 3755/16/49 3753/17/49 3752/18/49
f 3759/7/50 3756/8/50 3758/9/50
f 3758/1/215 3756/2/215 3760/3/215
f 3760/4/527 3756/5/527 3759/6/527
f 3757/10/504 3760/11/504 3759/12/504
f 3757/16/247 3758/17/247 3760/18/247
f 3757/13/80 3759/14/80 3758/15/80
f 3762/4/140 3761/5/140 3764/6/140
f 3763/1/274 3761/2/274 3762/3/274
f 3764/7/151 3761/8/151 3763/9/151
f 3765/13/59 3764/14/59 3763/15/59
f 3765/10/72 3762/11/72 3764/12/72
f 3765/16/61 3763/17/61 3762/18/61
f 3767/4/252 3766/5/252 3769/6/252
f 3768/1/105 3766/2/105 3767/3/105
f 3769/7/64 3766/8/64 3768/9/64
f 3770/13/81 3769/14/81 3768/15/81
f 3770/10/301 3767/11/301 3769/12/301
f 3770/16/189 3768/17/190 3767/18/190
f 3772/4/44 3771/5/44 3774/6/44
f 3773/1/257 3771/2/257 3772/3/257
f 3774/7/436 3771/8/436 3773/9/436
f 3775/13/102 3774/14/102 3773/15/102
f 3775/10/48 3772/11/48 3774/12/48
f 3775/16/49 3773/17/49 3772/18/49
f 3779/7/373 3776/8/373 3778/9/373
f 3778/1/125 3776/2/125 3780/3/125
f 3780/4/52 3776/5/52 3779/6/52
f 3777/10/53 3780/11/53 3779/12/53
f 3777/16/54 3778/17/54 3780/18/54
f 3777/13/476 3779/14/476 3778/15/476
f 3782/4/307 3781/5/307 3784/6/307
f 3783/1/57 3781/2/57 3782/3/57
f 3784/7/366 3781/8/366 3783/9/366
f 3785/13/126 3784/14/126 3783/15/126
f 3785/10/528 3782/11/529 3784/12/530
f 3785/16/531 3783/17/531 3782/18/531
f 3787/4/532 3786/5/533 3789/6/534
f 3788/1/105 3786/2/105 3787/3/105
f 3789/7/64 3786/8/64 3788/9/64
f 3790/13/65 3789/14/65 3788/15/65
f 3790/10/441 3787/11/441 3789/12/441
f 3790/16/175 3788/17/175 3787/18/175
f 3792/4/44 3791/5/44 3794/6/44
f 3793/1/535 3791/2/535 3792/3/535
f 3794/7/536 3791/8/537 3793/9/537
f 3795/13/102 3794/14/102 3793/15/102
f 3795/10/48 3792/11/48 3794/12/48
f 3795/16/49 3793/17/49 3792/18/49
f 3799/7/139 3796/8/139 3798/9/139
f 3798/1/125 3796/2/125 3800/3/125
f 3800/4/52 3796/5/52 3799/6/52
f 3797/10/53 3800/11/53 3799/12/53
f 3797/16/176 3798/17/176 3800/18/176
f 3797/13/80 3799/14/80 3798/15/80
f 3802/4/307 3801/5/307 3804/6/307
f 3803/1/57 3801/2/57 3802/3/57
f 3804/7/538 3801/8/538 3803/9/538
f 3805/13/126 3804/14/126 3803/15/126
f 3805/10/72 3802/11/72 3804/12/72
f 3805/16/61 3803/17/61 3802/18/61
f 3807/4/319 3806/5/319 3809/6/319
f 3808/1/94 3806/2/94 3807/3/94
f 3809/7/440 3806/8/440 3808/9/440
f 3810/13/81 3809/14/81 3808/15/81
f 3810/10/539 3807/11/539 3809/12/540
f 3810/16/214 3808/17/214 3807/18/214
f 3813/1/88 3811/2/88 3812/3/88
f 3812/4/37 3811/5/37 3814/6/37
f 3814/7/123 3811/8/123 3813/9/123
f 3815/10/133 3812/11/133 3814/12/133
f 3815/13/40 3814/14/40 3813/15/40
f 3815/16/292 3813/17/292 3812/18/292
f 3817/4/389 3816/5/389 3819/6/389
f 3818/1/236 3816/2/236 3817/3/236
f 3819/7/182 3816/8/182 3818/9/182
f 3820/13/156 3819/14/156 3818/15/156
f 3820/10/28 3817/11/28 3819/12/28
f 3820/16/29 3818/17/29 3817/18/29
f 3823/1/32 3821/2/32 3822/3/32
f 3822/4/184 3821/5/184 3824/6/184
f 3824/7/33 3821/8/33 3823/9/33
f 3825/10/35 3822/11/35 3824/12/35
f 3825/13/541 3824/14/542 3823/15/542
f 3825/16/36 3823/17/36 3822/18/36
f 3828/1/38 3826/2/38 3827/3/38
f 3827/4/37 3826/5/37 3829/6/37
f 3829/7/123 3826/8/123 3828/9/123
f 3830/10/133 3827/11/133 3829/12/133
f 3830/13/543 3829/14/543 3828/15/543
f 3830/16/544 3828/17/544 3827/18/544
f 3832/4/121 3831/5/121 3834/6/121
f 3833/1/77 3831/2/77 3832/3/77
f 3834/7/25 3831/8/25 3833/9/25
f 3835/13/156 3834/14/156 3833/15/156
f 3835/10/427 3832/11/446 3834/12/494
f 3835/16/180 3833/17/180 3832/18/180
f 3838/1/32 3836/2/32 3837/3/32
f 3837/4/184 3836/5/184 3839/6/184
f 3839/7/201 3836/8/201 3838/9/201
f 3840/10/240 3837/11/241 3839/12/242
f 3840/13/34 3839/14/34 3838/15/34
f 3840/16/36 3838/17/36 3837/18/36
f 3843/1/328 3841/2/328 3842/3/328
f 3842/4/37 3841/5/37 3844/6/37
f 3844/7/545 3841/8/401 3843/9/401
f 3845/10/133 3842/11/133 3844/12/133
f 3845/13/356 3844/14/356 3843/15/356
f 3845/16/205 3843/17/205 3842/18/205
f 3847/4/135 3846/5/135 3849/6/135
f 3848/1/119 3846/2/119 3847/3/119
f 3849/7/129 3846/8/129 3848/9/129
f 3850/13/30 3849/14/30 3848/15/30
f 3850/10/86 3847/11/86 3849/12/86
f 3850/16/29 3848/17/29 3847/18/29
f 3853/1/32 3851/2/32 3852/3/32
f 3852/4/184 3851/5/184 3854/6/184
f 3854/7/33 3851/8/33 3853/9/33
f 3855/10/35 3852/11/35 3854/12/35
f 3855/13/546 3854/14/546 3853/15/547
f 3855/16/36 3853/17/36 3852/18/36
f 3858/1/88 3856/2/88 3857/3/88
f 3857/4/37 3856/5/37 3859/6/37
f 3859/7/331 3856/8/331 3858/9/331
f 3860/10/41 3857/11/41 3859/12/41
f 3860/13/158 3859/14/158 3858/15/158
f 3860/16/354 3858/17/332 3857/18/332
f 3862/4/27 3861/5/27 3864/6/27
f 3863/1/77 3861/2/77 3862/3/77
f 3864/7/129 3861/8/129 3863/9/129
f 3865/13/30 3864/14/30 3863/15/30
f 3865/10/109 3862/11/109 3864/12/109
f 3865/16/180 3863/17/180 3862/18/180
f 3868/1/32 3866/2/32 3867/3/32
f 3867/4/263 3866/5/263 3869/6/263
f 3869/7/514 3866/8/514 3868/9/514
f 3870/10/35 3867/11/35 3869/12/35
f 3870/13/495 3869/14/495 3868/15/495
f 3870/16/36 3868/17/36 3867/18/36
f 3873/1/548 3871/2/548 3872/3/548
f 3872/4/549 3871/5/549 3874/6/550
f 3874/7/3 3871/8/3 3873/9/3
f 3875/10/223 3872/11/223 3874/12/223
f 3875/13/5 3874/14/5 3873/15/5
f 3875/16/344 3873/17/344 3872/18/344
f 3877/4/162 3876/5/162 3879/6/162
f 3878/1/100 3876/2/100 3877/3/100
f 3879/7/83 3876/8/83 3878/9/83
f 3880/13/101 3879/14/101 3878/15/101
f 3880/10/336 3877/11/336 3879/12/336
f 3880/16/413 3878/17/413 3877/18/413
f 3883/1/73 3881/2/73 3882/3/73
f 3882/4/282 3881/5/282 3884/6/282
f 3884/7/457 3881/8/457 3883/9/457
f 3885/10/16 3882/11/16 3884/12/16
f 3885/13/75 3884/14/75 3883/15/75
f 3885/16/169 3883/17/169 3882/18/169
f 3887/4/44 3886/5/44 3889/6/44
f 3888/1/257 3886/2/257 3887/3/257
f 3889/7/46 3886/8/46 3888/9/46
f 3890/13/312 3889/14/312 3888/15/312
f 3890/10/48 3887/11/48 3889/12/48
f 3890/16/145 3888/17/145 3887/18/145
f 3894/7/139 3891/8/139 3893/9/139
f 3893/1/215 3891/2/215 3895/3/215
f 3895/4/52 3891/5/52 3894/6/52
f 3892/10/53 3895/11/53 3894/12/53
f 3892/16/247 3893/17/247 3895/18/247
f 3892/13/55 3894/14/55 3893/15/55
f 3897/4/140 3896/5/140 3899/6/140
f 3898/1/177 3896/2/177 3897/3/177
f 3899/7/551 3896/8/552 3898/9/551
f 3900/13/59 3899/14/59 3898/15/59
f 3900/10/72 3897/11/72 3899/12/72
f 3900/16/206 3898/17/206 3897/18/206
f 3902/4/252 3901/5/252 3904/6/252
f 3903/1/105 3901/2/105 3902/3/105
f 3904/7/64 3901/8/64 3903/9/64
f 3905/13/382 3904/14/382 3903/15/382
f 3905/10/342 3902/11/342 3904/12/342
f 3905/16/194 3903/17/194 3902/18/194
f 3908/1/270 3906/2/270 3907/3/270
f 3907/4/553 3906/5/554 3909/6/554
f 3909/7/210 3906/8/210 3908/9/210
f 3910/10/217 3907/11/217 3909/12/217
f 3910/13/161 3909/14/161 3908/15/161
f 3910/16/224 3908/17/224 3907/18/224
f 3912/4/347 3911/5/347 3914/6/347
f 3913/1/100 3911/2/100 3912/3/100
f 3914/7/83 3911/8/83 3913/9/83
f 3915/13/101 3914/14/101 3913/15/101
f 3915/10/108 3912/11/108 3914/12/108
f 3915/16/12 3913/17/12 3912/18/12
f 3918/1/273 3916/2/273 3917/3/273
f 3917/4/14 3916/5/14 3919/6/14
f 3919/7/196 3916/8/196 3918/9/196
f 3920/10/16 3917/11/16 3919/12/16
f 3920/13/414 3919/14/414 3918/15/414
f 3920/16/188 3918/17/188 3917/18/188
f 3923/1/279 3921/2/279 3922/3/279
f 3922/4/209 3921/5/209 3924/6/209
f 3924/7/210 3921/8/210 3923/9/210
f 3925/10/555 3922/11/555 3924/12/555
f 3925/13/161 3924/14/161 3923/15/161
f 3925/16/82 3923/17/82 3922/18/82
f 3927/4/347 3926/5/347 3929/6/347
f 3928/1/100 3926/2/100 3927/3/100
f 3929/7/83 3926/8/83 3928/9/83
f 3930/13/10 3929/14/10 3928/15/10
f 3930/10/108 3927/11/108 3929/12/108
f 3930/16/85 3928/17/85 3927/18/85
f 3933/1/73 3931/2/73 3932/3/73
f 3932/4/14 3931/5/14 3934/6/14
f 3934/7/15 3931/8/15 3933/9/15
f 3935/10/16 3932/11/16 3934/12/16
f 3935/13/349 3934/14/349 3933/15/349
f 3935/16/464 3933/17/464 3932/18/464
f 3937/4/212 3936/5/212 3939/6/212
f 3938/1/170 3936/2/170 3937/3/170
f 3939/7/76 3936/8/76 3938/9/76
f 3940/13/174 3939/14/174 3938/15/174
f 3940/10/134 3937/11/134 3939/12/134
f 3940/16/24 3938/17/24 3937/18/24
f 3944/7/182 3941/8/182 3943/9/182
f 3943/1/26 3941/2/26 3945/3/26
f 3945/4/323 3941/5/323 3944/6/323
f 3942/10/109 3945/11/109 3944/12/109
f 3942/16/29 3943/17/29 3945/18/29
f 3942/13/30 3944/14/30 3943/15/30
f 3947/4/184 3946/5/184 3949/6/184
f 3948/1/32 3946/2/32 3947/3/32
f 3949/7/352 3946/8/352 3948/9/352
f 3950/13/96 3949/14/96 3948/15/96
f 3950/10/35 3947/11/35 3949/12/35
f 3950/16/36 3948/17/36 3947/18/36
f 3952/4/172 3951/5/172 3954/6/172
f 3953/1/88 3951/2/88 3952/3/88
f 3954/7/556 3951/8/556 3953/9/556
f 3955/13/138 3954/14/138 3953/15/138
f 3955/10/41 3952/11/41 3954/12/41
f 3955/16/262 3953/17/262 3952/18/262
f 3957/4/212 3956/5/212 3959/6/212
f 3958/1/170 3956/2/170 3957/3/170
f 3959/7/76 3956/8/76 3958/9/76
f 3960/13/557 3959/14/557 3958/15/557
f 3960/10/23 3957/11/23 3959/12/23
f 3960/16/24 3958/17/24 3957/18/24
f 3964/7/129 3961/8/129 3963/9/129
f 3963/1/77 3961/2/77 3965/3/77
f 3965/4/468 3961/5/468 3964/6/468
f 3962/10/28 3965/11/28 3964/12/28
f 3962/16/29 3963/17/29 3965/18/29
f 3962/13/30 3964/14/30 3963/15/30
f 3967/4/263 3966/5/263 3969/6/263
f 3968/1/32 3966/2/32 3967/3/32
f 3969/7/264 3966/8/264 3968/9/264
f 3970/13/34 3969/14/34 3968/15/34
f 3970/10/159 3967/11/159 3969/12/159
f 3970/16/43 3968/17/43 3967/18/43
f 3972/4/37 3971/5/37 3974/6/37
f 3973/1/88 3971/2/88 3972/3/88
f 3974/7/331 3971/8/331 3973/9/331
f 3975/13/115 3974/14/115 3973/15/115
f 3975/10/41 3972/11/41 3974/12/41
f 3975/16/558 3973/17/558 3972/18/558
f 3977/4/212 3976/5/212 3979/6/212
f 3978/1/213 3976/2/213 3977/3/213
f 3979/7/91 3976/8/91 3978/9/91
f 3980/13/559 3979/14/560 3978/15/561
f 3980/10/23 3977/11/23 3979/12/23
f 3980/16/24 3978/17/24 3977/18/24
f 3984/7/562 3981/8/562 3983/9/562
f 3983/1/77 3981/2/77 3985/3/77
f 3985/4/468 3981/5/468 3984/6/468
f 3982/10/136 3985/11/136 3984/12/136
f 3982/16/29 3983/17/29 3985/18/29
f 3982/13/30 3984/14/30 3983/15/30
f 3987/4/263 3986/5/263 3989/6/263
f 3988/1/32 3986/2/32 3987/3/32
f 3989/7/264 3986/8/264 3988/9/264
f 3990/13/96 3989/14/96 3988/15/96
f 3990/10/242 3987/11/240 3989/12/563
f 3990/16/36 3988/17/36 3987/18/36
f 3992/4/172 3991/5/172 3994/6/172
f 3993/1/38 3991/2/38 3992/3/38
f 3994/7/473 3991/8/473 3993/9/473
f 3995/13/243 3994/14/243 3993/15/243
f 3995/10/41 3992/11/41 3994/12/41
f 3995/16/474 3993/17/564 3992/18/564
f 3997/4/565 3996/5/566 3999/6/567
f 3998/1/568 3996/2/569 3997/3/568
f 3999/7/46 3996/8/46 3998/9/46
f 4000/13/203 3999/14/203 3998/15/203
f 4000/10/48 3997/11/48 3999/12/48
f 4000/16/372 3998/17/372 3997/18/372
f 4004/7/304 4001/8/304 4003/9/304
f 4003/1/125 4001/2/125 4005/3/125
f 4005/4/299 4001/5/299 4004/6/299
f 4002/10/504 4005/11/504 4004/12/504
f 4002/16/176 4003/17/176 4005/18/176
f 4002/13/80 4004/14/80 4003/15/80
f 4007/4/307 4006/5/307 4009/6/307
f 4008/1/57 4006/2/57 4007/3/57
f 4009/7/570 4006/8/570 4008/9/570
f 4010/13/59 4009/14/59 4008/15/59
f 4010/10/60 4007/11/60 4009/12/60
f 4010/16/61 4008/17/61 4007/18/61
f 4012/4/319 4011/5/319 4014/6/319
f 4013/1/94 4011/2/94 4012/3/94
f 4014/7/64 4011/8/64 4013/9/64
f 4015/13/321 4014/14/321 4013/15/321
f 4015/10/142 4012/11/142 4014/12/142
f 4015/16/175 4013/17/175 4012/18/175
f 4017/4/44 4016/5/44 4019/6/44
f 4018/1/365 4016/2/365 4017/3/365
f 4019/7/144 4016/8/144 4018/9/144
f 4020/13/203 4019/14/203 4018/15/203
f 4020/10/48 4017/11/48 4019/12/48
f 4020/16/49 4018/17/49 4017/18/49
f 4024/7/50 4021/8/50 4023/9/50
f 4023/1/215 4021/2/215 4025/3/215
f 4025/4/111 4021/5/111 4024/6/111
f 4022/10/504 4025/11/504 4024/12/504
f 4022/16/54 4023/17/54 4025/18/54
f 4022/13/80 4024/14/80 4023/15/80
f 4027/4/140 4026/5/140 4029/6/140
f 4028/1/57 4026/2/57 4027/3/57
f 4029/7/112 4026/8/112 4028/9/112
f 4030/13/59 4029/14/59 4028/15/59
f 4030/10/318 4027/11/318 4029/12/318
f 4030/16/204 4028/17/204 4027/18/204
f 4032/4/62 4031/5/62 4034/6/62
f 4033/1/94 4031/2/94 4032/3/94
f 4034/7/64 4031/8/64 4033/9/64
f 4035/13/375 4034/14/375 4033/15/375
f 4035/10/571 4032/11/571 4034/12/571
f 4035/16/572 4033/17/572 4032/18/572
f 4037/4/44 4036/5/44 4039/6/44
f 4038/1/257 4036/2/257 4037/3/257
f 4039/7/46 4036/8/46 4038/9/46
f 4040/13/312 4039/14/312 4038/15/312
f 4040/10/48 4037/11/48 4039/12/48
f 4040/16/49 4038/17/49 4037/18/49
f 4044/7/139 4041/8/139 4043/9/139
f 4043/1/215 4041/2/215 4045/3/215
f 4045/4/111 4041/5/111 4044/6/111
f 4042/10/53 4045/11/53 4044/12/53
f 4042/16/247 4043/17/247 4045/18/247
f 4042/13/573 4044/14/573 4043/15/573
f 4047/4/307 4046/5/307 4049/6/307
f 4048/1/57 4046/2/57 4047/3/57
f 4049/7/574 4046/8/574 4048/9/575
f 4050/13/126 4049/14/126 4048/15/126
f 4050/10/60 4047/11/60 4049/12/60
f 4050/16/204 4048/17/204 4047/18/204
f 4052/4/576 4051/5/577 4054/6/578
f 4053/1/253 4051/2/253 4052/3/253
f 4054/7/64 4051/8/64 4053/9/64
f 4055/13/579 4054/14/579 4053/15/580
f 4055/10/66 4052/11/66 4054/12/66
f 4055/16/475 4053/17/475 4052/18/475
f 4058/1/88 4056/2/88 4057/3/88
f 4057/4/37 4056/5/37 4059/6/37
f 4059/7/331 4056/8/331 4058/9/331
f 4060/10/41 4057/11/41 4059/12/41
f 4060/13/158 4059/14/158 4058/15/158
f 4060/16/205 4058/17/205 4057/18/205
f 4062/4/581 4061/5/468 4064/6/468
f 4063/1/26 4061/2/26 4062/3/26
f 4064/7/182 4061/8/182 4063/9/182
f 4065/13/30 4064/14/30 4063/15/30
f 4065/10/109 4062/11/109 4064/12/109
f 4065/16/29 4063/17/29 4062/18/29
f 4068/1/32 4066/2/32 4067/3/32
f 4067/4/184 4066/5/184 4069/6/184
f 4069/7/33 4066/8/33 4068/9/33
f 4070/10/391 4067/11/391 4069/12/391
f 4070/13/87 4069/14/87 4068/15/87
f 4070/16/36 4068/17/36 4067/18/36
f 4073/1/38 4071/2/38 4072/3/38
f 4072/4/172 4071/5/172 4074/6/172
f 4074/7/39 4071/8/39 4073/9/39
f 4075/10/41 4072/11/41 4074/12/41
f 4075/13/158 4074/14/158 4073/15/158
f 4075/16/488 4073/17/488 4072/18/488
f 4077/4/27 4076/5/27 4079/6/27
f 4078/1/77 4076/2/77 4077/3/77
f 4079/7/129 4076/8/129 4078/9/129
f 4080/13/95 4079/14/95 4078/15/95
f 4080/10/582 4077/11/582 4079/12/583
f 4080/16/584 4078/17/584 4077/18/584
f 4083/1/32 4081/2/32 4082/3/32
f 4082/4/263 4081/5/263 4084/6/263
f 4084/7/33 4081/8/33 4083/9/33
f 4085/10/35 4082/11/35 4084/12/35
f 4085/13/34 4084/14/34 4083/15/34
f 4085/16/36 4083/17/36 4082/18/36
f 4088/1/265 4086/2/265 4087/3/265
f 4087/4/37 4086/5/37 4089/6/37
f 4089/7/556 4086/8/556 4088/9/556
f 4090/10/41 4087/11/41 4089/12/41
f 4090/13/138 4089/14/138 4088/15/138
f 4090/16/205 4088/17/205 4087/18/205
f 4092/4/121 4091/5/121 4094/6/121
f 4093/1/26 4091/2/26 4092/3/26
f 4094/7/129 4091/8/129 4093/9/129
f 4095/13/30 4094/14/30 4093/15/30
f 4095/10/69 4092/11/69 4094/12/69
f 4095/16/180 4093/17/180 4092/18/180
f 4098/1/32 4096/2/32 4097/3/32
f 4097/4/263 4096/5/263 4099/6/263
f 4099/7/33 4096/8/33 4098/9/33
f 4100/10/35 4097/11/35 4099/12/35
f 4100/13/585 4099/14/585 4098/15/585
f 4100/16/36 4098/17/36 4097/18/36
f 4103/1/38 4101/2/38 4102/3/38
f 4102/4/37 4101/5/37 4104/6/37
f 4104/7/123 4101/8/123 4103/9/123
f 4105/10/133 4102/11/133 4104/12/133
f 4105/13/158 4104/14/158 4103/15/158
f 4105/16/42 4103/17/42 4102/18/42
f 4107/4/121 4106/5/121 4109/6/121
f 4108/1/77 4106/2/77 4107/3/77
f 4109/7/25 4106/8/25 4108/9/25
f 4110/13/156 4109/14/156 4108/15/156
f 4110/10/28 4107/11/28 4109/12/28
f 4110/16/29 4108/17/29 4107/18/29
f 4113/1/32 4111/2/32 4112/3/32
f 4112/4/184 4111/5/184 4114/6/184
f 4114/7/201 4111/8/201 4113/9/201
f 4115/10/35 4112/11/35 4114/12/35
f 4115/13/200 4114/14/200 4113/15/200
f 4115/16/43 4113/17/43 4112/18/43
f 4118/1/1 4116/2/1 4117/3/1
f 4117/4/2 4116/5/2 4119/6/2
f 4119/7/3 4116/8/3 4118/9/3
f 4120/10/4 4117/11/4 4119/12/4
f 4120/13/5 4119/14/5 4118/15/5
f 4120/16/6 4118/17/6 4117/18/6
f 4122/4/455 4121/5/586 4124/6/455
f 4123/1/100 4121/2/100 4122/3/100
f 4124/7/83 4121/8/83 4123/9/83
f 4125/13/10 4124/14/10 4123/15/10
f 4125/10/108 4122/11/108 4124/12/108
f 4125/16/348 4123/17/348 4122/18/348
f 4128/1/587 4126/2/587 4127/3/587
f 4127/4/14 4126/5/14 4129/6/14
f 4129/7/70 4126/8/70 4128/9/70
f 4130/10/16 4127/11/16 4129/12/16
f 4130/13/17 4129/14/17 4128/15/17
f 4130/16/350 4128/17/350 4127/18/350
f 4132/4/44 4131/5/44 4134/6/44
f 4133/1/45 4131/2/45 4132/3/45
f 4134/7/144 4131/8/144 4133/9/144
f 4135/13/378 4134/14/378 4133/15/378
f 4135/10/48 4132/11/48 4134/12/48
f 4135/16/49 4133/17/49 4132/18/49
f 4139/7/139 4136/8/139 4138/9/139
f 4138/1/125 4136/2/125 4140/3/125
f 4140/4/52 4136/5/52 4139/6/52
f 4137/10/53 4140/11/53 4139/12/53
f 4137/16/176 4138/17/176 4140/18/176
f 4137/13/80 4139/14/80 4138/15/80
f 4142/4/307 4141/5/307 4144/6/307
f 4143/1/57 4141/2/57 4142/3/57
f 4144/7/112 4141/8/112 4143/9/112
f 4145/13/59 4144/14/59 4143/15/59
f 4145/10/60 4142/11/60 4144/12/60
f 4145/16/588 4143/17/589 4142/18/589
f 4147/4/367 4146/5/367 4149/6/367
f 4148/1/590 4146/2/591 4147/3/592
f 4149/7/440 4146/8/440 4148/9/440
f 4150/13/65 4149/14/65 4148/15/65
f 4150/10/142 4147/11/142 4149/12/142
f 4150/16/175 4148/17/175 4147/18/175
f 4153/1/270 4151/2/270 4152/3/270
f 4152/4/2 4151/5/2 4154/6/2
f 4154/7/3 4151/8/3 4153/9/3
f 4155/10/4 4152/11/4 4154/12/4
f 4155/13/5 4154/14/5 4153/15/5
f 4155/16/593 4153/17/593 4152/18/593
f 4157/4/7 4156/5/7 4159/6/7
f 4158/1/8 4156/2/8 4157/3/8
f 4159/7/460 4156/8/460 4158/9/460
f 4160/13/10 4159/14/10 4158/15/10
f 4160/10/108 4157/11/108 4159/12/108
f 4160/16/413 4158/17/413 4157/18/413
f 4163/1/273 4161/2/273 4162/3/273
f 4162/4/14 4161/5/14 4164/6/14
f 4164/7/594 4161/8/594 4163/9/594
f 4165/10/16 4162/11/16 4164/12/16
f 4165/13/164 4164/14/164 4163/15/164
f 4165/16/188 4163/17/188 4162/18/188
f 4168/1/595 4166/2/595 4167/3/595
f 4167/4/2 4166/5/2 4169/6/2
f 4169/7/210 4166/8/210 4168/9/210
f 4170/10/4 4167/11/4 4169/12/4
f 4170/13/5 4169/14/5 4168/15/5
f 4170/16/82 4168/17/82 4167/18/82
f 4172/4/7 4171/5/7 4174/6/7
f 4173/1/8 4171/2/8 4172/3/8
f 4174/7/83 4171/8/83 4173/9/83
f 4175/13/10 4174/14/10 4173/15/10
f 4175/10/108 4172/11/108 4174/12/108
f 4175/16/12 4173/17/12 4172/18/12
f 4178/1/281 4176/2/281 4177/3/281
f 4177/4/14 4176/5/14 4179/6/14
f 4179/7/15 4176/8/15 4178/9/15
f 4180/10/16 4177/11/16 4179/12/16
f 4180/13/75 4179/14/75 4178/15/75
f 4180/16/169 4178/17/169 4177/18/169
f 4182/4/90 4181/5/90 4184/6/90
f 4183/1/170 4181/2/170 4182/3/170
f 4184/7/76 4181/8/76 4183/9/76
f 4185/13/174 4184/14/174 4183/15/174
f 4185/10/511 4182/11/511 4184/12/511
f 4185/16/596 4183/17/596 4182/18/596
f 4189/7/129 4186/8/129 4188/9/129
f 4188/1/26 4186/2/26 4190/3/26
f 4190/4/323 4186/5/323 4189/6/323
f 4187/10/294 4190/11/294 4189/12/294
f 4187/16/29 4188/17/29 4190/18/29
f 4187/13/156 4189/14/156 4188/15/156
f 4192/4/184 4191/5/184 4194/6/184
f 4193/1/32 4191/2/32 4192/3/32
f 4194/7/33 4191/8/33 4193/9/33
f 4195/13/472 4194/14/472 4193/15/472
f 4195/10/597 4192/11/242 4194/12/597
f 4195/16/43 4193/17/43 4192/18/43
f 4197/4/37 4196/5/37 4199/6/37
f 4198/1/38 4196/2/38 4197/3/38
f 4199/7/123 4196/8/123 4198/9/123
f 4200/13/158 4199/14/158 4198/15/158
f 4200/10/89 4197/11/89 4199/12/89
f 4200/16/518 4198/17/442 4197/18/518
f 4202/4/90 4201/5/90 4204/6/90
f 4203/1/213 4201/2/213 4202/3/213
f 4204/7/76 4201/8/76 4203/9/76
f 4205/13/174 4204/14/174 4203/15/174
f 4205/10/23 4202/11/23 4204/12/23
f 4205/16/24 4203/17/24 4202/18/24
f 4209/7/25 4206/8/25 4208/9/25
f 4208/1/77 4206/2/77 4210/3/77
f 4210/4/27 4206/5/27 4209/6/27
f 4207/10/294 4210/11/294 4209/12/294
f 4207/16/29 4208/17/29 4210/18/29
f 4207/13/156 4209/14/156 4208/15/156
f 4212/4/263 4211/5/263 4214/6/263
f 4213/1/32 4211/2/32 4212/3/32
f 4214/7/33 4211/8/33 4213/9/33
f 4215/13/96 4214/14/96 4213/15/96
f 4215/10/35 4212/11/35 4214/12/35
f 4215/16/36 4213/17/36 4212/18/36
f 4217/4/598 4216/5/598 4219/6/598
f 4218/1/470 4216/2/470 4217/3/470
f 4219/7/123 4216/8/123 4218/9/123
f 4220/13/40 4219/14/40 4218/15/40
f 4220/10/133 4217/11/133 4219/12/133
f 4220/16/292 4218/17/292 4217/18/292
f 4222/4/90 4221/5/90 4224/6/90
f 4223/1/213 4221/2/213 4222/3/213
f 4224/7/599 4221/8/599 4223/9/599
f 4225/13/22 4224/14/22 4223/15/22
f 4225/10/359 4222/11/359 4224/12/359
f 4225/16/24 4223/17/24 4222/18/24
f 4229/7/25 4226/8/25 4228/9/25
f 4228/1/77 4226/2/77 4230/3/77
f 4230/4/121 4226/5/121 4229/6/121
f 4227/10/427 4230/11/446 4229/12/494
f 4227/16/29 4228/17/29 4230/18/29
f 4227/13/156 4229/14/156 4228/15/156
f 4232/4/263 4231/5/263 4234/6/263
f 4233/1/32 4231/2/32 4232/3/32
f 4234/7/33 4231/8/33 4233/9/33
f 4235/13/34 4234/14/34 4233/15/34
f 4235/10/35 4232/11/35 4234/12/35
f 4235/16/36 4233/17/36 4232/18/36
f 4237/4/37 4236/5/37 4239/6/37
f 4238/1/400 4236/2/400 4237/3/400
f 4239/7/288 4236/8/288 4238/9/288
f 4240/13/243 4239/14/243 4238/15/243
f 4240/10/41 4237/11/41 4239/12/41
f 4240/16/442 4238/17/526 4237/18/442
f 4242/4/44 4241/5/44 4244/6/44
f 4243/1/257 4241/2/257 4242/3/257
f 4244/7/46 4241/8/46 4243/9/46
f 4245/13/203 4244/14/203 4243/15/203
f 4245/10/48 4242/11/48 4244/12/48
f 4245/16/49 4243/17/49 4242/18/49
f 4249/7/600 4246/8/600 4248/9/600
f 4248/1/215 4246/2/215 4250/3/215
f 4250/4/299 4246/5/299 4249/6/299
f 4247/10/53 4250/11/53 4249/12/53
f 4247/16/247 4248/17/247 4250/18/247
f 4247/13/80 4249/14/80 4248/15/80
f 4252/4/140 4251/5/140 4254/6/140
f 4253/1/57 4251/2/57 4252/3/57
f 4254/7/601 4251/8/601 4253/9/601
f 4255/13/59 4254/14/59 4253/15/59
f 4255/10/318 4252/11/318 4254/12/318
f 4255/16/602 4253/17/603 4252/18/602
f 4257/4/381 4256/5/381 4259/6/381
f 4258/1/590 4256/2/591 4257/3/592
f 4259/7/64 4256/8/64 4258/9/64
f 4260/13/382 4259/14/382 4258/15/382
f 4260/10/604 4257/11/604 4259/12/604
f 4260/16/475 4258/17/475 4257/18/475
f 4262/4/44 4261/5/44 4264/6/44
f 4263/1/435 4261/2/435 4262/3/435
f 4264/7/436 4261/8/436 4263/9/436
f 4265/13/47 4264/14/47 4263/15/47
f 4265/10/48 4262/11/48 4264/12/48
f 4265/16/49 4263/17/49 4262/18/49
f 4269/7/50 4266/8/50 4268/9/50
f 4268/1/125 4266/2/125 4270/3/125
f 4270/4/52 4266/5/52 4269/6/52
f 4267/10/504 4270/11/504 4269/12/504
f 4267/16/54 4268/17/54 4270/18/54
f 4267/13/80 4269/14/80 4268/15/80
f 4272/4/307 4271/5/307 4274/6/307
f 4273/1/57 4271/2/57 4272/3/57
f 4274/7/366 4271/8/366 4273/9/366
f 4275/13/59 4274/14/59 4273/15/59
f 4275/10/72 4272/11/72 4274/12/72
f 4275/16/104 4273/17/104 4272/18/104
f 4277/4/260 4276/5/260 4279/6/260
f 4278/1/300 4276/2/300 4277/3/300
f 4279/7/605 4276/8/605 4278/9/605
f 4280/13/65 4279/14/65 4278/15/65
f 4280/10/142 4277/11/142 4279/12/142
f 4280/16/68 4278/17/68 4277/18/68
f 4282/4/44 4281/5/44 4284/6/44
f 4283/1/45 4281/2/45 4282/3/45
f 4284/7/536 4281/8/537 4283/9/537
f 4285/13/203 4284/14/203 4283/15/203
f 4285/10/48 4282/11/48 4284/12/48
f 4285/16/145 4283/17/145 4282/18/145
f 4289/7/139 4286/8/139 4288/9/139
f 4288/1/215 4286/2/215 4290/3/215
f 4290/4/111 4286/5/111 4289/6/111
f 4287/10/504 4290/11/504 4289/12/504
f 4287/16/54 4288/17/54 4290/18/54
f 4287/13/80 4289/14/80 4288/15/80
f 4292/4/307 4291/5/307 4294/6/307
f 4293/1/57 4291/2/57 4292/3/57
f 4294/7/606 4291/8/607 4293/9/606
f 4295/13/59 4294/14/59 4293/15/59
f 4295/10/318 4292/11/318 4294/12/318
f 4295/16/204 4293/17/204 4292/18/204
f 4297/4/608 4296/5/608 4299/6/608
f 4298/1/105 4296/2/105 4297/3/105
f 4299/7/440 4296/8/440 4298/9/440
f 4300/13/81 4299/14/81 4298/15/81
f 4300/10/539 4297/11/539 4299/12/539
f 4300/16/609 4298/17/609 4297/18/610
f 4303/1/38 4301/2/38 4302/3/38
f 4302/4/37 4301/5/37 4304/6/37
f 4304/7/123 4301/8/123 4303/9/123
f 4305/10/41 4302/11/41 4304/12/41
f 4305/13/158 4304/14/158 4303/15/158
f 4305/16/42 4303/17/42 4302/18/42
f 4307/4/323 4306/5/323 4309/6/323
f 4308/1/119 4306/2/119 4307/3/119
f 4309/7/611 4306/8/611 4308/9/611
f 4310/13/156 4309/14/156 4308/15/156
f 4310/10/294 4307/11/294 4309/12/294
f 4310/16/29 4308/17/29 4307/18/29
f 4313/1/98 4311/2/98 4312/3/98
f 4312/4/184 4311/5/184 4314/6/184
f 4314/7/201 4311/8/201 4313/9/201
f 4315/10/35 4312/11/35 4314/12/35
f 4315/13/96 4314/14/96 4313/15/96
f 4315/16/36 4313/17/36 4312/18/36
f 4318/1/38 4316/2/38 4317/3/38
f 4317/4/37 4316/5/37 4319/6/37
f 4319/7/123 4316/8/123 4318/9/123
f 4320/10/133 4317/11/133 4319/12/133
f 4320/13/158 4319/14/158 4318/15/158
f 4320/16/521 4318/17/518 4317/18/521
f 4322/4/444 4321/5/612 4324/6/612
f 4323/1/236 4321/2/236 4322/3/236
f 4324/7/25 4321/8/25 4323/9/25
f 4325/13/156 4324/14/156 4323/15/156
f 4325/10/294 4322/11/294 4324/12/294
f 4325/16/180 4323/17/180 4322/18/180
f 4328/1/286 4326/2/286 4327/3/286
f 4327/4/263 4326/5/263 4329/6/263
f 4329/7/264 4326/8/264 4328/9/264
f 4330/10/35 4327/11/35 4329/12/35
f 4330/13/87 4329/14/87 4328/15/87
f 4330/16/43 4328/17/43 4327/18/43
f 4333/1/122 4331/2/122 4332/3/122
f 4332/4/37 4331/5/37 4334/6/37
f 4334/7/545 4331/8/401 4333/9/401
f 4335/10/41 4332/11/41 4334/12/41
f 4335/13/158 4334/14/158 4333/15/158
f 4335/16/42 4333/17/42 4332/18/42
f 4337/4/121 4336/5/121 4339/6/121
f 4338/1/119 4336/2/119 4337/3/119
f 4339/7/182 4336/8/182 4338/9/182
f 4340/13/30 4339/14/30 4338/15/30
f 4340/10/86 4337/11/86 4339/12/86
f 4340/16/29 4338/17/29 4337/18/29
f 4343/1/32 4341/2/32 4342/3/32
f 4342/4/184 4341/5/184 4344/6/184
f 4344/7/201 4341/8/201 4343/9/201
f 4345/10/159 4342/11/159 4344/12/159
f 4345/13/585 4344/14/585 4343/15/585
f 4345/16/36 4343/17/36 4342/18/36
f 4348/1/38 4346/2/38 4347/3/38
f 4347/4/172 4346/5/172 4349/6/172
f 4349/7/331 4346/8/331 4348/9/331
f 4350/10/41 4347/11/41 4349/12/41
f 4350/13/356 4349/14/356 4348/15/356
f 4350/16/471 4348/17/613 4347/18/613
f 4352/4/27 4351/5/27 4354/6/27
f 4353/1/26 4351/2/26 4352/3/26
f 4354/7/129 4351/8/129 4353/9/129
f 4355/13/30 4354/14/30 4353/15/30
f 4355/10/109 4352/11/109 4354/12/109
f 4355/16/29 4353/17/29 4352/18/29
f 4358/1/32 4356/2/32 4357/3/32
f 4357/4/614 4356/5/614 4359/6/614
f 4359/7/615 4356/8/616 4358/9/615
f 4360/10/391 4357/11/391 4359/12/391
f 4360/13/617 4359/14/617 4358/15/617
f 4360/16/43 4358/17/43 4357/18/43
f 4363/1/618 4361/2/619 4362/3/619
f 4362/4/280 4361/5/280 4364/6/280
f 4364/7/210 4361/8/210 4363/9/210
f 4365/10/4 4362/11/4 4364/12/4
f 4365/13/5 4364/14/5 4363/15/5
f 4365/16/224 4363/17/224 4362/18/224
f 4367/4/162 4366/5/162 4369/6/162
f 4368/1/100 4366/2/100 4367/3/100
f 4369/7/83 4366/8/83 4368/9/83
f 4370/13/10 4369/14/10 4368/15/10
f 4370/10/336 4367/11/336 4369/12/336
f 4370/16/413 4368/17/413 4367/18/413
f 4373/1/281 4371/2/281 4372/3/281
f 4372/4/14 4371/5/14 4374/6/14
f 4374/7/15 4371/8/15 4373/9/15
f 4375/10/16 4372/11/16 4374/12/16
f 4375/13/75 4374/14/75 4373/15/75
f 4375/16/169 4373/17/169 4372/18/169
f 4377/4/44 4376/5/44 4379/6/44
f 4378/1/45 4376/2/45 4377/3/45
f 4379/7/458 4376/8/458 4378/9/458
f 4380/13/378 4379/14/378 4378/15/378
f 4380/10/48 4377/11/48 4379/12/48
f 4380/16/49 4378/17/49 4377/18/49
f 4384/7/139 4381/8/139 4383/9/139
f 4383/1/215 4381/2/215 4385/3/215
f 4385/4/111 4381/5/111 4384/6/111
f 4382/10/53 4385/11/53 4384/12/53
f 4382/16/247 4383/17/247 4385/18/247
f 4382/13/80 4384/14/80 4383/15/80
f 4387/4/620 4386/5/620 4389/6/620
f 4388/1/57 4386/2/57 4387/3/57
f 4389/7/601 4386/8/601 4388/9/601
f 4390/13/126 4389/14/126 4388/15/126
f 4390/10/308 4387/11/308 4389/12/308
f 4390/16/61 4388/17/61 4387/18/61
f 4392/4/381 4391/5/381 4394/6/381
f 4393/1/621 4391/2/621 4392/3/621
f 4394/7/622 4391/8/622 4393/9/622
f 4395/13/81 4394/14/81 4393/15/81
f 4395/10/301 4392/11/301 4394/12/301
f 4395/16/194 4393/17/194 4392/18/194
f 4398/1/270 4396/2/270 4397/3/270
f 4397/4/209 4396/5/209 4399/6/209
f 4399/7/210 4396/8/210 4398/9/210
f 4400/10/555 4397/11/555 4399/12/555
f 4400/13/161 4399/14/161 4398/15/161
f 4400/16/82 4398/17/82 4397/18/82
f 4402/4/162 4401/5/162 4404/6/162
f 4403/1/100 4401/2/100 4402/3/100
f 4404/7/83 4401/8/83 4403/9/83
f 4405/13/10 4404/14/10 4403/15/10
f 4405/10/108 4402/11/108 4404/12/108
f 4405/16/85 4403/17/85 4402/18/85
f 4408/1/405 4406/2/405 4407/3/405
f 4407/4/14 4406/5/14 4409/6/14
f 4409/7/457 4406/8/457 4408/9/457
f 4410/10/462 4407/11/462 4409/12/462
f 4410/13/75 4409/14/75 4408/15/75
f 4410/16/188 4408/17/188 4407/18/188
f 4413/1/623 4411/2/623 4412/3/623
f 4412/4/2 4411/5/2 4414/6/2
f 4414/7/210 4411/8/210 4413/9/210
f 4415/10/555 4412/11/555 4414/12/555
f 4415/13/161 4414/14/161 4413/15/161
f 4415/16/593 4413/17/593 4412/18/593
f 4417/4/624 4416/5/624 4419/6/624
f 4418/1/100 4416/2/100 4417/3/100
f 4419/7/83 4416/8/83 4418/9/83
f 4420/13/625 4419/14/625 4418/15/625
f 4420/10/108 4417/11/108 4419/12/108
f 4420/16/85 4418/17/85 4417/18/85
f 4423/1/405 4421/2/405 4422/3/405
f 4422/4/14 4421/5/14 4424/6/14
f 4424/7/15 4421/8/15 4423/9/15
f 4425/10/462 4422/11/462 4424/12/462
f 4425/13/75 4424/14/75 4423/15/75
f 4425/16/71 4423/17/71 4422/18/71
f 4427/4/90 4426/5/90 4429/6/90
f 4428/1/170 4426/2/170 4427/3/170
f 4429/7/626 4426/8/626 4428/9/626
f 4430/13/174 4429/14/174 4428/15/174
f 4430/10/511 4427/11/511 4429/12/511
f 4430/16/24 4428/17/24 4427/18/24
f 4434/7/182 4431/8/182 4433/9/182
f 4433/1/119 4431/2/119 4435/3/119
f 4435/4/323 4431/5/323 4434/6/323
f 4432/10/465 4435/11/465 4434/12/465
f 4432/16/29 4433/17/29 4435/18/29
f 4432/13/30 4434/14/30 4433/15/30
f 4437/4/263 4436/5/263 4439/6/263
f 4438/1/32 4436/2/32 4437/3/32
f 4439/7/264 4436/8/264 4438/9/264
f 4440/13/485 4439/14/485 4438/15/485
f 4440/10/35 4437/11/35 4439/12/35
f 4440/16/43 4438/17/43 4437/18/43
f 4442/4/37 4441/5/37 4444/6/37
f 4443/1/38 4441/2/38 4442/3/38
f 4444/7/627 4441/8/491 4443/9/491
f 4445/13/40 4444/14/40 4443/15/40
f 4445/10/41 4442/11/41 4444/12/41
f 4445/16/354 4443/17/354 4442/18/332
f 4447/4/90 4446/5/90 4449/6/90
f 4448/1/628 4446/2/628 4447/3/629
f 4449/7/626 4446/8/626 4448/9/626
f 4450/13/22 4449/14/22 4448/15/22
f 4450/10/92 4447/11/92 4449/12/92
f 4450/16/233 4448/17/233 4447/18/233
f 4454/7/129 4451/8/129 4453/9/129
f 4453/1/236 4451/2/236 4455/3/236
f 4455/4/27 4451/5/27 4454/6/27
f 4452/10/469 4455/11/469 4454/12/469
f 4452/16/29 4453/17/29 4455/18/29
f 4452/13/30 4454/14/30 4453/15/30
f 4457/4/263 4456/5/263 4459/6/263
f 4458/1/286 4456/2/286 4457/3/286
f 4459/7/514 4456/8/514 4458/9/514
f 4460/13/34 4459/14/34 4458/15/34
f 4460/10/35 4457/11/35 4459/12/35
f 4460/16/36 4458/17/36 4457/18/36
f 4462/4/172 4461/5/172 4464/6/172
f 4463/1/38 4461/2/38 4462/3/38
f 4464/7/331 4461/8/331 4463/9/331
f 4465/13/630 4464/14/630 4463/15/630
f 4465/10/41 4462/11/41 4464/12/41
f 4465/16/205 4463/17/205 4462/18/205
f 4467/4/631 4466/5/631 4469/6/631
f 4468/1/632 4466/2/632 4467/3/632
f 4469/7/91 4466/8/91 4468/9/91
f 4470/13/22 4469/14/22 4468/15/22
f 4470/10/92 4467/11/92 4469/12/92
f 4470/16/596 4468/17/596 4467/18/596
f 4474/7/129 4471/8/129 4473/9/129
f 4473/1/633 4471/2/633 4475/3/634
f 4475/4/27 4471/5/27 4474/6/27
f 4472/10/469 4475/11/469 4474/12/469
f 4472/16/29 4473/17/29 4475/18/29
f 4472/13/30 4474/14/30 4473/15/30
f 4477/4/263 4476/5/263 4479/6/263
f 4478/1/98 4476/2/98 4477/3/98
f 4479/7/360 4476/8/361 4478/9/361
f 4480/13/635 4479/14/636 4478/15/637
f 4480/10/638 4477/11/639 4479/12/640
f 4480/16/36 4478/17/36 4477/18/36
f 4482/4/172 4481/5/172 4484/6/172
f 4483/1/38 4481/2/38 4482/3/38
f 4484/7/183 4481/8/183 4483/9/183
f 4485/13/202 4484/14/202 4483/15/202
f 4485/10/41 4482/11/41 4484/12/41
f 4485/16/205 4483/17/205 4482/18/205
f 4487/4/44 4486/5/44 4489/6/44
f 4488/1/244 4486/2/244 4487/3/641
f 4489/7/144 4486/8/144 4488/9/144
f 4490/13/642 4489/14/642 4488/15/642
f 4490/10/48 4487/11/48 4489/12/48
f 4490/16/113 4488/17/113 4487/18/113
f 4494/7/304 4491/8/304 4493/9/304
f 4493/1/215 4491/2/215 4495/3/215
f 4495/4/299 4491/5/299 4494/6/299
f 4492/10/53 4495/11/53 4494/12/53
f 4492/16/54 4493/17/54 4495/18/54
f 4492/13/80 4494/14/80 4493/15/80
f 4497/4/307 4496/5/307 4499/6/307
f 4498/1/177 4496/2/177 4497/3/177
f 4499/7/409 4496/8/409 4498/9/409
f 4500/13/59 4499/14/59 4498/15/59
f 4500/10/60 4497/11/60 4499/12/60
f 4500/16/643 4498/17/643 4497/18/643
f 4502/4/367 4501/5/367 4504/6/367
f 4503/1/644 4501/2/645 4502/3/646
f 4504/7/440 4501/8/440 4503/9/440
f 4505/13/81 4504/14/81 4503/15/81
f 4505/10/647 4502/11/647 4504/12/647
f 4505/16/175 4503/17/175 4502/18/175
f 4507/4/44 4506/5/44 4509/6/44
f 4508/1/149 4506/2/149 4507/3/149
f 4509/7/144 4506/8/144 4508/9/144
f 4510/13/258 4509/14/258 4508/15/258
f 4510/10/48 4507/11/48 4509/12/48
f 4510/16/113 4508/17/113 4507/18/113
f 4514/7/373 4511/8/373 4513/9/373
f 4513/1/125 4511/2/125 4515/3/125
f 4515/4/52 4511/5/52 4514/6/52
f 4512/10/648 4515/11/648 4514/12/648
f 4512/16/54 4513/17/54 4515/18/54
f 4512/13/55 4514/14/55 4513/15/55
f 4517/4/140 4516/5/140 4519/6/140
f 4518/1/274 4516/2/274 4517/3/274
f 4519/7/366 4516/8/366 4518/9/366
f 4520/13/126 4519/14/126 4518/15/126
f 4520/10/318 4517/11/318 4519/12/318
f 4520/16/204 4518/17/204 4517/18/204
f 4522/4/62 4521/5/62 4524/6/62
f 4523/1/94 4521/2/94 4522/3/94
f 4524/7/64 4521/8/64 4523/9/64
f 4525/13/65 4524/14/65 4523/15/65
f 4525/10/571 4522/11/571 4524/12/571
f 4525/16/649 4523/17/649 4522/18/650
f 4527/4/44 4526/5/44 4529/6/44
f 4528/1/257 4526/2/257 4527/3/257
f 4529/7/651 4526/8/652 4528/9/652
f 4530/13/203 4529/14/203 4528/15/203
f 4530/10/48 4527/11/48 4529/12/48
f 4530/16/49 4528/17/49 4527/18/49
f 4534/7/139 4531/8/139 4533/9/139
f 4533/1/653 4531/2/653 4535/3/653
f 4535/4/111 4531/5/111 4534/6/111
f 4532/10/504 4535/11/504 4534/12/504
f 4532/16/247 4533/17/247 4535/18/247
f 4532/13/654 4534/14/654 4533/15/573
f 4537/4/140 4536/5/140 4539/6/140
f 4538/1/177 4536/2/177 4537/3/177
f 4539/7/601 4536/8/601 4538/9/601
f 4540/13/126 4539/14/126 4538/15/126
f 4540/10/72 4537/11/72 4539/12/72
f 4540/16/146 4538/17/146 4537/18/146
f 4542/4/655 4541/5/656 4544/6/657
f 4543/1/253 4541/2/253 4542/3/253
f 4544/7/440 4541/8/440 4543/9/440
f 4545/13/81 4544/14/81 4543/15/81
f 4545/10/66 4542/11/66 4544/12/66
f 4545/16/475 4543/17/475 4542/18/475
f 4548/1/658 4546/2/658 4547/3/658
f 4547/4/172 4546/5/172 4549/6/172
f 4549/7/331 4546/8/331 4548/9/331
f 4550/10/41 4547/11/41 4549/12/41
f 4550/13/659 4549/14/660 4548/15/661
f 4550/16/205 4548/17/205 4547/18/205
f 4552/4/323 4551/5/323 4554/6/323
f 4553/1/119 4551/2/119 4552/3/119
f 4554/7/182 4551/8/182 4553/9/182
f 4555/13/95 4554/14/95 4553/15/95
f 4555/10/28 4552/11/28 4554/12/28
f 4555/16/29 4553/17/29 4552/18/29
f 4558/1/32 4556/2/32 4557/3/32
f 4557/4/184 4556/5/184 4559/6/184
f 4559/7/352 4556/8/352 4558/9/352
f 4560/10/35 4557/11/35 4559/12/35
f 4560/13/34 4559/14/34 4558/15/34
f 4560/16/43 4558/17/43 4557/18/43
f 4563/1/38 4561/2/38 4562/3/38
f 4562/4/172 4561/5/172 4564/6/172
f 4564/7/39 4561/8/39 4563/9/39
f 4565/10/41 4562/11/41 4564/12/41
f 4565/13/138 4564/14/138 4563/15/138
f 4565/16/205 4563/17/205 4562/18/205
f 4567/4/468 4566/5/468 4569/6/468
f 4568/1/77 4566/2/77 4567/3/77
f 4569/7/562 4566/8/562 4568/9/562
f 4570/13/30 4569/14/30 4568/15/30
f 4570/10/269 4567/11/269 4569/12/333
f 4570/16/29 4568/17/29 4567/18/29
f 4573/1/286 4571/2/286 4572/3/286
f 4572/4/263 4571/5/263 4574/6/263
f 4574/7/33 4571/8/33 4573/9/33
f 4575/10/35 4572/11/35 4574/12/35
f 4575/13/96 4574/14/96 4573/15/96
f 4575/16/36 4573/17/36 4572/18/36
f 4578/1/265 4576/2/265 4577/3/265
f 4577/4/37 4576/5/37 4579/6/37
f 4579/7/662 4576/8/663 4578/9/663
f 4580/10/41 4577/11/41 4579/12/41
f 4580/13/138 4579/14/138 4578/15/138
f 4580/16/205 4578/17/205 4577/18/205
f 4582/4/118 4581/5/118 4584/6/118
f 4583/1/119 4581/2/119 4582/3/119
f 4584/7/129 4581/8/129 4583/9/129
f 4585/13/95 4584/14/95 4583/15/95
f 4585/10/664 4582/11/664 4584/12/664
f 4585/16/29 4583/17/29 4582/18/29
f 4588/1/32 4586/2/32 4587/3/32
f 4587/4/184 4586/5/184 4589/6/184
f 4589/7/665 4586/8/666 4588/9/667
f 4590/10/159 4587/11/159 4589/12/159
f 4590/13/585 4589/14/585 4588/15/585
f 4590/16/36 4588/17/36 4587/18/36
f 4593/1/265 4591/2/265 4592/3/265
f 4592/4/37 4591/5/37 4594/6/37
f 4594/7/329 4591/8/329 4593/9/668
f 4595/10/41 4592/11/41 4594/12/41
f 4595/13/243 4594/14/243 4593/15/243
f 4595/16/669 4593/17/669 4592/18/669
f 4597/4/121 4596/5/121 4599/6/121
f 4598/1/670 4596/2/670 4597/3/670
f 4599/7/129 4596/8/129 4598/9/129
f 4600/13/156 4599/14/156 4598/15/156
f 4600/10/294 4597/11/294 4599/12/294
f 4600/16/29 4598/17/29 4597/18/29
f 4603/1/98 4601/2/98 4602/3/98
f 4602/4/184 4601/5/184 4604/6/184
f 4604/7/296 4601/8/429 4603/9/296
f 4605/10/35 4602/11/35 4604/12/35
f 4605/13/200 4604/14/200 4603/15/200
f 4605/16/36 4603/17/36 4602/18/36
f 4608/1/671 4606/2/672 4607/3/671
f 4607/4/2 4606/5/2 4609/6/2
f 4609/7/502 4606/8/502 4608/9/502
f 4610/10/4 4607/11/4 4609/12/4
f 4610/13/161 4609/14/161 4608/15/161
f 4610/16/673 4608/17/673 4607/18/674
f 4612/4/162 4611/5/162 4614/6/162
f 4613/1/100 4611/2/100 4612/3/100
f 4614/7/83 4611/8/83 4613/9/83
f 4615/13/101 4614/14/101 4613/15/101
f 4615/10/207 4612/11/207 4614/12/207
f 4615/16/85 4613/17/85 4612/18/85
f 4618/1/73 4616/2/73 4617/3/73
f 4617/4/14 4616/5/14 4619/6/14
f 4619/7/594 4616/8/594 4618/9/594
f 4620/10/16 4617/11/16 4619/12/16
f 4620/13/164 4619/14/164 4618/15/164
f 4620/16/350 4618/17/350 4617/18/350
f 4622/4/675 4621/5/675 4624/6/675
f 4623/1/257 4621/2/257 4622/3/257
f 4624/7/676 4621/8/676 4623/9/676
f 4625/13/258 4624/14/258 4623/15/258
f 4625/10/48 4622/11/48 4624/12/48
f 4625/16/145 4623/17/145 4622/18/145
f 4629/7/373 4626/8/373 4628/9/373
f 4628/1/125 4626/2/125 4630/3/125
f 4630/4/52 4626/5/52 4629/6/52
f 4627/10/53 4630/11/53 4629/12/53
f 4627/16/54 4628/17/54 4630/18/54
f 4627/13/80 4629/14/80 4628/15/80
f 4632/4/307 4631/5/307 4634/6/307
f 4633/1/177 4631/2/177 4632/3/177
f 4634/7/409 4631/8/409 4633/9/409
f 4635/13/126 4634/14/126 4633/15/126
f 4635/10/318 4632/11/318 4634/12/318
f 4635/16/251 4633/17/251 4632/18/251
f 4637/4/677 4636/5/677 4639/6/677
f 4638/1/320 4636/2/320 4637/3/320
f 4639/7/64 4636/8/64 4638/9/64
f 4640/13/81 4639/14/81 4638/15/81
f 4640/10/301 4637/11/301 4639/12/301
f 4640/16/175 4638/17/175 4637/18/175
f 4643/1/279 4641/2/279 4642/3/279
f 4642/4/280 4641/5/280 4644/6/280
f 4644/7/130 4641/8/130 4643/9/130
f 4645/10/4 4642/11/4 4644/12/4
f 4645/13/5 4644/14/5 4643/15/5
f 4645/16/82 4643/17/82 4642/18/82
f 4647/4/162 4646/5/162 4649/6/162
f 4648/1/8 4646/2/8 4647/3/8
f 4649/7/83 4646/8/83 4648/9/83
f 4650/13/678 4649/14/416 4648/15/678
f 4650/10/336 4647/11/336 4649/12/336
f 4650/16/12 4648/17/12 4647/18/12
f 4653/1/405 4651/2/405 4652/3/405
f 4652/4/14 4651/5/14 4654/6/14
f 4654/7/406 4651/8/406 4653/9/406
f 4655/10/16 4652/11/16 4654/12/16
f 4655/13/414 4654/14/414 4653/15/414
f 4655/16/188 4653/17/188 4652/18/188
f 4658/1/279 4656/2/279 4657/3/279
f 4657/4/280 4656/5/280 4659/6/280
f 4659/7/130 4656/8/130 4658/9/130
f 4660/10/223 4657/11/223 4659/12/223
f 4660/13/679 4659/14/679 4658/15/679
f 4660/16/593 4658/17/593 4657/18/593
f 4662/4/7 4661/5/7 4664/6/7
f 4663/1/8 4661/2/8 4662/3/8
f 4664/7/83 4661/8/83 4663/9/83
f 4665/13/680 4664/14/680 4663/15/680
f 4665/10/108 4662/11/108 4664/12/108
f 4665/16/509 4663/17/509 4662/18/509
f 4668/1/281 4666/2/281 4667/3/281
f 4667/4/14 4666/5/14 4669/6/14
f 4669/7/196 4666/8/196 4668/9/196
f 4670/10/16 4667/11/16 4669/12/16
f 4670/13/681 4669/14/681 4668/15/681
f 4670/16/208 4668/17/208 4667/18/208
f 4672/4/90 4671/5/90 4674/6/90
f 4673/1/170 4671/2/170 4672/3/170
f 4674/7/91 4671/8/91 4673/9/91
f 4675/13/174 4674/14/174 4673/15/174
f 4675/10/511 4672/11/511 4674/12/511
f 4675/16/24 4673/17/24 4672/18/24
f 4679/7/129 4676/8/129 4678/9/129
f 4678/1/119 4676/2/119 4680/3/119
f 4680/4/682 4676/5/682 4679/6/682
f 4677/10/294 4680/11/294 4679/12/294
f 4677/16/29 4678/17/29 4680/18/29
f 4677/13/156 4679/14/156 4678/15/156
f 4682/4/184 4681/5/184 4684/6/184
f 4683/1/286 4681/2/286 4682/3/286
f 4684/7/33 4681/8/33 4683/9/33
f 4685/13/34 4684/14/34 4683/15/34
f 4685/10/683 4682/11/684 4684/12/685
f 4685/16/36 4683/17/36 4682/18/36
f 4687/4/37 4686/5/37 4689/6/37
f 4688/1/686 4686/2/686 4687/3/686
f 4689/7/329 4686/8/329 4688/9/668
f 4690/13/158 4689/14/158 4688/15/158
f 4690/10/133 4687/11/133 4689/12/133
f 4690/16/292 4688/17/292 4687/18/292
f 4692/4/90 4691/5/90 4694/6/90
f 4693/1/170 4691/2/170 4692/3/170
f 4694/7/91 4691/8/91 4693/9/91
f 4695/13/174 4694/14/174 4693/15/174
f 4695/10/92 4692/11/92 4694/12/92
f 4695/16/24 4693/17/24 4692/18/24
f 4699/7/129 4696/8/129 4698/9/129
f 4698/1/77 4696/2/77 4700/3/77
f 4700/4/468 4696/5/468 4699/6/468
f 4697/10/28 4700/11/28 4699/12/28
f 4697/16/180 4698/17/180 4700/18/180
f 4697/13/30 4699/14/30 4698/15/30
f 4702/4/523 4701/5/523 4704/6/687
f 4703/1/286 4701/2/286 4702/3/286
f 4704/7/264 4701/8/264 4703/9/264
f 4705/13/87 4704/14/87 4703/15/87
f 4705/10/391 4702/11/391 4704/12/391
f 4705/16/36 4703/17/36 4702/18/36
f 4707/4/37 4706/5/37 4709/6/37
f 4708/1/688 4706/2/688 4707/3/689
f 4709/7/329 4706/8/329 4708/9/668
f 4710/13/40 4709/14/40 4708/15/40
f 4710/10/133 4707/11/133 4709/12/133
f 4710/16/690 4708/17/526 4707/18/442
f 4712/4/90 4711/5/90 4714/6/90
f 4713/1/170 4711/2/170 4712/3/170
f 4714/7/91 4711/8/91 4713/9/91
f 4715/13/557 4714/14/557 4713/15/557
f 4715/10/359 4712/11/359 4714/12/359
f 4715/16/233 4713/17/233 4712/18/233
f 4719/7/691 4716/8/691 4718/9/691
f 4718/1/77 4716/2/77 4720/3/77
f 4720/4/121 4716/5/121 4719/6/121
f 4717/10/28 4720/11/28 4719/12/28
f 4717/16/29 4718/17/29 4720/18/29
f 4717/13/156 4719/14/156 4718/15/156
f 4722/4/184 4721/5/184 4724/6/184
f 4723/1/98 4721/2/98 4722/3/98
f 4724/7/33 4721/8/33 4723/9/33
f 4725/13/692 4724/14/692 4723/15/692
f 4725/10/35 4722/11/35 4724/12/35
f 4725/16/43 4723/17/43 4722/18/43
f 4727/4/37 4726/5/37 4729/6/37
f 4728/1/38 4726/2/38 4727/3/38
f 4729/7/693 4726/8/693 4728/9/694
f 4730/13/543 4729/14/543 4728/15/543
f 4730/10/41 4727/11/41 4729/12/41
f 4730/16/42 4728/17/42 4727/18/42
f 4732/4/44 4731/5/44 4734/6/44
f 4733/1/695 4731/2/696 4732/3/697
f 4734/7/144 4731/8/144 4733/9/144
f 4735/13/203 4734/14/203 4733/15/203
f 4735/10/48 4732/11/48 4734/12/48
f 4735/16/49 4733/17/49 4732/18/49
f 4739/7/600 4736/8/600 4738/9/600
f 4738/1/215 4736/2/215 4740/3/215
f 4740/4/527 4736/5/527 4739/6/527
f 4737/10/53 4740/11/53 4739/12/53
f 4737/16/247 4738/17/247 4740/18/247
f 4737/13/80 4739/14/80 4738/15/80
f 4742/4/307 4741/5/307 4744/6/307
f 4743/1/177 4741/2/177 4742/3/177
f 4744/7/151 4741/8/151 4743/9/151
f 4745/13/126 4744/14/126 4743/15/126
f 4745/10/60 4742/11/60 4744/12/60
f 4745/16/251 4743/17/251 4742/18/251
f 4747/4/657 4746/5/698 4749/6/699
f 4748/1/105 4746/2/105 4747/3/105
f 4749/7/64 4746/8/64 4748/9/64
f 4750/13/81 4749/14/81 4748/15/81
f 4750/10/377 4747/11/700 4749/12/377
f 4750/16/194 4748/17/194 4747/18/194
f 4752/4/44 4751/5/44 4754/6/44
f 4753/1/257 4751/2/257 4752/3/257
f 4754/7/436 4751/8/436 4753/9/436
f 4755/13/701 4754/14/702 4753/15/703
f 4755/10/48 4752/11/48 4754/12/48
f 4755/16/49 4753/17/49 4752/18/49
f 4759/7/50 4756/8/50 4758/9/50
f 4758/1/125 4756/2/125 4760/3/125
f 4760/4/52 4756/5/52 4759/6/52
f 4757/10/504 4760/11/504 4759/12/504
f 4757/16/54 4758/17/54 4760/18/54
f 4757/13/55 4759/14/55 4758/15/55
f 4762/4/307 4761/5/307 4764/6/307
f 4763/1/57 4761/2/57 4762/3/57
f 4764/7/366 4761/8/366 4763/9/366
f 4765/13/59 4764/14/59 4763/15/59
f 4765/10/72 4762/11/72 4764/12/72
f 4765/16/309 4763/17/309 4762/18/309
f 4767/4/704 4766/5/657 4769/6/704
f 4768/1/253 4766/2/253 4767/3/253
f 4769/7/64 4766/8/64 4768/9/64
f 4770/13/65 4769/14/65 4768/15/65
f 4770/10/571 4767/11/571 4769/12/571
f 4770/16/277 4768/17/277 4767/18/277
f 4772/4/44 4771/5/44 4774/6/44
f 4773/1/45 4771/2/45 4772/3/45
f 4774/7/46 4771/8/46 4773/9/46
f 4775/13/642 4774/14/642 4773/15/642
f 4775/10/48 4772/11/48 4774/12/48
f 4775/16/49 4773/17/49 4772/18/49
f 4779/7/139 4776/8/139 4778/9/139
f 4778/1/125 4776/2/125 4780/3/125
f 4780/4/52 4776/5/52 4779/6/52
f 4777/10/305 4780/11/305 4779/12/306
f 4777/16/705 4778/17/705 4780/18/705
f 4777/13/80 4779/14/80 4778/15/80
f 4782/4/307 4781/5/307 4784/6/307
f 4783/1/57 4781/2/57 4782/3/57
f 4784/7/112 4781/8/112 4783/9/112
f 4785/13/59 4784/14/59 4783/15/59
f 4785/10/318 4782/11/318 4784/12/318
f 4785/16/141 4783/17/141 4782/18/141
f 4787/4/677 4786/5/677 4789/6/677
f 4788/1/94 4786/2/94 4787/3/94
f 4789/7/440 4786/8/440 4788/9/440
f 4790/13/321 4789/14/321 4788/15/321
f 4790/10/706 4787/11/706 4789/12/706
f 4790/16/707 4788/17/707 4787/18/707
f 4793/1/38 4791/2/38 4792/3/38
f 4792/4/172 4791/5/172 4794/6/172
f 4794/7/331 4791/8/331 4793/9/331
f 4795/10/41 4792/11/41 4794/12/41
f 4795/13/243 4794/14/243 4793/15/243
f 4795/16/292 4793/17/292 4792/18/292
f 4797/4/708 4796/5/709 4799/6/710
f 4798/1/119 4796/2/119 4797/3/119
f 4799/7/611 4796/8/611 4798/9/611
f 4800/13/156 4799/14/156 4798/15/156
f 4800/10/294 4797/11/294 4799/12/294
f 4800/16/180 4798/17/180 4797/18/180
f 4803/1/32 4801/2/32 4802/3/32
f 4802/4/263 4801/5/263 4804/6/263
f 4804/7/33 4801/8/33 4803/9/33
f 4805/10/391 4802/11/391 4804/12/391
f 4805/13/87 4804/14/87 4803/15/87
f 4805/16/36 4803/17/36 4802/18/36
f 4808/1/38 4806/2/38 4807/3/38
f 4807/4/37 4806/5/37 4809/6/37
f 4809/7/39 4806/8/39 4808/9/39
f 4810/10/133 4807/11/133 4809/12/133
f 4810/13/243 4809/14/243 4808/15/243
f 4810/16/442 4808/17/690 4807/18/442
f 4812/4/27 4811/5/27 4814/6/27
f 4813/1/77 4811/2/77 4812/3/77
f 4814/7/129 4811/8/129 4813/9/129
f 4815/13/95 4814/14/95 4813/15/95
f 4815/10/28 4812/11/28 4814/12/28
f 4815/16/180 4813/17/180 4812/18/180
f 4818/1/32 4816/2/32 4817/3/32
f 4817/4/263 4816/5/263 4819/6/263
f 4819/7/33 4816/8/33 4818/9/33
f 4820/10/240 4817/11/241 4819/12/240
f 4820/13/472 4819/14/472 4818/15/472
f 4820/16/36 4818/17/36 4817/18/36
f 4823/1/122 4821/2/122 4822/3/122
f 4822/4/172 4821/5/172 4824/6/172
f 4824/7/329 4821/8/329 4823/9/668
f 4825/10/41 4822/11/41 4824/12/41
f 4825/13/40 4824/14/40 4823/15/40
f 4825/16/128 4823/17/128 4822/18/128
f 4827/4/121 4826/5/121 4829/6/121
f 4828/1/119 4826/2/119 4827/3/119
f 4829/7/182 4826/8/182 4828/9/182
f 4830/13/30 4829/14/30 4828/15/30
f 4830/10/86 4827/11/86 4829/12/86
f 4830/16/29 4828/17/29 4827/18/29
f 4833/1/32 4831/2/32 4832/3/32
f 4832/4/184 4831/5/184 4834/6/184
f 4834/7/711 4831/8/711 4833/9/711
f 4835/10/712 4832/11/712 4834/12/712
f 4835/13/34 4834/14/34 4833/15/34
f 4835/16/43 4833/17/43 4832/18/43
f 4838/1/38 4836/2/38 4837/3/38
f 4837/4/37 4836/5/37 4839/6/37
f 4839/7/288 4836/8/288 4838/9/288
f 4840/10/41 4837/11/41 4839/12/41
f 4840/13/40 4839/14/40 4838/15/40
f 4840/16/262 4838/17/262 4837/18/262
f 4842/4/27 4841/5/27 4844/6/27
f 4843/1/77 4841/2/77 4842/3/77
f 4844/7/129 4841/8/129 4843/9/129
f 4845/13/30 4844/14/30 4843/15/30
f 4845/10/28 4842/11/28 4844/12/28
f 4845/16/180 4843/17/180 4842/18/180
f 4848/1/32 4846/2/32 4847/3/32
f 4847/4/713 4846/5/714 4849/6/715
f 4849/7/514 4846/8/514 4848/9/514
f 4850/10/391 4847/11/391 4849/12/391
f 4850/13/171 4849/14/171 4848/15/171
f 4850/16/496 4848/17/497 4847/18/498
f 4853/1/548 4851/2/548 4852/3/548
f 4852/4/280 4851/5/280 4854/6/280
f 4854/7/130 4851/8/130 4853/9/130
f 4855/10/4 4852/11/4 4854/12/4
f 4855/13/5 4854/14/5 4853/15/5
f 4855/16/224 4853/17/224 4852/18/224
f 4857/4/225 4856/5/225 4859/6/225
f 4858/1/8 4856/2/8 4857/3/8
f 4859/7/83 4856/8/83 4858/9/83
f 4860/13/10 4859/14/10 4858/15/10
f 4860/10/716 4857/11/716 4859/12/716
f 4860/16/413 4858/17/413 4857/18/413
f 4863/1/73 4861/2/73 4862/3/73
f 4862/4/14 4861/5/14 4864/6/14
f 4864/7/15 4861/8/15 4863/9/15
f 4865/10/16 4862/11/16 4864/12/16
f 4865/13/717 4864/14/717 4863/15/717
f 4865/16/718 4863/17/718 4862/18/718
f 4867/4/44 4866/5/44 4869/6/44
f 4868/1/257 4866/2/257 4867/3/257
f 4869/7/46 4866/8/46 4868/9/46
f 4870/13/203 4869/14/203 4868/15/203
f 4870/10/48 4867/11/48 4869/12/48
f 4870/16/49 4868/17/49 4867/18/49
f 4874/7/373 4871/8/373 4873/9/373
f 4873/1/653 4871/2/653 4875/3/653
f 4875/4/111 4871/5/111 4874/6/111
f 4872/10/53 4875/11/53 4874/12/53
f 4872/16/247 4873/17/247 4875/18/247
f 4872/13/80 4874/14/80 4873/15/80
f 4877/4/620 4876/5/620 4879/6/620
f 4878/1/57 4876/2/57 4877/3/57
f 4879/7/341 4876/8/341 4878/9/341
f 4880/13/59 4879/14/59 4878/15/59
f 4880/10/308 4877/11/308 4879/12/308
f 4880/16/309 4878/17/309 4877/18/309
f 4882/4/381 4881/5/381 4884/6/381
f 4883/1/300 4881/2/300 4882/3/300
f 4884/7/64 4881/8/64 4883/9/64
f 4885/13/81 4884/14/81 4883/15/81
f 4885/10/301 4882/11/301 4884/12/301
f 4885/16/194 4883/17/194 4882/18/194
f 4888/1/279 4886/2/279 4887/3/279
f 4887/4/2 4886/5/2 4889/6/2
f 4889/7/210 4886/8/210 4888/9/210
f 4890/10/4 4887/11/4 4889/12/4
f 4890/13/5 4889/14/5 4888/15/5
f 4890/16/6 4888/17/6 4887/18/6
f 4892/4/162 4891/5/162 4894/6/162
f 4893/1/100 4891/2/100 4892/3/100
f 4894/7/460 4891/8/460 4893/9/460
f 4895/13/719 4894/14/719 4893/15/719
f 4895/10/108 4892/11/108 4894/12/108
f 4895/16/720 4893/17/721 4892/18/722
f 4898/1/273 4896/2/273 4897/3/273
f 4897/4/14 4896/5/14 4899/6/14
f 4899/7/457 4896/8/457 4898/9/457
f 4900/10/462 4897/11/462 4899/12/462
f 4900/13/75 4899/14/75 4898/15/75
f 4900/16/188 4898/17/188 4897/18/188
