{
    "test2": {
        "acceleration": [
            0.0,
            0.0,
            0.0
        ],
        "emitCount": 3,
        "emitteLifeTime": 74.76456451416016,
        "firstVelocity": [
            -0.19585949182510376,
            0.8708590269088745,
            0.024166464805603027
        ],
        "frequency": 1.0,
        "lifeTime": 4.351164817810059,
        "position": [
            -1.5299999713897705,
            0.0,
            0.0
        ],
        "rotate": [
            0.0,
            0.0,
            0.0
        ],
        "scale": [
            1.0,
            1.0,
            1.0
        ],
        "size": [
            2.240000009536743,
            0.8199999928474426,
            1.2799999713897705
        ]
    }
}
