{
    "fish": {
        "FISH_0": {
            "objType": 1,
            "position": [
                0.0,
                0.0,
                0.0
            ],
            "radius": 1.2999999523162842,
            "rotate": [
                0.0,
                -0.7071068286895752,
                -14.0,
                0.7071068286895752
            ],
            "scale": [
                2.0,
                2.0,
                2.0
            ],
            "subType": 1
        },
        "FISH_1": {
            "objType": 1,
            "position": [
                44.099998474121094,
                -5.099999904632568,
                0.0
            ],
            "radius": 1.2999999523162842,
            "rotate": [
                0.0,
                -0.7071068286895752,
                0.0,
                0.7071068286895752
            ],
            "scale": [
                2.0,
                2.0,
                2.0
            ],
            "subType": 1
        },
        "level": 1
    }
}
