# Blender 4.5.0
# www.blender.org
mtllib WorldWall.mtl
o 立方体
v 0.000000 -87.287048 -17.971352
v 0.000000 28.962242 -1.404735
v 0.000008 28.135262 198.651382
v -11.338364 27.804100 10.619423
v -99.999992 28.963234 198.645691
v -26.617386 28.020756 9.329084
v -73.360748 28.407970 10.303653
v -16.946152 27.769802 0.656989
v -42.628731 27.252682 7.672198
v -21.889297 29.099773 3.929076
v -41.277802 28.818615 -0.037435
v -100.000000 -60.055939 -16.251780
v -100.000572 28.990585 10.802706
v -58.999844 27.200802 6.046189
v -73.905067 30.057537 4.158727
v -63.089409 28.457176 0.738420
v -87.058685 26.946243 1.263799
v -100.000000 28.866009 -1.672546
v -26.013443 -87.326019 -18.106592
v -14.843010 -77.358910 -19.089714
v 0.000000 -51.895828 -15.712278
v -5.228821 -31.277081 -14.193195
v -15.713341 -63.035503 -14.009202
v -7.507629 -67.209656 -17.111305
v -17.739220 -46.045883 -11.864966
v -38.732288 -44.453911 -17.074081
v -47.977551 -32.311131 -17.038092
v -15.926918 -45.751186 -13.655066
v -24.591187 -56.483810 -16.511211
v -27.084358 -45.940109 -15.212724
v -32.006866 -43.974129 -12.247616
v -32.743866 -52.276733 -15.767196
v -44.116379 -55.983650 -14.847576
v -23.511276 -68.080475 -16.477329
v -36.783661 -75.037956 -17.540518
v -38.479061 -59.407070 -14.637211
v -49.008980 -61.862331 -16.561405
v 0.000000 10.252583 -5.935038
v -21.321724 17.915867 -4.316706
v 0.000000 -7.397114 -10.083719
v -0.579834 22.927319 -2.977069
v -42.742649 15.384846 -4.784257
v -12.712624 6.924103 -6.854593
v -57.364819 8.704273 -5.987758
v -39.166222 8.142849 -6.713667
v -47.928013 -10.273783 -6.590152
v -18.409088 -14.112993 -9.619733
v -43.202045 -8.012352 -9.420603
v -21.832932 20.667465 -1.434158
v -37.103683 19.492149 -1.315663
v -53.062309 28.156811 -1.584163
v -54.369602 20.240143 -2.892142
v -6.644409 -20.355255 -13.242593
v 0.000000 -23.125444 -13.718821
v -30.592484 -10.939034 -10.891749
v -44.192169 -20.627403 -13.361166
v -12.215530 -21.218960 -11.652157
v -16.444992 -26.969456 -9.507639
v -34.360199 -20.960361 -11.872181
v -31.147385 -25.903488 -10.391082
v -100.000000 -87.325890 -18.196003
v -71.686890 -87.251862 -18.423824
v -79.341644 -81.979187 -19.431816
v -69.362221 -43.328682 -10.929743
v -87.158966 -37.738571 -13.833912
v -59.220726 -37.883533 -13.516624
v -59.898277 -55.077721 -12.634298
v -78.054100 -42.064808 -14.115059
v -69.033798 -74.074112 -18.213964
v -69.784470 -55.153194 -14.832724
v -72.773224 -65.589676 -15.393242
v -83.456367 -61.762474 -14.355155
v -89.983658 -73.047821 -17.481161
v -100.000000 -38.775085 -14.833447
v -96.743073 -49.943817 -15.238693
v -71.048569 9.350292 -5.986285
v -63.814705 -2.575037 -5.170117
v -75.035561 4.401585 -7.155055
v -91.342072 0.896971 -8.526192
v -71.370216 -4.394419 -7.196000
v -61.088943 -3.385712 -9.258351
v -87.113678 21.244312 -1.487291
v -73.198257 16.767818 -2.153856
v -100.000000 10.360767 -5.975691
v -100.000000 -9.575180 -10.513778
v -65.973877 -8.844927 -8.281728
v -72.724945 -25.030991 -11.299989
v -79.238617 -10.969254 -10.813873
v -88.442581 -13.719043 -10.273733
v -55.289562 -24.185625 -15.458288
v -63.239941 -19.573620 -13.071449
v -100.000000 -21.383537 -13.704885
v -200.000000 -87.287048 -17.971344
v -200.000000 28.962242 -1.404726
v -200.000000 28.135262 198.651382
v -188.661636 27.804100 10.619431
v -173.382614 28.020756 9.329090
v -126.639252 28.407970 10.303656
v -183.053848 27.769802 0.656996
v -157.371277 27.252682 7.672203
v -178.110703 29.099773 3.929083
v -158.722198 28.818615 -0.037430
v -99.999428 28.990585 10.802706
v -141.000153 27.200802 6.046192
v -126.094933 30.057537 4.158728
v -136.910583 28.457176 0.738423
v -112.941315 26.946243 1.263800
v -173.986557 -87.326019 -18.106585
v -185.156982 -77.358910 -19.089706
v -200.000000 -51.895828 -15.712269
v -194.771179 -31.277081 -14.193188
v -184.286652 -63.035503 -14.009194
v -192.492371 -67.209656 -17.111298
v -182.260773 -46.045883 -11.864959
v -161.267715 -44.453911 -17.074078
v -152.022446 -32.311131 -17.038088
v -184.073090 -45.751186 -13.655059
v -175.408813 -56.483810 -16.511204
v -172.915649 -45.940109 -15.212718
v -167.993134 -43.974129 -12.247610
v -167.256134 -52.276733 -15.767190
v -155.883621 -55.983650 -14.847570
v -176.488724 -68.080475 -16.477322
v -163.216339 -75.037956 -17.540514
v -161.520935 -59.407070 -14.637205
v -150.991028 -61.862331 -16.561401
v -200.000000 10.252583 -5.935029
v -178.678284 17.915867 -4.316700
v -200.000000 -7.397114 -10.083710
v -199.420166 22.927319 -2.977060
v -157.257355 15.384846 -4.784252
v -187.287384 6.924103 -6.854586
v -142.635178 8.704273 -5.987754
v -160.833771 8.142849 -6.713661
v -152.071991 -10.273783 -6.590147
v -181.590912 -14.112993 -9.619725
v -156.797958 -8.012352 -9.420597
v -178.167068 20.667465 -1.434151
v -162.896317 19.492149 -1.315658
v -146.937683 28.156811 -1.584159
v -145.630402 20.240143 -2.892138
v -193.355591 -20.355255 -13.242585
v -200.000000 -23.125444 -13.718811
v -169.407516 -10.939034 -10.891744
v -155.807831 -20.627403 -13.361160
v -187.784470 -21.218960 -11.652149
v -183.555008 -26.969456 -9.507631
v -165.639801 -20.960361 -11.872175
v -168.852615 -25.903488 -10.391076
v -128.313110 -87.251862 -18.423820
v -120.658356 -81.979187 -19.431816
v -130.637787 -43.328682 -10.929741
v -112.841034 -37.738571 -13.833910
v -140.779266 -37.883533 -13.516621
v -140.101715 -55.077721 -12.634295
v -121.945900 -42.064808 -14.115057
v -130.966202 -74.074112 -18.213961
v -130.215530 -55.153194 -14.832723
v -127.226776 -65.589676 -15.393240
v -116.543633 -61.762474 -14.355153
v -110.016342 -73.047821 -17.481161
v -103.256927 -49.943817 -15.238693
v -128.951431 9.350292 -5.986282
v -136.185303 -2.575037 -5.170114
v -124.964439 4.401585 -7.155052
v -108.657928 0.896971 -8.526192
v -128.629791 -4.394419 -7.195997
v -138.911057 -3.385712 -9.258348
v -112.886322 21.244312 -1.487290
v -126.801743 16.767818 -2.153852
v -134.026123 -8.844927 -8.281724
v -127.275055 -25.030991 -11.299987
v -120.761383 -10.969254 -10.813871
v -111.557419 -13.719043 -10.273731
v -144.710434 -24.185625 -15.458284
v -136.760056 -19.573620 -13.071446
v -200.000000 -87.287048 -17.971344
v -200.000000 28.962242 -1.404726
v -200.000000 28.135262 198.651382
v -211.338364 27.804100 10.619431
v -300.000000 28.963234 198.645706
v -226.617386 28.020756 9.329093
v -273.360748 28.407970 10.303662
v -216.946152 27.769802 0.656997
v -242.628723 27.252682 7.672207
v -221.889297 29.099773 3.929085
v -241.277802 28.818615 -0.037426
v -300.000000 -60.055939 -16.251770
v -300.000580 28.990585 10.802715
v -258.999847 27.200802 6.046198
v -273.905060 30.057537 4.158735
v -263.089417 28.457176 0.738429
v -287.058685 26.946243 1.263808
v -300.000000 28.866009 -1.672538
v -226.013443 -87.326019 -18.106583
v -214.843018 -77.358910 -19.089705
v -200.000000 -51.895828 -15.712269
v -205.228821 -31.277081 -14.193187
v -215.713348 -63.035503 -14.009193
v -207.507629 -67.209656 -17.111298
v -217.739227 -46.045883 -11.864958
v -238.732285 -44.453911 -17.074074
v -247.977554 -32.311131 -17.038084
v -215.926910 -45.751186 -13.655058
v -224.591187 -56.483810 -16.511202
v -227.084351 -45.940109 -15.212715
v -232.006866 -43.974129 -12.247607
v -232.743866 -52.276733 -15.767187
v -244.116379 -55.983650 -14.847568
v -223.511276 -68.080475 -16.477320
v -236.783661 -75.037956 -17.540510
v -238.479065 -59.407070 -14.637202
v -249.008972 -61.862331 -16.561398
v -200.000000 10.252583 -5.935029
v -221.321716 17.915867 -4.316699
v -200.000000 -7.397114 -10.083710
v -200.579834 22.927319 -2.977060
v -242.742645 15.384846 -4.784248
v -212.712616 6.924103 -6.854585
v -257.364807 8.704273 -5.987749
v -239.166229 8.142849 -6.713658
v -247.928009 -10.273783 -6.590143
v -218.409088 -14.112993 -9.619724
v -243.202042 -8.012352 -9.420593
v -221.832932 20.667465 -1.434149
v -237.103683 19.492149 -1.315655
v -253.062317 28.156811 -1.584154
v -254.369598 20.240143 -2.892133
v -206.644409 -20.355255 -13.242584
v -200.000000 -23.125444 -13.718811
v -230.592484 -10.939034 -10.891741
v -244.192169 -20.627403 -13.361157
v -212.215530 -21.218960 -11.652148
v -216.444992 -26.969456 -9.507630
v -234.360199 -20.960361 -11.872172
v -231.147385 -25.903488 -10.391073
v -300.000000 -87.325890 -18.195993
v -271.686890 -87.251862 -18.423815
v -279.341644 -81.979187 -19.431808
v -269.362213 -43.328682 -10.929734
v -287.158966 -37.738571 -13.833902
v -259.220734 -37.883533 -13.516616
v -259.898285 -55.077721 -12.634290
v -278.054108 -42.064808 -14.115050
v -269.033813 -74.074112 -18.213955
v -269.784485 -55.153194 -14.832716
v -272.773224 -65.589676 -15.393233
v -283.456360 -61.762474 -14.355146
v -289.983643 -73.047821 -17.481153
v -300.000000 -38.775085 -14.833439
v -296.743073 -49.943817 -15.238685
v -271.048584 9.350292 -5.986276
v -263.814697 -2.575037 -5.170108
v -275.035553 4.401585 -7.155046
v -291.342072 0.896971 -8.526183
v -271.370209 -4.394419 -7.195991
v -261.088928 -3.385712 -9.258343
v -287.113678 21.244312 -1.487282
v -273.198242 16.767818 -2.153847
v -300.000000 10.360767 -5.975683
v -300.000000 -9.575180 -10.513769
v -265.973877 -8.844927 -8.281718
v -272.724945 -25.030991 -11.299980
v -279.238617 -10.969254 -10.813865
v -288.442566 -13.719043 -10.273724
v -255.289566 -24.185625 -15.458280
v -263.239929 -19.573620 -13.071441
v -300.000000 -21.383537 -13.704878
v -400.000000 -87.287048 -17.971334
v -400.000000 28.962242 -1.404717
v -400.000000 28.135262 198.651398
v -388.661621 27.804100 10.619439
v -373.382629 28.020756 9.329100
v -326.639252 28.407970 10.303664
v -383.053833 27.769802 0.657005
v -357.371277 27.252682 7.672212
v -378.110718 29.099773 3.929092
v -358.722198 28.818615 -0.037421
v -299.999420 28.990585 10.802715
v -341.000153 27.200802 6.046201
v -326.094940 30.057537 4.158737
v -336.910583 28.457176 0.738432
v -312.941315 26.946243 1.263809
v -373.986572 -87.326019 -18.106577
v -385.156982 -77.358910 -19.089697
v -400.000000 -51.895828 -15.712260
v -394.771179 -31.277081 -14.193178
v -384.286652 -63.035503 -14.009186
v -392.492371 -67.209656 -17.111288
v -382.260773 -46.045883 -11.864950
v -361.267700 -44.453911 -17.074068
v -352.022461 -32.311131 -17.038078
v -384.073090 -45.751186 -13.655050
v -375.408813 -56.483810 -16.511196
v -372.915649 -45.940109 -15.212708
v -367.993134 -43.974129 -12.247602
v -367.256134 -52.276733 -15.767181
v -355.883606 -55.983650 -14.847562
v -376.488708 -68.080475 -16.477314
v -363.216339 -75.037956 -17.540504
v -361.520935 -59.407070 -14.637197
v -350.991028 -61.862331 -16.561392
v -400.000000 10.252583 -5.935020
v -378.678284 17.915867 -4.316691
v -400.000000 -7.397114 -10.083701
v -399.420166 22.927319 -2.977051
v -357.257355 15.384846 -4.784243
v -387.287384 6.924103 -6.854577
v -342.635193 8.704273 -5.987745
v -360.833771 8.142849 -6.713653
v -352.071991 -10.273783 -6.590138
v -381.590912 -14.112993 -9.619717
v -356.797943 -8.012352 -9.420588
v -378.167053 20.667465 -1.434142
v -362.896301 19.492149 -1.315649
v -346.937683 28.156811 -1.584150
v -345.630402 20.240143 -2.892129
v -393.355591 -20.355255 -13.242577
v -400.000000 -23.125444 -13.718802
v -369.407532 -10.939034 -10.891735
v -355.807831 -20.627403 -13.361152
v -387.784485 -21.218960 -11.652141
v -383.554993 -26.969456 -9.507623
v -365.639801 -20.960361 -11.872167
v -368.852600 -25.903488 -10.391068
v -328.313110 -87.251862 -18.423813
v -320.658356 -81.979187 -19.431807
v -330.637787 -43.328682 -10.929731
v -312.841034 -37.738571 -13.833901
v -340.779266 -37.883533 -13.516612
v -340.101715 -55.077721 -12.634286
v -321.945892 -42.064808 -14.115048
v -330.966187 -74.074112 -18.213953
v -330.215515 -55.153194 -14.832713
v -327.226776 -65.589676 -15.393231
v -316.543640 -61.762474 -14.355145
v -310.016357 -73.047821 -17.481152
v -303.256927 -49.943817 -15.238685
v -328.951416 9.350292 -5.986274
v -336.185303 -2.575037 -5.170105
v -324.964447 4.401585 -7.155044
v -308.657928 0.896971 -8.526182
v -328.629791 -4.394419 -7.195989
v -338.911072 -3.385712 -9.258339
v -312.886322 21.244312 -1.487281
v -326.801758 16.767818 -2.153844
v -334.026123 -8.844927 -8.281714
v -327.275055 -25.030991 -11.299978
v -320.761383 -10.969254 -10.813863
v -311.557434 -13.719043 -10.273723
v -344.710449 -24.185625 -15.458276
v -336.760071 -19.573620 -13.071437
v -400.000000 -87.287048 -17.971334
v -400.000000 28.962242 -1.404717
v -400.000000 28.135262 198.651398
v -411.338379 27.804100 10.619440
v -500.000000 28.963234 198.645706
v -426.617371 28.020756 9.329102
v -473.360748 28.407970 10.303671
v -416.946167 27.769802 0.657006
v -442.628723 27.252682 7.672215
v -421.889282 29.099773 3.929094
v -441.277802 28.818615 -0.037417
v -500.000000 -60.055939 -16.251762
v -500.000580 28.990585 10.802724
v -458.999847 27.200802 6.046206
v -473.905060 30.057537 4.158744
v -463.089417 28.457176 0.738437
v -487.058685 26.946243 1.263817
v -500.000000 28.866009 -1.672529
v -426.013428 -87.326019 -18.106575
v -414.843018 -77.358910 -19.089697
v -400.000000 -51.895828 -15.712260
v -405.228821 -31.277081 -14.193178
v -415.713348 -63.035503 -14.009185
v -407.507629 -67.209656 -17.111288
v -417.739227 -46.045883 -11.864948
v -438.732300 -44.453911 -17.074064
v -447.977539 -32.311131 -17.038074
v -415.926910 -45.751186 -13.655049
v -424.591187 -56.483810 -16.511194
v -427.084351 -45.940109 -15.212708
v -432.006866 -43.974129 -12.247599
v -432.743866 -52.276733 -15.767179
v -444.116394 -55.983650 -14.847558
v -423.511292 -68.080475 -16.477312
v -436.783661 -75.037956 -17.540501
v -438.479065 -59.407070 -14.637193
v -449.008972 -61.862331 -16.561388
v -400.000000 10.252583 -5.935020
v -421.321716 17.915867 -4.316689
v -400.000000 -7.397114 -10.083701
v -400.579834 22.927319 -2.977051
v -442.742645 15.384846 -4.784240
v -412.712616 6.924103 -6.854576
v -457.364807 8.704273 -5.987740
v -439.166229 8.142849 -6.713649
v -447.928009 -10.273783 -6.590135
v -418.409088 -14.112993 -9.619715
v -443.202057 -8.012352 -9.420585
v -421.832947 20.667465 -1.434140
v -437.103699 19.492149 -1.315646
v -453.062317 28.156811 -1.584145
v -454.369598 20.240143 -2.892125
v -406.644409 -20.355255 -13.242576
v -400.000000 -23.125444 -13.718802
v -430.592468 -10.939034 -10.891732
v -444.192169 -20.627403 -13.361148
v -412.215515 -21.218960 -11.652140
v -416.445007 -26.969456 -9.507621
v -434.360199 -20.960361 -11.872164
v -431.147400 -25.903488 -10.391065
v -500.000000 -87.325890 -18.195986
v -471.686890 -87.251862 -18.423805
v -479.341644 -81.979187 -19.431799
v -469.362213 -43.328682 -10.929726
v -487.158966 -37.738571 -13.833894
v -459.220734 -37.883533 -13.516607
v -459.898285 -55.077721 -12.634281
v -478.054108 -42.064808 -14.115042
v -469.033813 -74.074112 -18.213947
v -469.784485 -55.153194 -14.832707
v -472.773224 -65.589676 -15.393225
v -483.456360 -61.762474 -14.355137
v -489.983643 -73.047821 -17.481144
v -500.000000 -38.775085 -14.833430
v -496.743073 -49.943817 -15.238676
v -471.048584 9.350292 -5.986268
v -463.814697 -2.575037 -5.170099
v -475.035553 4.401585 -7.155037
v -491.342072 0.896971 -8.526175
v -471.370209 -4.394419 -7.195983
v -461.088928 -3.385712 -9.258333
v -487.113678 21.244312 -1.487274
v -473.198242 16.767818 -2.153838
v -500.000000 10.360767 -5.975674
v -500.000000 -9.575180 -10.513761
v -465.973877 -8.844927 -8.281710
v -472.724945 -25.030991 -11.299972
v -479.238617 -10.969254 -10.813856
v -488.442566 -13.719043 -10.273715
v -455.289551 -24.185625 -15.458271
v -463.239929 -19.573620 -13.071431
v -500.000000 -21.383537 -13.704869
v -600.000000 -87.287048 -17.971327
v -600.000000 28.962242 -1.404709
v -600.000000 28.135262 198.651398
v -588.661621 27.804100 10.619448
v -573.382629 28.020756 9.329108
v -526.639282 28.407970 10.303675
v -583.053833 27.769802 0.657013
v -557.371277 27.252682 7.672221
v -578.110718 29.099773 3.929101
v -558.722168 28.818615 -0.037412
v -499.999420 28.990585 10.802724
v -541.000122 27.200802 6.046210
v -526.094971 30.057537 4.158746
v -536.910583 28.457176 0.738441
v -512.941284 26.946243 1.263818
v -573.986572 -87.326019 -18.106567
v -585.156982 -77.358910 -19.089689
v -600.000000 -51.895828 -15.712252
v -594.771179 -31.277081 -14.193170
v -584.286621 -63.035503 -14.009177
v -592.492371 -67.209656 -17.111280
v -582.260742 -46.045883 -11.864942
v -561.267700 -44.453911 -17.074059
v -552.022461 -32.311131 -17.038071
v -584.073120 -45.751186 -13.655042
v -575.408813 -56.483810 -16.511187
v -572.915649 -45.940109 -15.212700
v -567.993164 -43.974129 -12.247593
v -567.256104 -52.276733 -15.767173
v -555.883606 -55.983650 -14.847553
v -576.488708 -68.080475 -16.477304
v -563.216309 -75.037956 -17.540495
v -561.520935 -59.407070 -14.637188
v -550.991028 -61.862331 -16.561384
v -600.000000 10.252583 -5.935012
v -578.678284 17.915867 -4.316682
v -600.000000 -7.397114 -10.083693
v -599.420166 22.927319 -2.977042
v -557.257324 15.384846 -4.784235
v -587.287354 6.924103 -6.854568
v -542.635193 8.704273 -5.987736
v -560.833740 8.142849 -6.713644
v -552.072021 -10.273783 -6.590130
v -581.590942 -14.112993 -9.619708
v -556.797974 -8.012352 -9.420580
v -578.167053 20.667465 -1.434134
v -562.896301 19.492149 -1.315640
v -546.937683 28.156811 -1.584141
v -545.630371 20.240143 -2.892121
v -593.355591 -20.355255 -13.242567
v -600.000000 -23.125444 -13.718794
v -569.407532 -10.939034 -10.891726
v -555.807861 -20.627403 -13.361143
v -587.784485 -21.218960 -11.652132
v -583.554993 -26.969456 -9.507614
v -565.639771 -20.960361 -11.872158
v -568.852600 -25.903488 -10.391059
v -528.313110 -87.251862 -18.423803
v -520.658325 -81.979187 -19.431797
v -530.637817 -43.328682 -10.929723
v -512.841064 -37.738571 -13.833893
v -540.779297 -37.883533 -13.516603
v -540.101685 -55.077721 -12.634277
v -521.945923 -42.064808 -14.115040
v -530.966187 -74.074112 -18.213943
v -530.215515 -55.153194 -14.832705
v -527.226807 -65.589676 -15.393222
v -516.543640 -61.762474 -14.355136
v -510.016357 -73.047821 -17.481144
v -503.256927 -49.943817 -15.238676
v -528.951416 9.350292 -5.986265
v -536.185303 -2.575037 -5.170096
v -524.964478 4.401585 -7.155035
v -508.657928 0.896971 -8.526174
v -528.629761 -4.394419 -7.195980
v -538.911072 -3.385712 -9.258330
v -512.886353 21.244312 -1.487272
v -526.801758 16.767818 -2.153836
v -534.026123 -8.844927 -8.281707
v -527.275024 -25.030991 -11.299969
v -520.761353 -10.969254 -10.813854
v -511.557434 -13.719043 -10.273714
v -544.710449 -24.185625 -15.458267
v -536.760071 -19.573620 -13.071428
v -600.000000 -87.287048 -17.971327
v -600.000000 28.962242 -1.404709
v -600.000000 28.135262 198.651398
v -611.338379 27.804100 10.619449
v -700.000000 28.963234 198.645721
v -626.617371 28.020756 9.329110
v -673.360718 28.407970 10.303679
v -616.946167 27.769802 0.657015
v -642.628723 27.252682 7.672224
v -621.889282 29.099773 3.929103
v -641.277832 28.818615 -0.037409
v -700.000000 -60.055939 -16.251753
v -700.000549 28.990585 10.802733
v -658.999817 27.200802 6.046215
v -673.905090 30.057537 4.158753
v -663.089417 28.457176 0.738446
v -687.058716 26.946243 1.263825
v -700.000000 28.866009 -1.672520
v -626.013428 -87.326019 -18.106565
v -614.843018 -77.358910 -19.089687
v -600.000000 -51.895828 -15.712252
v -605.228821 -31.277081 -14.193170
v -615.713318 -63.035503 -14.009175
v -607.507629 -67.209656 -17.111279
v -617.739197 -46.045883 -11.864940
v -638.732300 -44.453911 -17.074057
v -647.977539 -32.311131 -17.038065
v -615.926941 -45.751186 -13.655040
v -624.591187 -56.483810 -16.511185
v -627.084351 -45.940109 -15.212698
v -632.006836 -43.974129 -12.247590
v -632.743896 -52.276733 -15.767170
v -644.116394 -55.983650 -14.847549
v -623.511292 -68.080475 -16.477303
v -636.783691 -75.037956 -17.540493
v -638.479065 -59.407070 -14.637184
v -649.008972 -61.862331 -16.561378
v -600.000000 10.252583 -5.935012
v -621.321716 17.915867 -4.316680
v -600.000000 -7.397114 -10.083693
v -600.579834 22.927319 -2.977042
v -642.742676 15.384846 -4.784231
v -612.712646 6.924103 -6.854567
v -657.364807 8.704273 -5.987732
v -639.166199 8.142849 -6.713641
v -647.928040 -10.273783 -6.590127
v -618.409058 -14.112993 -9.619706
v -643.202026 -8.012352 -9.420576
v -621.832947 20.667465 -1.434132
v -637.103699 19.492149 -1.315637
v -653.062317 28.156811 -1.584137
v -654.369629 20.240143 -2.892116
v -606.644409 -20.355255 -13.242567
v -600.000000 -23.125444 -13.718794
v -630.592468 -10.939034 -10.891724
v -644.192139 -20.627403 -13.361139
v -612.215515 -21.218960 -11.652131
v -616.445007 -26.969456 -9.507612
v -634.360229 -20.960361 -11.872155
v -631.147400 -25.903488 -10.391056
v -700.000000 -87.325890 -18.195976
v -671.686890 -87.251862 -18.423798
v -679.341675 -81.979187 -19.431791
v -669.362244 -43.328682 -10.929717
v -687.158936 -37.738571 -13.833885
v -659.220703 -37.883533 -13.516598
v -659.898254 -55.077721 -12.634272
v -678.054077 -42.064808 -14.115033
v -669.033813 -74.074112 -18.213938
v -669.784485 -55.153194 -14.832699
v -672.773193 -65.589676 -15.393216
v -683.456360 -61.762474 -14.355128
v -689.983643 -73.047821 -17.481134
v -700.000000 -38.775085 -14.833421
v -696.743042 -49.943817 -15.238667
v -671.048584 9.350292 -5.986259
v -663.814697 -2.575037 -5.170090
v -675.035583 4.401585 -7.155027
v -691.342041 0.896971 -8.526166
v -671.370239 -4.394419 -7.195974
v -661.088928 -3.385712 -9.258325
v -687.113647 21.244312 -1.487265
v -673.198242 16.767818 -2.153829
v -700.000000 10.360767 -5.975665
v -700.000000 -9.575180 -10.513751
v -665.973877 -8.844927 -8.281701
v -672.724976 -25.030991 -11.299963
v -679.238647 -10.969254 -10.813847
v -688.442566 -13.719043 -10.273705
v -655.289551 -24.185625 -15.458262
v -663.239929 -19.573620 -13.071423
v -700.000000 -21.383537 -13.704860
v -800.000000 -87.287048 -17.971317
v -800.000000 28.962242 -1.404700
v -800.000000 28.135262 198.651413
v -788.661621 27.804100 10.619457
v -773.382629 28.020756 9.329117
v -726.639282 28.407970 10.303682
v -783.053833 27.769802 0.657022
v -757.371277 27.252682 7.672229
v -778.110718 29.099773 3.929109
v -758.722168 28.818615 -0.037404
v -699.999451 28.990585 10.802733
v -741.000183 27.200802 6.046219
v -726.094910 30.057537 4.158755
v -736.910583 28.457176 0.738449
v -712.941284 26.946243 1.263826
v -773.986572 -87.326019 -18.106560
v -785.156982 -77.358910 -19.089680
v -800.000000 -51.895828 -15.712243
v -794.771179 -31.277081 -14.193161
v -784.286682 -63.035503 -14.009168
v -792.492371 -67.209656 -17.111271
v -782.260803 -46.045883 -11.864933
v -761.267700 -44.453911 -17.074051
v -752.022461 -32.311131 -17.038061
v -784.073059 -45.751186 -13.655033
v -775.408813 -56.483810 -16.511179
v -772.915649 -45.940109 -15.212691
v -767.993164 -43.974129 -12.247583
v -767.256104 -52.276733 -15.767163
v -755.883606 -55.983650 -14.847545
v -776.488708 -68.080475 -16.477295
v -763.216309 -75.037956 -17.540487
v -761.520935 -59.407070 -14.637179
v -750.991028 -61.862331 -16.561375
v -800.000000 10.252583 -5.935003
v -778.678284 17.915867 -4.316673
v -800.000000 -7.397114 -10.083684
v -799.420166 22.927319 -2.977034
v -757.257324 15.384846 -4.784226
v -787.287354 6.924103 -6.854560
v -742.635193 8.704273 -5.987728
v -760.833801 8.142849 -6.713635
v -752.071960 -10.273783 -6.590121
v -781.590942 -14.112993 -9.619699
v -756.797974 -8.012352 -9.420571
v -778.167053 20.667465 -1.434125
v -762.896301 19.492149 -1.315632
v -746.937683 28.156811 -1.584132
v -745.630371 20.240143 -2.892112
v -793.355591 -20.355255 -13.242558
v -800.000000 -23.125444 -13.718785
v -769.407532 -10.939034 -10.891717
v -755.807861 -20.627403 -13.361135
v -787.784485 -21.218960 -11.652122
v -783.554993 -26.969456 -9.507606
v -765.639771 -20.960361 -11.872149
v -768.852600 -25.903488 -10.391049
v -728.313110 -87.251862 -18.423796
v -720.658325 -81.979187 -19.431789
v -730.637756 -43.328682 -10.929714
v -712.841064 -37.738571 -13.833884
v -740.779297 -37.883533 -13.516595
v -740.101746 -55.077721 -12.634269
v -721.945923 -42.064808 -14.115030
v -730.966187 -74.074112 -18.213936
v -730.215515 -55.153194 -14.832696
v -727.226807 -65.589676 -15.393213
v -716.543640 -61.762474 -14.355127
v -710.016357 -73.047821 -17.481134
v -703.256958 -49.943817 -15.238667
v -728.951416 9.350292 -5.986256
v -736.185303 -2.575037 -5.170087
v -724.964417 4.401585 -7.155026
v -708.657959 0.896971 -8.526165
v -728.629761 -4.394419 -7.195971
v -738.911072 -3.385712 -9.258322
v -712.886353 21.244312 -1.487264
v -726.801758 16.767818 -2.153826
v -734.026123 -8.844927 -8.281698
v -727.275024 -25.030991 -11.299960
v -720.761353 -10.969254 -10.813846
v -711.557434 -13.719043 -10.273705
v -744.710449 -24.185625 -15.458258
v -736.760071 -19.573620 -13.071420
v -800.000000 -87.287048 -17.971317
v -800.000000 28.962242 -1.404700
v -800.000000 28.135262 198.651413
v -811.338379 27.804100 10.619458
v -900.000000 28.963234 198.645721
v -826.617371 28.020756 9.329118
v -873.360718 28.407970 10.303688
v -816.946167 27.769802 0.657024
v -842.628723 27.252682 7.672233
v -821.889282 29.099773 3.929111
v -841.277832 28.818615 -0.037400
v -900.000000 -60.055939 -16.251745
v -900.000549 28.990585 10.802742
v -858.999817 27.200802 6.046224
v -873.905090 30.057537 4.158761
v -863.089417 28.457176 0.738455
v -887.058716 26.946243 1.263834
v -900.000000 28.866009 -1.672512
v -826.013428 -87.326019 -18.106556
v -814.843018 -77.358910 -19.089680
v -800.000000 -51.895828 -15.712243
v -805.228821 -31.277081 -14.193161
v -815.713318 -63.035503 -14.009167
v -807.507629 -67.209656 -17.111271
v -817.739197 -46.045883 -11.864931
v -838.732300 -44.453911 -17.074047
v -847.977539 -32.311131 -17.038057
v -815.926941 -45.751186 -13.655031
v -824.591187 -56.483810 -16.511175
v -827.084351 -45.940109 -15.212689
v -832.006836 -43.974129 -12.247580
v -832.743896 -52.276733 -15.767160
v -844.116394 -55.983650 -14.847541
v -823.511292 -68.080475 -16.477293
v -836.783691 -75.037956 -17.540483
v -838.479065 -59.407070 -14.637176
v -849.008972 -61.862331 -16.561371
v -800.000000 10.252583 -5.935003
v -821.321716 17.915867 -4.316672
v -800.000000 -7.397114 -10.083684
v -800.579834 22.927319 -2.977034
v -842.742676 15.384846 -4.784222
v -812.712646 6.924103 -6.854559
v -857.364807 8.704273 -5.987723
v -839.166199 8.142849 -6.713632
v -847.928040 -10.273783 -6.590117
v -818.409058 -14.112993 -9.619698
v -843.202026 -8.012352 -9.420568
v -821.832947 20.667465 -1.434123
v -837.103699 19.492149 -1.315628
v -853.062317 28.156811 -1.584128
v -854.369629 20.240143 -2.892107
v -806.644409 -20.355255 -13.242558
v -800.000000 -23.125444 -13.718785
v -830.592468 -10.939034 -10.891715
v -844.192139 -20.627403 -13.361131
v -812.215515 -21.218960 -11.652122
v -816.445007 -26.969456 -9.507604
v -834.360229 -20.960361 -11.872146
v -831.147400 -25.903488 -10.391047
v -900.000000 -87.325890 -18.195969
v -871.686890 -87.251862 -18.423788
v -879.341675 -81.979187 -19.431782
v -869.362244 -43.328682 -10.929708
v -887.158936 -37.738571 -13.833877
v -859.220703 -37.883533 -13.516589
v -859.898254 -55.077721 -12.634263
v -878.054077 -42.064808 -14.115024
v -869.033813 -74.074112 -18.213928
v -869.784485 -55.153194 -14.832690
v -872.773193 -65.589676 -15.393208
v -883.456360 -61.762474 -14.355120
v -889.983643 -73.047821 -17.481127
v -900.000000 -38.775085 -14.833412
v -896.743042 -49.943817 -15.238658
v -871.048584 9.350292 -5.986250
v -863.814697 -2.575037 -5.170082
v -875.035583 4.401585 -7.155019
v -891.342041 0.896971 -8.526157
v -871.370239 -4.394419 -7.195965
v -861.088928 -3.385712 -9.258316
v -887.113647 21.244312 -1.487256
v -873.198242 16.767818 -2.153820
v -900.000000 10.360767 -5.975657
v -900.000000 -9.575180 -10.513742
v -865.973877 -8.844927 -8.281693
v -872.724976 -25.030991 -11.299954
v -879.238647 -10.969254 -10.813838
v -888.442566 -13.719043 -10.273698
v -855.289551 -24.185625 -15.458253
v -863.239929 -19.573620 -13.071414
v -900.000000 -21.383537 -13.704851
v -1000.000000 -87.287048 -17.971308
v -1000.000000 28.962242 -1.404691
v -1000.000000 28.135262 198.651428
v -988.661621 27.804100 10.619466
v -973.382629 28.020756 9.329125
v -926.639282 28.407970 10.303691
v -983.053833 27.769802 0.657031
v -957.371277 27.252682 7.672238
v -978.110718 29.099773 3.929118
v -958.722168 28.818615 -0.037395
v -899.999451 28.990585 10.802742
v -941.000183 27.200802 6.046227
v -926.094910 30.057537 4.158764
v -936.910583 28.457176 0.738458
v -912.941284 26.946243 1.263835
v -973.986572 -87.326019 -18.106550
v -985.156982 -77.358910 -19.089672
v -1000.000000 -51.895828 -15.712234
v -994.771179 -31.277081 -14.193152
v -984.286682 -63.035503 -14.009159
v -992.492371 -67.209656 -17.111263
v -982.260803 -46.045883 -11.864924
v -961.267700 -44.453911 -17.074041
v -952.022461 -32.311131 -17.038052
v -984.073059 -45.751186 -13.655024
v -975.408813 -56.483810 -16.511169
v -972.915649 -45.940109 -15.212683
v -967.993164 -43.974129 -12.247575
v -967.256104 -52.276733 -15.767155
v -955.883606 -55.983650 -14.847536
v -976.488708 -68.080475 -16.477287
v -963.216309 -75.037956 -17.540478
v -961.520935 -59.407070 -14.637171
v -950.991028 -61.862331 -16.561365
v -1000.000000 10.252583 -5.934994
v -978.678284 17.915867 -4.316664
v -1000.000000 -7.397114 -10.083674
v -999.420166 22.927319 -2.977025
v -957.257324 15.384846 -4.784217
v -987.287354 6.924103 -6.854551
v -942.635193 8.704273 -5.987719
v -960.833801 8.142849 -6.713627
v -952.071960 -10.273783 -6.590112
v -981.590942 -14.112993 -9.619691
v -956.797974 -8.012352 -9.420563
v -978.167053 20.667465 -1.434116
v -962.896301 19.492149 -1.315623
v -946.937683 28.156811 -1.584124
v -945.630371 20.240143 -2.892103
v -993.355591 -20.355255 -13.242550
v -1000.000000 -23.125444 -13.718777
v -969.407532 -10.939034 -10.891708
v -955.807861 -20.627403 -13.361126
v -987.784485 -21.218960 -11.652114
v -983.554993 -26.969456 -9.507597
v -965.639771 -20.960361 -11.872140
v -968.852600 -25.903488 -10.391041
v -928.313110 -87.251862 -18.423786
v -920.658325 -81.979187 -19.431780
v -930.637756 -43.328682 -10.929706
v -912.841064 -37.738571 -13.833876
v -940.779297 -37.883533 -13.516585
v -940.101746 -55.077721 -12.634259
v -921.945923 -42.064808 -14.115022
v -930.966187 -74.074112 -18.213926
v -930.215515 -55.153194 -14.832687
v -927.226807 -65.589676 -15.393205
v -916.543640 -61.762474 -14.355119
v -910.016357 -73.047821 -17.481125
v -903.256958 -49.943817 -15.238658
v -928.951416 9.350292 -5.986248
v -936.185303 -2.575037 -5.170078
v -924.964417 4.401585 -7.155017
v -908.657959 0.896971 -8.526157
v -928.629761 -4.394419 -7.195963
v -938.911072 -3.385712 -9.258313
v -912.886353 21.244312 -1.487255
v -926.801758 16.767818 -2.153818
v -934.026123 -8.844927 -8.281690
v -927.275024 -25.030991 -11.299952
v -920.761353 -10.969254 -10.813836
v -911.557434 -13.719043 -10.273697
v -944.710449 -24.185625 -15.458249
v -936.760071 -19.573620 -13.071411
v -1000.000000 -87.287048 -17.971308
v -1000.000000 28.962242 -1.404691
v -1000.000000 28.135262 198.651428
v -1011.338379 27.804100 10.619467
v -1100.000000 28.963234 198.645737
v -1026.617432 28.020756 9.329127
v -1073.360718 28.407970 10.303698
v -1016.946167 27.769802 0.657032
v -1042.628662 27.252682 7.672242
v -1021.889282 29.099773 3.929120
v -1041.277832 28.818615 -0.037391
v -1100.000000 -60.055939 -16.251736
v -1100.000488 28.990585 10.802751
v -1058.999756 27.200802 6.046233
v -1073.905029 30.057537 4.158770
v -1063.089355 28.457176 0.738464
v -1087.058716 26.946243 1.263843
v -1100.000000 28.866009 -1.672503
v -1026.013428 -87.326019 -18.106548
v -1014.843018 -77.358910 -19.089670
v -1000.000000 -51.895828 -15.712234
v -1005.228821 -31.277081 -14.193152
v -1015.713318 -63.035503 -14.009158
v -1007.507629 -67.209656 -17.111261
v -1017.739197 -46.045883 -11.864922
v -1038.732300 -44.453911 -17.074038
v -1047.977539 -32.311131 -17.038048
v -1015.926941 -45.751186 -13.655023
v -1024.591187 -56.483810 -16.511168
v -1027.084351 -45.940109 -15.212681
v -1032.006836 -43.974129 -12.247572
v -1032.743896 -52.276733 -15.767152
v -1044.116455 -55.983650 -14.847532
v -1023.511292 -68.080475 -16.477285
v -1036.783691 -75.037956 -17.540476
v -1038.479004 -59.407070 -14.637167
v -1049.009033 -61.862331 -16.561361
v -1000.000000 10.252583 -5.934994
v -1021.321716 17.915867 -4.316663
v -1000.000000 -7.397114 -10.083674
v -1000.579834 22.927319 -2.977025
v -1042.742676 15.384846 -4.784214
v -1012.712646 6.924103 -6.854550
v -1057.364746 8.704273 -5.987714
v -1039.166260 8.142849 -6.713623
v -1047.927979 -10.273783 -6.590108
v -1018.409058 -14.112993 -9.619689
v -1043.202026 -8.012352 -9.420559
v -1021.832947 20.667465 -1.434114
v -1037.103760 19.492149 -1.315620
v -1053.062256 28.156811 -1.584119
v -1054.369629 20.240143 -2.892098
v -1006.644409 -20.355255 -13.242549
v -1000.000000 -23.125444 -13.718777
v -1030.592529 -10.939034 -10.891706
v -1044.192139 -20.627403 -13.361122
v -1012.215515 -21.218960 -11.652113
v -1016.445007 -26.969456 -9.507595
v -1034.360229 -20.960361 -11.872137
v -1031.147461 -25.903488 -10.391038
v -1100.000000 -87.325890 -18.195959
v -1071.686890 -87.251862 -18.423780
v -1079.341675 -81.979187 -19.431774
v -1069.362305 -43.328682 -10.929700
v -1087.158936 -37.738571 -13.833868
v -1059.220703 -37.883533 -13.516581
v -1059.898193 -55.077721 -12.634254
v -1078.054077 -42.064808 -14.115015
v -1069.033813 -74.074112 -18.213921
v -1069.784424 -55.153194 -14.832682
v -1072.773193 -65.589676 -15.393198
v -1083.456299 -61.762474 -14.355111
v -1089.983643 -73.047821 -17.481117
v -1100.000000 -38.775085 -14.833404
v -1096.743042 -49.943817 -15.238649
v -1071.048584 9.350292 -5.986241
v -1063.814697 -2.575037 -5.170073
v -1075.035645 4.401585 -7.155010
v -1091.342041 0.896971 -8.526149
v -1071.370239 -4.394419 -7.195956
v -1061.088867 -3.385712 -9.258307
v -1087.113647 21.244312 -1.487247
v -1073.198242 16.767818 -2.153812
v -1100.000000 10.360767 -5.975648
v -1100.000000 -9.575180 -10.513734
v -1065.973877 -8.844927 -8.281684
v -1072.724976 -25.030991 -11.299945
v -1079.238647 -10.969254 -10.813829
v -1088.442627 -13.719043 -10.273689
v -1055.289551 -24.185625 -15.458244
v -1063.239990 -19.573620 -13.071405
v -1100.000000 -21.383537 -13.704843
v -1200.000000 -87.287048 -17.971300
v -1200.000000 28.962242 -1.404682
v -1200.000000 28.135262 198.651428
v -1188.661621 27.804100 10.619474
v -1173.382568 28.020756 9.329134
v -1126.639282 28.407970 10.303699
v -1183.053833 27.769802 0.657040
v -1157.371216 27.252682 7.672247
v -1178.110718 29.099773 3.929127
v -1158.722168 28.818615 -0.037386
v -1099.999512 28.990585 10.802751
v -1141.000122 27.200802 6.046236
v -1126.094971 30.057537 4.158772
v -1136.910645 28.457176 0.738467
v -1112.941284 26.946243 1.263844
v -1173.986572 -87.326019 -18.106541
v -1185.156982 -77.358910 -19.089663
v -1200.000000 -51.895828 -15.712226
v -1194.771240 -31.277081 -14.193144
v -1184.286621 -63.035503 -14.009151
v -1192.492432 -67.209656 -17.111254
v -1182.260742 -46.045883 -11.864915
v -1161.267700 -44.453911 -17.074034
v -1152.022461 -32.311131 -17.038044
v -1184.073120 -45.751186 -13.655015
v -1175.408813 -56.483810 -16.511160
v -1172.915649 -45.940109 -15.212674
v -1167.993164 -43.974129 -12.247566
v -1167.256104 -52.276733 -15.767146
v -1155.883667 -55.983650 -14.847528
v -1176.488770 -68.080475 -16.477278
v -1163.216309 -75.037956 -17.540470
v -1161.520996 -59.407070 -14.637161
v -1150.990967 -61.862331 -16.561357
v -1200.000000 10.252583 -5.934985
v -1178.678223 17.915867 -4.316656
v -1200.000000 -7.397114 -10.083667
v -1199.420166 22.927319 -2.977016
v -1157.257324 15.384846 -4.784208
v -1187.287354 6.924103 -6.854542
v -1142.635132 8.704273 -5.987710
v -1160.833740 8.142849 -6.713618
v -1152.072021 -10.273783 -6.590105
v -1181.590942 -14.112993 -9.619681
v -1156.797974 -8.012352 -9.420554
v -1178.167114 20.667465 -1.434107
v -1162.896362 19.492149 -1.315614
v -1146.937744 28.156811 -1.584115
v -1145.630371 20.240143 -2.892094
v -1193.355591 -20.355255 -13.242541
v -1200.000000 -23.125444 -13.718768
v -1169.407471 -10.939034 -10.891700
v -1155.807861 -20.627403 -13.361117
v -1187.784424 -21.218960 -11.652105
v -1183.555054 -26.969456 -9.507587
v -1165.639771 -20.960361 -11.872131
v -1168.852661 -25.903488 -10.391032
v -1128.313110 -87.251862 -18.423777
v -1120.658325 -81.979187 -19.431772
v -1130.637817 -43.328682 -10.929697
v -1112.841064 -37.738571 -13.833867
v -1140.779297 -37.883533 -13.516577
v -1140.101685 -55.077721 -12.634251
v -1121.945923 -42.064808 -14.115013
v -1130.966187 -74.074112 -18.213917
v -1130.215576 -55.153194 -14.832679
v -1127.226807 -65.589676 -15.393196
v -1116.543701 -61.762474 -14.355109
v -1110.016357 -73.047821 -17.481117
v -1103.256958 -49.943817 -15.238649
v -1128.951416 9.350292 -5.986239
v -1136.185303 -2.575037 -5.170070
v -1124.964478 4.401585 -7.155008
v -1108.657959 0.896971 -8.526148
v -1128.629761 -4.394419 -7.195954
v -1138.911011 -3.385712 -9.258304
v -1112.886353 21.244312 -1.487246
v -1126.801758 16.767818 -2.153809
v -1134.026123 -8.844927 -8.281681
v -1127.275024 -25.030991 -11.299943
v -1120.761353 -10.969254 -10.813828
v -1111.557373 -13.719043 -10.273688
v -1144.710449 -24.185625 -15.458241
v -1136.760010 -19.573620 -13.071402
v -1200.000000 -87.287048 -17.971300
v -1200.000000 28.962242 -1.404682
v -1200.000000 28.135262 198.651428
v -1211.338379 27.804100 10.619475
v -1300.000000 28.963234 198.645737
v -1226.617432 28.020756 9.329137
v -1273.360718 28.407970 10.303706
v -1216.946167 27.769802 0.657041
v -1242.628784 27.252682 7.672251
v -1221.889282 29.099773 3.929129
v -1241.277832 28.818615 -0.037383
v -1300.000000 -60.055939 -16.251726
v -1300.000610 28.990585 10.802759
v -1258.999878 27.200802 6.046241
v -1273.905029 30.057537 4.158779
v -1263.089355 28.457176 0.738472
v -1287.058716 26.946243 1.263851
v -1300.000000 28.866009 -1.672494
v -1226.013428 -87.326019 -18.106539
v -1214.843018 -77.358910 -19.089661
v -1200.000000 -51.895828 -15.712226
v -1205.228760 -31.277081 -14.193143
v -1215.713379 -63.035503 -14.009150
v -1207.507568 -67.209656 -17.111254
v -1217.739258 -46.045883 -11.864914
v -1238.732300 -44.453911 -17.074030
v -1247.977539 -32.311131 -17.038040
v -1215.926880 -45.751186 -13.655014
v -1224.591187 -56.483810 -16.511158
v -1227.084351 -45.940109 -15.212671
v -1232.006836 -43.974129 -12.247563
v -1232.743896 -52.276733 -15.767143
v -1244.116333 -55.983650 -14.847524
v -1223.511230 -68.080475 -16.477276
v -1236.783691 -75.037956 -17.540466
v -1238.479004 -59.407070 -14.637158
v -1249.009033 -61.862331 -16.561354
v -1200.000000 10.252583 -5.934985
v -1221.321777 17.915867 -4.316654
v -1200.000000 -7.397114 -10.083667
v -1200.579834 22.927319 -2.977016
v -1242.742676 15.384846 -4.784205
v -1212.712646 6.924103 -6.854541
v -1257.364868 8.704273 -5.987705
v -1239.166260 8.142849 -6.713615
v -1247.927979 -10.273783 -6.590099
v -1218.409058 -14.112993 -9.619680
v -1243.202026 -8.012352 -9.420550
v -1221.832886 20.667465 -1.434105
v -1237.103638 19.492149 -1.315611
v -1253.062256 28.156811 -1.584110
v -1254.369629 20.240143 -2.892090
v -1206.644409 -20.355255 -13.242540
v -1200.000000 -23.125444 -13.718768
v -1230.592529 -10.939034 -10.891697
v -1244.192139 -20.627403 -13.361114
v -1212.215576 -21.218960 -11.652104
v -1216.444946 -26.969456 -9.507586
v -1234.360229 -20.960361 -11.872128
v -1231.147339 -25.903488 -10.391029
v -1300.000000 -87.325890 -18.195950
v -1271.686890 -87.251862 -18.423771
v -1279.341675 -81.979187 -19.431765
v -1269.362183 -43.328682 -10.929690
v -1287.158936 -37.738571 -13.833859
v -1259.220703 -37.883533 -13.516572
v -1259.898315 -55.077721 -12.634246
v -1278.054077 -42.064808 -14.115006
v -1269.033813 -74.074112 -18.213911
v -1269.784424 -55.153194 -14.832672
v -1272.773193 -65.589676 -15.393189
v -1283.456421 -61.762474 -14.355103
v -1289.983643 -73.047821 -17.481110
v -1300.000000 -38.775085 -14.833395
v -1296.743042 -49.943817 -15.238641
v -1271.048584 9.350292 -5.986233
v -1263.814697 -2.575037 -5.170064
v -1275.035522 4.401585 -7.155001
v -1291.342041 0.896971 -8.526139
v -1271.370239 -4.394419 -7.195948
v -1261.088989 -3.385712 -9.258299
v -1287.113647 21.244312 -1.487239
v -1273.198242 16.767818 -2.153803
v -1300.000000 10.360767 -5.975639
v -1300.000000 -9.575180 -10.513725
v -1265.973877 -8.844927 -8.281675
v -1272.724976 -25.030991 -11.299936
v -1279.238647 -10.969254 -10.813821
v -1288.442627 -13.719043 -10.273681
v -1255.289551 -24.185625 -15.458236
v -1263.239990 -19.573620 -13.071397
v -1300.000000 -21.383537 -13.704834
v -1400.000000 -87.287048 -17.971291
v -1400.000000 28.962242 -1.404674
v -1400.000000 28.135262 198.651443
v -1388.661621 27.804100 10.619483
v -1373.382568 28.020756 9.329143
v -1326.639282 28.407970 10.303708
v -1383.053833 27.769802 0.657048
v -1357.371216 27.252682 7.672255
v -1378.110718 29.099773 3.929136
v -1358.722168 28.818615 -0.037377
v -1299.999390 28.990585 10.802759
v -1341.000122 27.200802 6.046245
v -1326.094971 30.057537 4.158781
v -1336.910645 28.457176 0.738475
v -1312.941284 26.946243 1.263853
v -1373.986572 -87.326019 -18.106533
v -1385.156982 -77.358910 -19.089655
v -1400.000000 -51.895828 -15.712216
v -1394.771240 -31.277081 -14.193135
v -1384.286621 -63.035503 -14.009142
v -1392.492432 -67.209656 -17.111244
v -1382.260742 -46.045883 -11.864906
v -1361.267700 -44.453911 -17.074024
v -1352.022461 -32.311131 -17.038034
v -1384.073120 -45.751186 -13.655006
v -1375.408813 -56.483810 -16.511152
v -1372.915649 -45.940109 -15.212667
v -1367.993164 -43.974129 -12.247558
v -1367.256104 -52.276733 -15.767138
v -1355.883667 -55.983650 -14.847518
v -1376.488770 -68.080475 -16.477270
v -1363.216309 -75.037956 -17.540461
v -1361.520996 -59.407070 -14.637153
v -1350.990967 -61.862331 -16.561348
v -1400.000000 10.252583 -5.934977
v -1378.678223 17.915867 -4.316648
v -1400.000000 -7.397114 -10.083657
v -1399.420166 22.927319 -2.977008
v -1357.257324 15.384846 -4.784200
v -1387.287354 6.924103 -6.854533
v -1342.635132 8.704273 -5.987702
v -1360.833740 8.142849 -6.713609
v -1352.072021 -10.273783 -6.590096
v -1381.590942 -14.112993 -9.619673
v -1356.797974 -8.012352 -9.420545
v -1378.167114 20.667465 -1.434099
v -1362.896362 19.492149 -1.315605
v -1346.937744 28.156811 -1.584106
v -1345.630371 20.240143 -2.892086
v -1393.355591 -20.355255 -13.242533
v -1400.000000 -23.125444 -13.718759
v -1369.407471 -10.939034 -10.891691
v -1355.807861 -20.627403 -13.361108
v -1387.784424 -21.218960 -11.652097
v -1383.555054 -26.969456 -9.507579
v -1365.639771 -20.960361 -11.872123
v -1368.852661 -25.903488 -10.391024
v -1328.313110 -87.251862 -18.423769
v -1320.658325 -81.979187 -19.431763
v -1330.637817 -43.328682 -10.929688
v -1312.841064 -37.738571 -13.833857
v -1340.779297 -37.883533 -13.516568
v -1340.101685 -55.077721 -12.634242
v -1321.945923 -42.064808 -14.115004
v -1330.966187 -74.074112 -18.213909
v -1330.215576 -55.153194 -14.832670
v -1327.226807 -65.589676 -15.393188
v -1316.543579 -61.762474 -14.355100
v -1310.016357 -73.047821 -17.481108
v -1303.256958 -49.943817 -15.238641
v -1328.951416 9.350292 -5.986230
v -1336.185303 -2.575037 -5.170061
v -1324.964478 4.401585 -7.154999
v -1308.657959 0.896971 -8.526139
v -1328.629761 -4.394419 -7.195945
v -1338.911011 -3.385712 -9.258295
v -1312.886353 21.244312 -1.487237
v -1326.801758 16.767818 -2.153800
v -1334.026123 -8.844927 -8.281672
v -1327.275024 -25.030991 -11.299934
v -1320.761353 -10.969254 -10.813819
v -1311.557373 -13.719043 -10.273679
v -1344.710449 -24.185625 -15.458232
v -1336.760010 -19.573620 -13.071393
v -1400.000000 -87.287048 -17.971291
v -1400.000000 28.962242 -1.404674
v -1400.000000 28.135262 198.651443
v -1411.338379 27.804100 10.619484
v -1500.000000 28.963234 198.645752
v -1426.617432 28.020756 9.329145
v -1473.360718 28.407970 10.303716
v -1416.946167 27.769802 0.657050
v -1442.628784 27.252682 7.672259
v -1421.889282 29.099773 3.929138
v -1441.277832 28.818615 -0.037374
v -1500.000000 -60.055939 -16.251719
v -1500.000610 28.990585 10.802769
v -1458.999878 27.200802 6.046250
v -1473.905029 30.057537 4.158788
v -1463.089355 28.457176 0.738481
v -1487.058716 26.946243 1.263860
v -1500.000000 28.866009 -1.672485
v -1426.013428 -87.326019 -18.106531
v -1414.843018 -77.358910 -19.089653
v -1400.000000 -51.895828 -15.712216
v -1405.228760 -31.277081 -14.193134
v -1415.713379 -63.035503 -14.009141
v -1407.507568 -67.209656 -17.111244
v -1417.739258 -46.045883 -11.864905
v -1438.732300 -44.453911 -17.074020
v -1447.977539 -32.311131 -17.038031
v -1415.926880 -45.751186 -13.655005
v -1424.591187 -56.483810 -16.511150
v -1427.084351 -45.940109 -15.212663
v -1432.006836 -43.974129 -12.247555
v -1432.743896 -52.276733 -15.767135
v -1444.116333 -55.983650 -14.847514
v -1423.511230 -68.080475 -16.477268
v -1436.783691 -75.037956 -17.540457
v -1438.479004 -59.407070 -14.637150
v -1449.009033 -61.862331 -16.561344
v -1400.000000 10.252583 -5.934977
v -1421.321777 17.915867 -4.316645
v -1400.000000 -7.397114 -10.083657
v -1400.579834 22.927319 -2.977008
v -1442.742676 15.384846 -4.784196
v -1412.712646 6.924103 -6.854532
v -1457.364868 8.704273 -5.987697
v -1439.166260 8.142849 -6.713606
v -1447.927979 -10.273783 -6.590090
v -1418.409058 -14.112993 -9.619672
v -1443.202026 -8.012352 -9.420541
v -1421.832886 20.667465 -1.434097
v -1437.103638 19.492149 -1.315602
v -1453.062256 28.156811 -1.584102
v -1454.369629 20.240143 -2.892081
v -1406.644409 -20.355255 -13.242532
v -1400.000000 -23.125444 -13.718759
v -1430.592529 -10.939034 -10.891688
v -1444.192139 -20.627403 -13.361104
v -1412.215576 -21.218960 -11.652096
v -1416.444946 -26.969456 -9.507578
v -1434.360229 -20.960361 -11.872120
v -1431.147339 -25.903488 -10.391021
v -1500.000000 -87.325890 -18.195942
v -1471.686890 -87.251862 -18.423763
v -1479.341675 -81.979187 -19.431755
v -1469.362183 -43.328682 -10.929682
v -1487.158936 -37.738571 -13.833850
v -1459.220703 -37.883533 -13.516563
v -1459.898315 -55.077721 -12.634237
v -1478.054077 -42.064808 -14.114998
v -1469.033813 -74.074112 -18.213903
v -1469.784424 -55.153194 -14.832664
v -1472.773193 -65.589676 -15.393181
v -1483.456421 -61.762474 -14.355094
v -1489.983643 -73.047821 -17.481100
v -1500.000000 -38.775085 -14.833386
v -1496.743042 -49.943817 -15.238632
v -1471.048584 9.350292 -5.986224
v -1463.814697 -2.575037 -5.170055
v -1475.035522 4.401585 -7.154994
v -1491.342041 0.896971 -8.526131
v -1471.370239 -4.394419 -7.195939
v -1461.088989 -3.385712 -9.258290
v -1487.113647 21.244312 -1.487230
v -1473.198242 16.767818 -2.153794
v -1500.000000 10.360767 -5.975630
v -1500.000000 -9.575180 -10.513717
v -1465.973877 -8.844927 -8.281666
v -1472.724976 -25.030991 -11.299928
v -1479.238647 -10.969254 -10.813812
v -1488.442627 -13.719043 -10.273671
v -1455.289551 -24.185625 -15.458227
v -1463.239990 -19.573620 -13.071388
v -1500.000000 -21.383537 -13.704825
v -1600.000000 -87.287048 -17.971283
v -1600.000000 28.962242 -1.404665
v -1600.000000 28.135262 198.651443
v -1588.661621 27.804100 10.619492
v -1573.382568 28.020756 9.329152
v -1526.639282 28.407970 10.303717
v -1583.053833 27.769802 0.657057
v -1557.371216 27.252682 7.672264
v -1578.110718 29.099773 3.929144
v -1558.722168 28.818615 -0.037369
v -1499.999390 28.990585 10.802769
v -1541.000122 27.200802 6.046253
v -1526.094971 30.057537 4.158790
v -1536.910645 28.457176 0.738484
v -1512.941284 26.946243 1.263861
v -1573.986572 -87.326019 -18.106524
v -1585.156982 -77.358910 -19.089645
v -1600.000000 -51.895828 -15.712208
v -1594.771240 -31.277081 -14.193126
v -1584.286621 -63.035503 -14.009133
v -1592.492432 -67.209656 -17.111237
v -1582.260742 -46.045883 -11.864898
v -1561.267700 -44.453911 -17.074017
v -1552.022461 -32.311131 -17.038027
v -1584.073120 -45.751186 -13.654998
v -1575.408813 -56.483810 -16.511143
v -1572.915649 -45.940109 -15.212656
v -1567.993164 -43.974129 -12.247549
v -1567.256104 -52.276733 -15.767129
v -1555.883667 -55.983650 -14.847509
v -1576.488770 -68.080475 -16.477261
v -1563.216309 -75.037956 -17.540451
v -1561.520996 -59.407070 -14.637144
v -1550.990967 -61.862331 -16.561340
v -1600.000000 10.252583 -5.934968
v -1578.678223 17.915867 -4.316638
v -1600.000000 -7.397114 -10.083649
v -1599.420166 22.927319 -2.976999
v -1557.257324 15.384846 -4.784191
v -1587.287354 6.924103 -6.854525
v -1542.635132 8.704273 -5.987693
v -1560.833740 8.142849 -6.713600
v -1552.072021 -10.273783 -6.590086
v -1581.590942 -14.112993 -9.619664
v -1556.797974 -8.012352 -9.420536
v -1578.167114 20.667465 -1.434090
v -1562.896362 19.492149 -1.315597
v -1546.937744 28.156811 -1.584097
v -1545.630371 20.240143 -2.892077
v -1593.355591 -20.355255 -13.242524
v -1600.000000 -23.125444 -13.718750
v -1569.407471 -10.939034 -10.891683
v -1555.807861 -20.627403 -13.361099
v -1587.784424 -21.218960 -11.652088
v -1583.555054 -26.969456 -9.507570
v -1565.639771 -20.960361 -11.872114
v -1568.852661 -25.903488 -10.391015
v -1528.313110 -87.251862 -18.423759
v -1520.658325 -81.979187 -19.431753
v -1530.637817 -43.328682 -10.929679
v -1512.841064 -37.738571 -13.833849
v -1540.779297 -37.883533 -13.516560
v -1540.101685 -55.077721 -12.634233
v -1521.945923 -42.064808 -14.114996
v -1530.966187 -74.074112 -18.213900
v -1530.215576 -55.153194 -14.832661
v -1527.226807 -65.589676 -15.393179
v -1516.543579 -61.762474 -14.355092
v -1510.016357 -73.047821 -17.481100
v -1503.256958 -49.943817 -15.238632
v -1528.951416 9.350292 -5.986221
v -1536.185303 -2.575037 -5.170052
v -1524.964478 4.401585 -7.154990
v -1508.657959 0.896971 -8.526130
v -1528.629761 -4.394419 -7.195936
v -1538.911011 -3.385712 -9.258286
v -1512.886353 21.244312 -1.487229
v -1526.801758 16.767818 -2.153792
v -1534.026123 -8.844927 -8.281663
v -1527.275024 -25.030991 -11.299926
v -1520.761353 -10.969254 -10.813810
v -1511.557373 -13.719043 -10.273670
v -1544.710449 -24.185625 -15.458223
v -1536.760010 -19.573620 -13.071384
v -1600.000000 -87.287048 -17.971283
v -1600.000000 28.962242 -1.404665
v -1600.000000 28.135262 198.651443
v -1611.338379 27.804100 10.619493
v -1700.000000 28.963234 198.645767
v -1626.617432 28.020756 9.329154
v -1673.360718 28.407970 10.303723
v -1616.946167 27.769802 0.657058
v -1642.628784 27.252682 7.672268
v -1621.889282 29.099773 3.929146
v -1641.277832 28.818615 -0.037365
v -1700.000000 -60.055939 -16.251709
v -1700.000610 28.990585 10.802776
v -1658.999878 27.200802 6.046259
v -1673.905029 30.057537 4.158796
v -1663.089355 28.457176 0.738490
v -1687.058716 26.946243 1.263869
v -1700.000000 28.866009 -1.672476
v -1626.013428 -87.326019 -18.106522
v -1614.843018 -77.358910 -19.089643
v -1600.000000 -51.895828 -15.712208
v -1605.228760 -31.277081 -14.193126
v -1615.713379 -63.035503 -14.009132
v -1607.507568 -67.209656 -17.111235
v -1617.739258 -46.045883 -11.864896
v -1638.732300 -44.453911 -17.074013
v -1647.977539 -32.311131 -17.038023
v -1615.926880 -45.751186 -13.654997
v -1624.591187 -56.483810 -16.511141
v -1627.084351 -45.940109 -15.212654
v -1632.006836 -43.974129 -12.247546
v -1632.743896 -52.276733 -15.767126
v -1644.116333 -55.983650 -14.847506
v -1623.511230 -68.080475 -16.477259
v -1636.783691 -75.037956 -17.540449
v -1638.479004 -59.407070 -14.637140
v -1649.009033 -61.862331 -16.561337
v -1600.000000 10.252583 -5.934968
v -1621.321777 17.915867 -4.316638
v -1600.000000 -7.397114 -10.083649
v -1600.579834 22.927319 -2.976999
v -1642.742676 15.384846 -4.784187
v -1612.712646 6.924103 -6.854523
v -1657.364868 8.704273 -5.987688
v -1639.166260 8.142849 -6.713597
v -1647.927979 -10.273783 -6.590083
v -1618.409058 -14.112993 -9.619662
v -1643.202026 -8.012352 -9.420532
v -1621.832886 20.667465 -1.434088
v -1637.103638 19.492149 -1.315593
v -1653.062256 28.156811 -1.584093
v -1654.369629 20.240143 -2.892072
v -1606.644409 -20.355255 -13.242523
v -1600.000000 -23.125444 -13.718750
v -1630.592529 -10.939034 -10.891680
v -1644.192139 -20.627403 -13.361095
v -1612.215576 -21.218960 -11.652087
v -1616.444946 -26.969456 -9.507568
v -1634.360229 -20.960361 -11.872111
v -1631.147339 -25.903488 -10.391012
v -1700.000000 -87.325890 -18.195932
v -1671.686890 -87.251862 -18.423754
v -1679.341675 -81.979187 -19.431747
v -1669.362183 -43.328682 -10.929673
v -1687.158936 -37.738571 -13.833841
v -1659.220703 -37.883533 -13.516555
v -1659.898315 -55.077721 -12.634229
v -1678.054077 -42.064808 -14.114989
v -1669.033813 -74.074112 -18.213894
v -1669.784424 -55.153194 -14.832655
v -1672.773193 -65.589676 -15.393172
v -1683.456421 -61.762474 -14.355084
v -1689.983643 -73.047821 -17.481092
v -1700.000000 -38.775085 -14.833378
v -1696.743042 -49.943817 -15.238624
v -1671.048584 9.350292 -5.986215
v -1663.814697 -2.575037 -5.170047
v -1675.035522 4.401585 -7.154984
v -1691.342041 0.896971 -8.526122
v -1671.370239 -4.394419 -7.195930
v -1661.088989 -3.385712 -9.258281
v -1687.113647 21.244312 -1.487221
v -1673.198242 16.767818 -2.153785
v -1700.000000 10.360767 -5.975621
v -1700.000000 -9.575180 -10.513708
v -1665.973877 -8.844927 -8.281657
v -1672.724976 -25.030991 -11.299919
v -1679.238647 -10.969254 -10.813804
v -1688.442627 -13.719043 -10.273663
v -1655.289551 -24.185625 -15.458219
v -1663.239990 -19.573620 -13.071379
v -1700.000000 -21.383537 -13.704817
v -1800.000000 -87.287048 -17.971273
v -1800.000000 28.962242 -1.404656
v -1800.000000 28.135262 198.651459
v -1788.661621 27.804100 10.619500
v -1773.382568 28.020756 9.329161
v -1726.639282 28.407970 10.303726
v -1783.053833 27.769802 0.657066
v -1757.371216 27.252682 7.672273
v -1778.110718 29.099773 3.929153
v -1758.722168 28.818615 -0.037360
v -1699.999390 28.990585 10.802776
v -1741.000122 27.200802 6.046262
v -1726.094971 30.057537 4.158799
v -1736.910645 28.457176 0.738493
v -1712.941284 26.946243 1.263870
v -1773.986572 -87.326019 -18.106516
v -1785.156982 -77.358910 -19.089636
v -1800.000000 -51.895828 -15.712199
v -1794.771240 -31.277081 -14.193117
v -1784.286621 -63.035503 -14.009125
v -1792.492432 -67.209656 -17.111227
v -1782.260742 -46.045883 -11.864889
v -1761.267700 -44.453911 -17.074007
v -1752.022461 -32.311131 -17.038017
v -1784.073120 -45.751186 -13.654989
v -1775.408813 -56.483810 -16.511135
v -1772.915649 -45.940109 -15.212647
v -1767.993164 -43.974129 -12.247540
v -1767.256104 -52.276733 -15.767120
v -1755.883667 -55.983650 -14.847501
v -1776.488770 -68.080475 -16.477253
v -1763.216309 -75.037956 -17.540443
v -1761.520996 -59.407070 -14.637136
v -1750.990967 -61.862331 -16.561331
v -1800.000000 10.252583 -5.934959
v -1778.678223 17.915867 -4.316630
v -1800.000000 -7.397114 -10.083640
v -1799.420166 22.927319 -2.976990
v -1757.257324 15.384846 -4.784183
v -1787.287354 6.924103 -6.854516
v -1742.635132 8.704273 -5.987684
v -1760.833740 8.142849 -6.713592
v -1752.072021 -10.273783 -6.590077
v -1781.590942 -14.112993 -9.619656
v -1756.797974 -8.012352 -9.420527
v -1778.167114 20.667465 -1.434081
v -1762.896362 19.492149 -1.315588
v -1746.937744 28.156811 -1.584089
v -1745.630371 20.240143 -2.892068
v -1793.355591 -20.355255 -13.242515
v -1800.000000 -23.125444 -13.718741
v -1769.407471 -10.939034 -10.891673
v -1755.807861 -20.627403 -13.361091
v -1787.784424 -21.218960 -11.652080
v -1783.555054 -26.969456 -9.507562
v -1765.639771 -20.960361 -11.872106
v -1768.852661 -25.903488 -10.391006
v -1728.313110 -87.251862 -18.423752
v -1720.658325 -81.979187 -19.431746
v -1730.637817 -43.328682 -10.929670
v -1712.841064 -37.738571 -13.833840
v -1740.779297 -37.883533 -13.516551
v -1740.101685 -55.077721 -12.634225
v -1721.945923 -42.064808 -14.114987
v -1730.966187 -74.074112 -18.213892
v -1730.215576 -55.153194 -14.832652
v -1727.226807 -65.589676 -15.393169
v -1716.543579 -61.762474 -14.355083
v -1710.016357 -73.047821 -17.481091
v -1703.256958 -49.943817 -15.238624
v -1728.951416 9.350292 -5.986213
v -1736.185303 -2.575037 -5.170044
v -1724.964478 4.401585 -7.154983
v -1708.657959 0.896971 -8.526121
v -1728.629761 -4.394419 -7.195928
v -1738.911011 -3.385712 -9.258278
v -1712.886353 21.244312 -1.487220
v -1726.801758 16.767818 -2.153783
v -1734.026123 -8.844927 -8.281654
v -1727.275024 -25.030991 -11.299916
v -1720.761353 -10.969254 -10.813802
v -1711.557373 -13.719043 -10.273662
v -1744.710449 -24.185625 -15.458215
v -1736.760010 -19.573620 -13.071376
v -1800.000000 -87.287048 -17.971273
v -1800.000000 28.962242 -1.404656
v -1800.000000 28.135262 198.651459
v -1811.338379 27.804100 10.619501
v -1900.000000 28.963234 198.645767
v -1826.617432 28.020756 9.329163
v -1873.360718 28.407970 10.303732
v -1816.946167 27.769802 0.657067
v -1842.628784 27.252682 7.672276
v -1821.889282 29.099773 3.929155
v -1841.277832 28.818615 -0.037356
v -1900.000000 -60.055939 -16.251701
v -1900.000610 28.990585 10.802786
v -1858.999878 27.200802 6.046267
v -1873.905029 30.057537 4.158805
v -1863.089355 28.457176 0.738499
v -1887.058716 26.946243 1.263878
v -1900.000000 28.866009 -1.672468
v -1826.013428 -87.326019 -18.106512
v -1814.843018 -77.358910 -19.089636
v -1800.000000 -51.895828 -15.712199
v -1805.228760 -31.277081 -14.193117
v -1815.713379 -63.035503 -14.009123
v -1807.507568 -67.209656 -17.111227
v -1817.739258 -46.045883 -11.864887
v -1838.732300 -44.453911 -17.074003
v -1847.977539 -32.311131 -17.038013
v -1815.926880 -45.751186 -13.654987
v -1824.591187 -56.483810 -16.511131
v -1827.084351 -45.940109 -15.212645
v -1832.006836 -43.974129 -12.247538
v -1832.743896 -52.276733 -15.767118
v -1844.116333 -55.983650 -14.847497
v -1823.511230 -68.080475 -16.477251
v -1836.783691 -75.037956 -17.540440
v -1838.479004 -59.407070 -14.637132
v -1849.009033 -61.862331 -16.561327
v -1800.000000 10.252583 -5.934959
v -1821.321777 17.915867 -4.316628
v -1800.000000 -7.397114 -10.083640
v -1800.579834 22.927319 -2.976990
v -1842.742676 15.384846 -4.784178
v -1812.712646 6.924103 -6.854515
v -1857.364868 8.704273 -5.987679
v -1839.166260 8.142849 -6.713588
v -1847.927979 -10.273783 -6.590074
v -1818.409058 -14.112993 -9.619654
v -1843.202026 -8.012352 -9.420524
v -1821.832886 20.667465 -1.434079
v -1837.103638 19.492149 -1.315585
v -1853.062256 28.156811 -1.584084
v -1854.369629 20.240143 -2.892063
v -1806.644409 -20.355255 -13.242515
v -1800.000000 -23.125444 -13.718741
v -1830.592529 -10.939034 -10.891671
v -1844.192139 -20.627403 -13.361087
v -1812.215576 -21.218960 -11.652079
v -1816.444946 -26.969456 -9.507560
v -1834.360229 -20.960361 -11.872103
v -1831.147339 -25.903488 -10.391004
v -1900.000000 -87.325890 -18.195925
v -1871.686890 -87.251862 -18.423744
v -1879.341675 -81.979187 -19.431738
v -1869.362183 -43.328682 -10.929665
v -1887.158936 -37.738571 -13.833833
v -1859.220703 -37.883533 -13.516545
v -1859.898315 -55.077721 -12.634219
v -1878.054077 -42.064808 -14.114981
v -1869.033813 -74.074112 -18.213884
v -1869.784424 -55.153194 -14.832646
v -1872.773193 -65.589676 -15.393164
v -1883.456421 -61.762474 -14.355076
v -1889.983643 -73.047821 -17.481083
v -1900.000000 -38.775085 -14.833368
v -1896.743042 -49.943817 -15.238615
v -1871.048584 9.350292 -5.986207
v -1863.814697 -2.575037 -5.170038
v -1875.035522 4.401585 -7.154975
v -1891.342041 0.896971 -8.526114
v -1871.370239 -4.394419 -7.195922
v -1861.088989 -3.385712 -9.258272
v -1887.113647 21.244312 -1.487212
v -1873.198242 16.767818 -2.153777
v -1900.000000 10.360767 -5.975613
v -1900.000000 -9.575180 -10.513699
v -1865.973877 -8.844927 -8.281649
v -1872.724976 -25.030991 -11.299911
v -1879.238647 -10.969254 -10.813794
v -1888.442627 -13.719043 -10.273654
v -1855.289551 -24.185625 -15.458210
v -1863.239990 -19.573620 -13.071370
v -1900.000000 -21.383537 -13.704807
v -2000.000000 -87.287048 -17.971264
v -2000.000000 28.962242 -1.404647
v -2000.000000 28.135262 198.651459
v -1988.661621 27.804100 10.619510
v -1973.382568 28.020756 9.329169
v -1926.639282 28.407970 10.303735
v -1983.053833 27.769802 0.657075
v -1957.371216 27.252682 7.672282
v -1978.110718 29.099773 3.929162
v -1958.722168 28.818615 -0.037351
v -1899.999390 28.990585 10.802786
v -1941.000122 27.200802 6.046271
v -1926.094971 30.057537 4.158807
v -1936.910645 28.457176 0.738502
v -1912.941284 26.946243 1.263879
v -1973.986572 -87.326019 -18.106506
v -1985.156982 -77.358910 -19.089628
v -2000.000000 -51.895828 -15.712191
v -1994.771240 -31.277081 -14.193109
v -1984.286621 -63.035503 -14.009116
v -1992.492432 -67.209656 -17.111219
v -1982.260742 -46.045883 -11.864882
v -1961.267700 -44.453911 -17.073997
v -1952.022461 -32.311131 -17.038010
v -1984.073120 -45.751186 -13.654981
v -1975.408813 -56.483810 -16.511126
v -1972.915649 -45.940109 -15.212639
v -1967.993164 -43.974129 -12.247531
v -1967.256104 -52.276733 -15.767111
v -1955.883667 -55.983650 -14.847492
v -1976.488770 -68.080475 -16.477243
v -1963.216309 -75.037956 -17.540434
v -1961.520996 -59.407070 -14.637127
v -1950.990967 -61.862331 -16.561323
v -2000.000000 10.252583 -5.934950
v -1978.678223 17.915867 -4.316621
v -2000.000000 -7.397114 -10.083632
v -1999.420166 22.927319 -2.976981
v -1957.257324 15.384846 -4.784174
v -1987.287354 6.924103 -6.854507
v -1942.635132 8.704273 -5.987675
v -1960.833740 8.142849 -6.713583
v -1952.072021 -10.273783 -6.590068
v -1981.590942 -14.112993 -9.619647
v -1956.797974 -8.012352 -9.420519
v -1978.167114 20.667465 -1.434072
v -1962.896362 19.492149 -1.315579
v -1946.937744 28.156811 -1.584080
v -1945.630371 20.240143 -2.892060
v -1993.355591 -20.355255 -13.242506
v -2000.000000 -23.125444 -13.718733
v -1969.407471 -10.939034 -10.891665
v -1955.807861 -20.627403 -13.361082
v -1987.784424 -21.218960 -11.652070
v -1983.555054 -26.969456 -9.507553
v -1965.639771 -20.960361 -11.872096
v -1968.852661 -25.903488 -10.390997
v -1928.313110 -87.251862 -18.423742
v -1920.658325 -81.979187 -19.431736
v -1930.637817 -43.328682 -10.929662
v -1912.841064 -37.738571 -13.833832
v -1940.779297 -37.883533 -13.516542
v -1940.101685 -55.077721 -12.634216
v -1921.945923 -42.064808 -14.114978
v -1930.966187 -74.074112 -18.213882
v -1930.215576 -55.153194 -14.832644
v -1927.226807 -65.589676 -15.393161
v -1916.543579 -61.762474 -14.355075
v -1910.016357 -73.047821 -17.481083
v -1903.256958 -49.943817 -15.238614
v -1928.951416 9.350292 -5.986204
v -1936.185303 -2.575037 -5.170035
v -1924.964478 4.401585 -7.154974
v -1908.657959 0.896971 -8.526113
v -1928.629761 -4.394419 -7.195919
v -1938.911011 -3.385712 -9.258269
v -1912.886353 21.244312 -1.487211
v -1926.801758 16.767818 -2.153774
v -1934.026123 -8.844927 -8.281646
v -1927.275024 -25.030991 -11.299908
v -1920.761353 -10.969254 -10.813793
v -1911.557373 -13.719043 -10.273653
v -1944.710449 -24.185625 -15.458205
v -1936.760010 -19.573620 -13.071367
v -2000.000000 -87.287048 -17.971264
v -2000.000000 28.962242 -1.404647
v -2000.000000 28.135262 198.651459
v -2011.338379 27.804100 10.619511
v -2100.000000 28.963234 198.645782
v -2026.617432 28.020756 9.329171
v -2073.360840 28.407970 10.303741
v -2016.946167 27.769802 0.657076
v -2042.628784 27.252682 7.672285
v -2021.889282 29.099773 3.929164
v -2041.277832 28.818615 -0.037348
v -2100.000000 -60.055939 -16.251692
v -2100.000488 28.990585 10.802794
v -2059.000000 27.200802 6.046276
v -2073.905029 30.057537 4.158813
v -2063.089355 28.457176 0.738507
v -2087.058594 26.946243 1.263887
v -2100.000000 28.866009 -1.672459
v -2026.013428 -87.326019 -18.106504
v -2014.843018 -77.358910 -19.089626
v -2000.000000 -51.895828 -15.712191
v -2005.228760 -31.277081 -14.193109
v -2015.713379 -63.035503 -14.009114
v -2007.507568 -67.209656 -17.111217
v -2017.739258 -46.045883 -11.864879
v -2038.732300 -44.453911 -17.073996
v -2047.977539 -32.311131 -17.038004
v -2015.926880 -45.751186 -13.654979
v -2024.591187 -56.483810 -16.511124
v -2027.084351 -45.940109 -15.212637
v -2032.006836 -43.974129 -12.247528
v -2032.743896 -52.276733 -15.767108
v -2044.116333 -55.983650 -14.847488
v -2023.511230 -68.080475 -16.477242
v -2036.783691 -75.037956 -17.540432
v -2038.479004 -59.407070 -14.637123
v -2049.009033 -61.862331 -16.561317
v -2000.000000 10.252583 -5.934950
v -2021.321777 17.915867 -4.316619
v -2000.000000 -7.397114 -10.083632
v -2000.579834 22.927319 -2.976981
v -2042.742676 15.384846 -4.784170
v -2012.712646 6.924103 -6.854506
v -2057.364746 8.704273 -5.987671
v -2039.166260 8.142849 -6.713579
v -2047.927979 -10.273783 -6.590065
v -2018.409058 -14.112993 -9.619645
v -2043.202026 -8.012352 -9.420515
v -2021.832886 20.667465 -1.434070
v -2037.103638 19.492149 -1.315576
v -2053.062256 28.156811 -1.584075
v -2054.369629 20.240143 -2.892055
v -2006.644409 -20.355255 -13.242506
v -2000.000000 -23.125444 -13.718733
v -2030.592529 -10.939034 -10.891663
v -2044.192139 -20.627403 -13.361078
v -2012.215576 -21.218960 -11.652069
v -2016.444946 -26.969456 -9.507551
v -2034.360229 -20.960361 -11.872093
v -2031.147339 -25.903488 -10.390994
v -2100.000000 -87.325890 -18.195915
v -2071.687012 -87.251862 -18.423737
v -2079.341797 -81.979187 -19.431730
v -2069.362305 -43.328682 -10.929656
v -2087.158936 -37.738571 -13.833824
v -2059.220703 -37.883533 -13.516537
v -2059.898438 -55.077721 -12.634210
v -2078.054199 -42.064808 -14.114971
v -2069.033691 -74.074112 -18.213877
v -2069.784424 -55.153194 -14.832638
v -2072.773193 -65.589676 -15.393155
v -2083.456543 -61.762474 -14.355067
v -2089.983643 -73.047821 -17.481073
v -2100.000000 -38.775085 -14.833360
v -2096.743164 -49.943817 -15.238605
v -2071.048584 9.350292 -5.986198
v -2063.814697 -2.575037 -5.170029
v -2075.035645 4.401585 -7.154966
v -2091.342041 0.896971 -8.526105
v -2071.370117 -4.394419 -7.195912
v -2061.088867 -3.385712 -9.258264
v -2087.113770 21.244312 -1.487204
v -2073.198242 16.767818 -2.153768
v -2100.000000 10.360767 -5.975604
v -2100.000000 -9.575180 -10.513690
v -2065.973877 -8.844927 -8.281640
v -2072.725098 -25.030991 -11.299902
v -2079.238770 -10.969254 -10.813786
v -2088.442627 -13.719043 -10.273645
v -2055.289551 -24.185625 -15.458200
v -2063.239990 -19.573620 -13.071362
v -2100.000000 -21.383537 -13.704799
v -2200.000000 -87.287048 -17.971256
v -2200.000000 28.962242 -1.404639
v -2200.000000 28.135262 198.651474
v -2188.661621 27.804100 10.619518
v -2173.382568 28.020756 9.329178
v -2126.639160 28.407970 10.303743
v -2183.053955 27.769802 0.657083
v -2157.371338 27.252682 7.672291
v -2178.110596 29.099773 3.929171
v -2158.722168 28.818615 -0.037342
v -2099.999512 28.990585 10.802794
v -2141.000000 27.200802 6.046280
v -2126.094971 30.057537 4.158816
v -2136.910645 28.457176 0.738510
v -2112.941406 26.946243 1.263888
v -2173.986572 -87.326019 -18.106497
v -2185.156982 -77.358910 -19.089619
v -2200.000000 -51.895828 -15.712182
v -2194.771240 -31.277081 -14.193100
v -2184.286621 -63.035503 -14.009106
v -2192.492432 -67.209656 -17.111210
v -2182.260742 -46.045883 -11.864872
v -2161.267822 -44.453911 -17.073990
v -2152.022461 -32.311131 -17.038000
v -2184.072998 -45.751186 -13.654971
v -2175.408691 -56.483810 -16.511116
v -2172.915527 -45.940109 -15.212630
v -2167.993164 -43.974129 -12.247522
v -2167.256104 -52.276733 -15.767102
v -2155.883545 -55.983650 -14.847484
v -2176.488770 -68.080475 -16.477234
v -2163.216309 -75.037956 -17.540426
v -2161.520996 -59.407070 -14.637118
v -2150.990967 -61.862331 -16.561314
v -2200.000000 10.252583 -5.934941
v -2178.678223 17.915867 -4.316612
v -2200.000000 -7.397114 -10.083623
v -2199.420166 22.927319 -2.976973
v -2157.257324 15.384846 -4.784165
v -2187.287354 6.924103 -6.854499
v -2142.635254 8.704273 -5.987667
v -2160.833740 8.142849 -6.713574
v -2152.072021 -10.273783 -6.590060
v -2181.590820 -14.112993 -9.619637
v -2156.797852 -8.012352 -9.420510
v -2178.166992 20.667465 -1.434064
v -2162.896240 19.492149 -1.315570
v -2146.937744 28.156811 -1.584071
v -2145.630371 20.240143 -2.892051
v -2193.355469 -20.355255 -13.242496
v -2200.000000 -23.125444 -13.718724
v -2169.407471 -10.939034 -10.891656
v -2155.807861 -20.627403 -13.361073
v -2187.784424 -21.218960 -11.652062
v -2183.554932 -26.969456 -9.507545
v -2165.639893 -20.960361 -11.872087
v -2168.852539 -25.903488 -10.390988
v -2128.312988 -87.251862 -18.423735
v -2120.658203 -81.979187 -19.431728
v -2130.637695 -43.328682 -10.929653
v -2112.841064 -37.738571 -13.833823
v -2140.779297 -37.883533 -13.516533
v -2140.101562 -55.077721 -12.634207
v -2121.945801 -42.064808 -14.114969
v -2130.966309 -74.074112 -18.213873
v -2130.215576 -55.153194 -14.832635
v -2127.226807 -65.589676 -15.393152
v -2116.543457 -61.762474 -14.355066
v -2110.016357 -73.047821 -17.481073
v -2103.256836 -49.943817 -15.238605
v -2128.951416 9.350292 -5.986195
v -2136.185303 -2.575037 -5.170026
v -2124.964355 4.401585 -7.154964
v -2108.657959 0.896971 -8.526104
v -2128.629883 -4.394419 -7.195910
v -2138.911133 -3.385712 -9.258261
v -2112.886230 21.244312 -1.487202
v -2126.801758 16.767818 -2.153766
v -2134.026123 -8.844927 -8.281637
v -2127.274902 -25.030991 -11.299899
v -2120.761230 -10.969254 -10.813784
v -2111.557373 -13.719043 -10.273643
v -2144.710449 -24.185625 -15.458197
v -2136.760010 -19.573620 -13.071359
v -2200.000000 -87.287048 -17.971256
v -2200.000000 28.962242 -1.404639
v -2200.000000 28.135262 198.651474
v -2211.338379 27.804100 10.619519
v -2300.000000 28.963234 198.645782
v -2226.617432 28.020756 9.329180
v -2273.360840 28.407970 10.303750
v -2216.946045 27.769802 0.657085
v -2242.628662 27.252682 7.672294
v -2221.889404 29.099773 3.929173
v -2241.277832 28.818615 -0.037339
v -2300.000000 -60.055939 -16.251684
v -2300.000488 28.990585 10.802803
v -2258.999756 27.200802 6.046285
v -2273.905029 30.057537 4.158822
v -2263.089355 28.457176 0.738516
v -2287.058594 26.946243 1.263895
v -2300.000000 28.866009 -1.672450
v -2226.013428 -87.326019 -18.106495
v -2214.843018 -77.358910 -19.089619
v -2200.000000 -51.895828 -15.712182
v -2205.228760 -31.277081 -14.193100
v -2215.713379 -63.035503 -14.009106
v -2207.507568 -67.209656 -17.111210
v -2217.739258 -46.045883 -11.864870
v -2238.732178 -44.453911 -17.073986
v -2247.977539 -32.311131 -17.037996
v -2215.927002 -45.751186 -13.654970
v -2224.591309 -56.483810 -16.511114
v -2227.084473 -45.940109 -15.212628
v -2232.006836 -43.974129 -12.247519
v -2232.743896 -52.276733 -15.767099
v -2244.116455 -55.983650 -14.847480
v -2223.511230 -68.080475 -16.477232
v -2236.783691 -75.037956 -17.540422
v -2238.479004 -59.407070 -14.637115
v -2249.009033 -61.862331 -16.561310
v -2200.000000 10.252583 -5.934941
v -2221.321777 17.915867 -4.316610
v -2200.000000 -7.397114 -10.083623
v -2200.579834 22.927319 -2.976973
v -2242.742676 15.384846 -4.784162
v -2212.712646 6.924103 -6.854497
v -2257.364746 8.704273 -5.987662
v -2239.166260 8.142849 -6.713571
v -2247.927979 -10.273783 -6.590056
v -2218.409180 -14.112993 -9.619637
v -2243.202148 -8.012352 -9.420506
v -2221.833008 20.667465 -1.434062
v -2237.103760 19.492149 -1.315567
v -2253.062256 28.156811 -1.584067
v -2254.369629 20.240143 -2.892046
v -2206.644531 -20.355255 -13.242496
v -2200.000000 -23.125444 -13.718724
v -2230.592529 -10.939034 -10.891653
v -2244.192139 -20.627403 -13.361070
v -2212.215576 -21.218960 -11.652061
v -2216.445068 -26.969456 -9.507543
v -2234.360107 -20.960361 -11.872085
v -2231.147461 -25.903488 -10.390985
v -2300.000000 -87.325890 -18.195908
v -2271.687012 -87.251862 -18.423727
v -2279.341553 -81.979187 -19.431721
v -2269.362305 -43.328682 -10.929647
v -2287.158936 -37.738571 -13.833816
v -2259.220703 -37.883533 -13.516528
v -2259.898193 -55.077721 -12.634202
v -2278.054199 -42.064808 -14.114963
v -2269.033691 -74.074112 -18.213867
v -2269.784424 -55.153194 -14.832629
v -2272.773193 -65.589676 -15.393146
v -2283.456299 -61.762474 -14.355059
v -2289.983643 -73.047821 -17.481066
v -2300.000000 -38.775085 -14.833351
v -2296.743164 -49.943817 -15.238597
v -2271.048584 9.350292 -5.986189
v -2263.814697 -2.575037 -5.170021
v -2275.035645 4.401585 -7.154958
v -2291.342041 0.896971 -8.526096
v -2271.370117 -4.394419 -7.195904
v -2261.088867 -3.385712 -9.258255
v -2287.113770 21.244312 -1.487195
v -2273.198242 16.767818 -2.153759
v -2300.000000 10.360767 -5.975595
v -2300.000000 -9.575180 -10.513682
v -2265.973877 -8.844927 -8.281631
v -2272.724854 -25.030991 -11.299892
v -2279.238525 -10.969254 -10.813777
v -2288.442627 -13.719043 -10.273637
v -2255.289551 -24.185625 -15.458192
v -2263.239990 -19.573620 -13.071353
v -2300.000000 -21.383537 -13.704790
v -2400.000000 -87.287048 -17.971247
v -2400.000000 28.962242 -1.404630
v -2400.000000 28.135262 198.651489
v -2388.661621 27.804100 10.619527
v -2373.382568 28.020756 9.329186
v -2326.639160 28.407970 10.303752
v -2383.053711 27.769802 0.657092
v -2357.371338 27.252682 7.672299
v -2378.110840 29.099773 3.929179
v -2358.722168 28.818615 -0.037334
v -2299.999512 28.990585 10.802803
v -2341.000244 27.200802 6.046288
v -2326.094971 30.057537 4.158825
v -2336.910645 28.457176 0.738519
v -2312.941406 26.946243 1.263896
v -2373.986572 -87.326019 -18.106489
v -2385.156982 -77.358910 -19.089611
v -2400.000000 -51.895828 -15.712173
v -2394.771240 -31.277081 -14.193091
v -2384.286621 -63.035503 -14.009098
v -2392.492432 -67.209656 -17.111200
v -2382.260742 -46.045883 -11.864862
v -2361.267578 -44.453911 -17.073980
v -2352.022461 -32.311131 -17.037991
v -2384.072998 -45.751186 -13.654962
v -2375.408691 -56.483810 -16.511108
v -2372.915527 -45.940109 -15.212622
v -2367.993164 -43.974129 -12.247514
v -2367.256104 -52.276733 -15.767094
v -2355.883545 -55.983650 -14.847475
v -2376.488770 -68.080475 -16.477226
v -2363.216309 -75.037956 -17.540417
v -2361.520996 -59.407070 -14.637109
v -2350.990967 -61.862331 -16.561304
v -2400.000000 10.252583 -5.934933
v -2378.678223 17.915867 -4.316603
v -2400.000000 -7.397114 -10.083614
v -2399.420166 22.927319 -2.976964
v -2357.257324 15.384846 -4.784156
v -2387.287354 6.924103 -6.854489
v -2342.635254 8.704273 -5.987658
v -2360.833740 8.142849 -6.713565
v -2352.072021 -10.273783 -6.590052
v -2381.590820 -14.112993 -9.619629
v -2356.797852 -8.012352 -9.420502
v -2378.166992 20.667465 -1.434055
v -2362.896240 19.492149 -1.315562
v -2346.937744 28.156811 -1.584063
v -2345.630371 20.240143 -2.892042
v -2393.355469 -20.355255 -13.242489
v -2400.000000 -23.125444 -13.718716
v -2369.407471 -10.939034 -10.891647
v -2355.807861 -20.627403 -13.361065
v -2387.784424 -21.218960 -11.652053
v -2383.554932 -26.969456 -9.507535
v -2365.639893 -20.960361 -11.872079
v -2368.852539 -25.903488 -10.390980
v -2328.312988 -87.251862 -18.423725
v -2320.658447 -81.979187 -19.431719
v -2330.637695 -43.328682 -10.929645
v -2312.841064 -37.738571 -13.833815
v -2340.779297 -37.883533 -13.516524
v -2340.101807 -55.077721 -12.634198
v -2321.945801 -42.064808 -14.114961
v -2330.966309 -74.074112 -18.213865
v -2330.215576 -55.153194 -14.832626
v -2327.226807 -65.589676 -15.393145
v -2316.543701 -61.762474 -14.355057
v -2310.016357 -73.047821 -17.481064
v -2303.256836 -49.943817 -15.238597
v -2328.951416 9.350292 -5.986187
v -2336.185303 -2.575037 -5.170017
v -2324.964355 4.401585 -7.154955
v -2308.657959 0.896971 -8.526094
v -2328.629883 -4.394419 -7.195901
v -2338.911133 -3.385712 -9.258251
v -2312.886230 21.244312 -1.487194
v -2326.801758 16.767818 -2.153757
v -2334.026123 -8.844927 -8.281629
v -2327.275146 -25.030991 -11.299891
v -2320.761475 -10.969254 -10.813775
v -2311.557373 -13.719043 -10.273636
v -2344.710449 -24.185625 -15.458188
v -2336.760010 -19.573620 -13.071349
v -2400.000000 -87.287048 -17.971247
v -2400.000000 28.962242 -1.404630
v -2400.000000 28.135262 198.651489
v -2411.338379 27.804100 10.619528
v -2500.000000 28.963234 198.645798
v -2426.617432 28.020756 9.329189
v -2473.360840 28.407970 10.303759
v -2416.946289 27.769802 0.657093
v -2442.628662 27.252682 7.672303
v -2421.889160 29.099773 3.929181
v -2441.277832 28.818615 -0.037330
v -2500.000000 -60.055939 -16.251675
v -2500.000488 28.990585 10.802812
v -2458.999756 27.200802 6.046294
v -2473.905029 30.057537 4.158831
v -2463.089355 28.457176 0.738525
v -2487.058594 26.946243 1.263904
v -2500.000000 28.866009 -1.672442
v -2426.013428 -87.326019 -18.106487
v -2414.843018 -77.358910 -19.089609
v -2400.000000 -51.895828 -15.712173
v -2405.228760 -31.277081 -14.193090
v -2415.713379 -63.035503 -14.009097
v -2407.507568 -67.209656 -17.111200
v -2417.739258 -46.045883 -11.864861
v -2438.732422 -44.453911 -17.073977
v -2447.977539 -32.311131 -17.037987
v -2415.927002 -45.751186 -13.654962
v -2424.591309 -56.483810 -16.511106
v -2427.084473 -45.940109 -15.212619
v -2432.006836 -43.974129 -12.247511
v -2432.743896 -52.276733 -15.767091
v -2444.116455 -55.983650 -14.847471
v -2423.511230 -68.080475 -16.477224
v -2436.783691 -75.037956 -17.540413
v -2438.479004 -59.407070 -14.637106
v -2449.009033 -61.862331 -16.561300
v -2400.000000 10.252583 -5.934933
v -2421.321777 17.915867 -4.316601
v -2400.000000 -7.397114 -10.083614
v -2400.579834 22.927319 -2.976964
v -2442.742676 15.384846 -4.784153
v -2412.712646 6.924103 -6.854489
v -2457.364746 8.704273 -5.987653
v -2439.166260 8.142849 -6.713562
v -2447.927979 -10.273783 -6.590047
v -2418.409180 -14.112993 -9.619628
v -2443.202148 -8.012352 -9.420498
v -2421.833008 20.667465 -1.434053
v -2437.103760 19.492149 -1.315558
v -2453.062256 28.156811 -1.584058
v -2454.369629 20.240143 -2.892037
v -2406.644531 -20.355255 -13.242488
v -2400.000000 -23.125444 -13.718716
v -2430.592529 -10.939034 -10.891644
v -2444.192139 -20.627403 -13.361061
v -2412.215576 -21.218960 -11.652052
v -2416.445068 -26.969456 -9.507534
v -2434.360107 -20.960361 -11.872076
v -2431.147461 -25.903488 -10.390977
v -2500.000000 -87.325890 -18.195898
v -2471.687012 -87.251862 -18.423719
v -2479.341553 -81.979187 -19.431711
v -2469.362305 -43.328682 -10.929638
v -2487.158936 -37.738571 -13.833807
v -2459.220703 -37.883533 -13.516521
v -2459.898193 -55.077721 -12.634193
v -2478.054199 -42.064808 -14.114954
v -2469.033691 -74.074112 -18.213860
v -2469.784424 -55.153194 -14.832620
v -2472.773193 -65.589676 -15.393137
v -2483.456299 -61.762474 -14.355050
v -2489.983643 -73.047821 -17.481056
v -2500.000000 -38.775085 -14.833344
v -2496.743164 -49.943817 -15.238588
v -2471.048584 9.350292 -5.986180
v -2463.814697 -2.575037 -5.170012
v -2475.035645 4.401585 -7.154949
v -2491.342041 0.896971 -8.526087
v -2471.370117 -4.394419 -7.195895
v -2461.088867 -3.385712 -9.258247
v -2487.113770 21.244312 -1.487186
v -2473.198242 16.767818 -2.153751
v -2500.000000 10.360767 -5.975587
v -2500.000000 -9.575180 -10.513673
v -2465.973877 -8.844927 -8.281623
v -2472.724854 -25.030991 -11.299884
v -2479.238525 -10.969254 -10.813768
v -2488.442627 -13.719043 -10.273628
v -2455.289551 -24.185625 -15.458183
v -2463.239990 -19.573620 -13.071344
v -2500.000000 -21.383537 -13.704782
v -2600.000000 -87.287048 -17.971239
v -2600.000000 28.962242 -1.404621
v -2600.000000 28.135262 198.651489
v -2588.661621 27.804100 10.619535
v -2573.382568 28.020756 9.329195
v -2526.639160 28.407970 10.303761
v -2583.053711 27.769802 0.657101
v -2557.371338 27.252682 7.672307
v -2578.110840 29.099773 3.929188
v -2558.722168 28.818615 -0.037325
v -2499.999512 28.990585 10.802812
v -2541.000244 27.200802 6.046297
v -2526.094971 30.057537 4.158833
v -2536.910645 28.457176 0.738528
v -2512.941406 26.946243 1.263905
v -2573.986572 -87.326019 -18.106480
v -2585.156982 -77.358910 -19.089602
v -2600.000000 -51.895828 -15.712164
v -2594.771240 -31.277081 -14.193083
v -2584.286621 -63.035503 -14.009089
v -2592.492432 -67.209656 -17.111193
v -2582.260742 -46.045883 -11.864854
v -2561.267578 -44.453911 -17.073973
v -2552.022461 -32.311131 -17.037983
v -2584.072998 -45.751186 -13.654954
v -2575.408691 -56.483810 -16.511099
v -2572.915527 -45.940109 -15.212613
v -2567.993164 -43.974129 -12.247505
v -2567.256104 -52.276733 -15.767085
v -2555.883545 -55.983650 -14.847466
v -2576.488770 -68.080475 -16.477217
v -2563.216309 -75.037956 -17.540409
v -2561.520996 -59.407070 -14.637100
v -2550.990967 -61.862331 -16.561296
v -2600.000000 10.252583 -5.934924
v -2578.678223 17.915867 -4.316596
v -2600.000000 -7.397114 -10.083605
v -2599.420166 22.927319 -2.976955
v -2557.257324 15.384846 -4.784147
v -2587.287354 6.924103 -6.854481
v -2542.635254 8.704273 -5.987649
v -2560.833740 8.142849 -6.713556
v -2552.072021 -10.273783 -6.590043
v -2581.590820 -14.112993 -9.619620
v -2556.797852 -8.012352 -9.420492
v -2578.166992 20.667465 -1.434046
v -2562.896240 19.492149 -1.315553
v -2546.937744 28.156811 -1.584054
v -2545.630371 20.240143 -2.892033
v -2593.355469 -20.355255 -13.242480
v -2600.000000 -23.125444 -13.718706
v -2569.407471 -10.939034 -10.891639
v -2555.807861 -20.627403 -13.361055
v -2587.784424 -21.218960 -11.652044
v -2583.554932 -26.969456 -9.507526
v -2565.639893 -20.960361 -11.872070
v -2568.852539 -25.903488 -10.390971
v -2528.312988 -87.251862 -18.423716
v -2520.658447 -81.979187 -19.431711
v -2530.637695 -43.328682 -10.929636
v -2512.841064 -37.738571 -13.833805
v -2540.779297 -37.883533 -13.516516
v -2540.101807 -55.077721 -12.634191
v -2521.945801 -42.064808 -14.114952
v -2530.966309 -74.074112 -18.213856
v -2530.215576 -55.153194 -14.832618
v -2527.226807 -65.589676 -15.393135
v -2516.543701 -61.762474 -14.355048
v -2510.016357 -73.047821 -17.481056
v -2503.256836 -49.943817 -15.238588
v -2528.951416 9.350292 -5.986178
v -2536.185303 -2.575037 -5.170009
v -2524.964355 4.401585 -7.154947
v -2508.657959 0.896971 -8.526087
v -2528.629883 -4.394419 -7.195892
v -2538.911133 -3.385712 -9.258243
v -2512.886230 21.244312 -1.487185
v -2526.801758 16.767818 -2.153748
v -2534.026123 -8.844927 -8.281619
v -2527.275146 -25.030991 -11.299882
v -2520.761475 -10.969254 -10.813766
v -2511.557373 -13.719043 -10.273626
v -2544.710449 -24.185625 -15.458179
v -2536.760010 -19.573620 -13.071341
v -2600.000000 -87.287048 -17.971239
v -2600.000000 28.962242 -1.404621
v -2600.000000 28.135262 198.651489
v -2611.338379 27.804100 10.619536
v -2700.000000 28.963234 198.645798
v -2626.617432 28.020756 9.329198
v -2673.360840 28.407970 10.303767
v -2616.946289 27.769802 0.657102
v -2642.628662 27.252682 7.672312
v -2621.889160 29.099773 3.929190
v -2641.277832 28.818615 -0.037321
v -2700.000000 -60.055939 -16.251665
v -2700.000488 28.990585 10.802820
v -2658.999756 27.200802 6.046303
v -2673.905029 30.057537 4.158840
v -2663.089355 28.457176 0.738533
v -2687.058594 26.946243 1.263913
v -2700.000000 28.866009 -1.672433
v -2626.013428 -87.326019 -18.106478
v -2614.843018 -77.358910 -19.089600
v -2600.000000 -51.895828 -15.712164
v -2605.228760 -31.277081 -14.193082
v -2615.713379 -63.035503 -14.009089
v -2607.507568 -67.209656 -17.111193
v -2617.739258 -46.045883 -11.864853
v -2638.732422 -44.453911 -17.073969
v -2647.977539 -32.311131 -17.037979
v -2615.927002 -45.751186 -13.654953
v -2624.591309 -56.483810 -16.511097
v -2627.084473 -45.940109 -15.212610
v -2632.006836 -43.974129 -12.247502
v -2632.743896 -52.276733 -15.767082
v -2644.116455 -55.983650 -14.847462
v -2623.511230 -68.080475 -16.477215
v -2636.783691 -75.037956 -17.540405
v -2638.479004 -59.407070 -14.637097
v -2649.009033 -61.862331 -16.561293
v -2600.000000 10.252583 -5.934924
v -2621.321777 17.915867 -4.316593
v -2600.000000 -7.397114 -10.083605
v -2600.579834 22.927319 -2.976955
v -2642.742676 15.384846 -4.784144
v -2612.712646 6.924103 -6.854480
v -2657.364746 8.704273 -5.987644
v -2639.166260 8.142849 -6.713553
v -2647.927979 -10.273783 -6.590038
v -2618.409180 -14.112993 -9.619619
v -2643.202148 -8.012352 -9.420488
v -2621.833008 20.667465 -1.434044
v -2637.103760 19.492149 -1.315550
v -2653.062256 28.156811 -1.584049
v -2654.369629 20.240143 -2.892029
v -2606.644531 -20.355255 -13.242479
v -2600.000000 -23.125444 -13.718706
v -2630.592529 -10.939034 -10.891636
v -2644.192139 -20.627403 -13.361052
v -2612.215576 -21.218960 -11.652043
v -2616.445068 -26.969456 -9.507525
v -2634.360352 -20.960361 -11.872066
v -2631.147461 -25.903488 -10.390968
v -2700.000000 -87.325890 -18.195889
v -2671.687012 -87.251862 -18.423710
v -2679.341797 -81.979187 -19.431704
v -2669.362305 -43.328682 -10.929629
v -2687.158936 -37.738571 -13.833797
v -2659.220703 -37.883533 -13.516511
v -2659.898193 -55.077721 -12.634185
v -2678.054199 -42.064808 -14.114945
v -2669.033691 -74.074112 -18.213850
v -2669.784424 -55.153194 -14.832611
v -2672.773193 -65.589676 -15.393128
v -2683.456299 -61.762474 -14.355042
v -2689.983643 -73.047821 -17.481049
v -2700.000000 -38.775085 -14.833334
v -2696.743164 -49.943817 -15.238580
v -2671.048584 9.350292 -5.986171
v -2663.814697 -2.575037 -5.170003
v -2675.035645 4.401585 -7.154941
v -2691.342041 0.896971 -8.526078
v -2671.370117 -4.394419 -7.195886
v -2661.088867 -3.385712 -9.258238
v -2687.113770 21.244312 -1.487177
v -2673.198242 16.767818 -2.153742
v -2700.000000 10.360767 -5.975578
v -2700.000000 -9.575180 -10.513664
v -2665.973877 -8.844927 -8.281613
v -2672.725098 -25.030991 -11.299875
v -2679.238770 -10.969254 -10.813760
v -2688.442627 -13.719043 -10.273619
v -2655.289551 -24.185625 -15.458175
v -2663.239990 -19.573620 -13.071336
v -2700.000000 -21.383537 -13.704773
v -2800.000000 -87.287048 -17.971230
v -2800.000000 28.962242 -1.404612
v -2800.000000 28.135262 198.651505
v -2788.661621 27.804100 10.619544
v -2773.382568 28.020756 9.329205
v -2726.639160 28.407970 10.303769
v -2783.053711 27.769802 0.657109
v -2757.371338 27.252682 7.672317
v -2778.110840 29.099773 3.929197
v -2758.722168 28.818615 -0.037316
v -2699.999512 28.990585 10.802820
v -2741.000244 27.200802 6.046306
v -2726.094971 30.057537 4.158842
v -2736.910645 28.457176 0.738537
v -2712.941406 26.946243 1.263914
v -2773.986572 -87.326019 -18.106472
v -2785.156982 -77.358910 -19.089592
v -2800.000000 -51.895828 -15.712155
v -2794.771240 -31.277081 -14.193073
v -2784.286621 -63.035503 -14.009081
v -2792.492432 -67.209656 -17.111183
v -2782.260742 -46.045883 -11.864845
v -2761.267578 -44.453911 -17.073963
v -2752.022461 -32.311131 -17.037973
v -2784.072998 -45.751186 -13.654945
v -2775.408691 -56.483810 -16.511091
v -2772.915527 -45.940109 -15.212605
v -2767.993164 -43.974129 -12.247497
v -2767.256104 -52.276733 -15.767076
v -2755.883545 -55.983650 -14.847457
v -2776.488770 -68.080475 -16.477209
v -2763.216309 -75.037956 -17.540400
v -2761.520996 -59.407070 -14.637092
v -2750.990967 -61.862331 -16.561287
v -2800.000000 10.252583 -5.934915
v -2778.678223 17.915867 -4.316586
v -2800.000000 -7.397114 -10.083596
v -2799.420166 22.927319 -2.976946
v -2757.257324 15.384846 -4.784138
v -2787.287354 6.924103 -6.854472
v -2742.635254 8.704273 -5.987641
v -2760.833740 8.142849 -6.713548
v -2752.072021 -10.273783 -6.590034
v -2781.590820 -14.112993 -9.619612
v -2756.797852 -8.012352 -9.420484
v -2778.166992 20.667465 -1.434037
v -2762.896240 19.492149 -1.315544
v -2746.937744 28.156811 -1.584045
v -2745.630371 20.240143 -2.892024
v -2793.355469 -20.355255 -13.242472
v -2800.000000 -23.125444 -13.718698
v -2769.407471 -10.939034 -10.891630
v -2755.807861 -20.627403 -13.361047
v -2787.784424 -21.218960 -11.652036
v -2783.554932 -26.969456 -9.507518
v -2765.639648 -20.960361 -11.872062
v -2768.852539 -25.903488 -10.390963
v -2728.312988 -87.251862 -18.423708
v -2720.658203 -81.979187 -19.431702
v -2730.637695 -43.328682 -10.929626
v -2712.841064 -37.738571 -13.833797
v -2740.779297 -37.883533 -13.516507
v -2740.101807 -55.077721 -12.634181
v -2721.945801 -42.064808 -14.114944
v -2730.966309 -74.074112 -18.213848
v -2730.215576 -55.153194 -14.832608
v -2727.226807 -65.589676 -15.393126
v -2716.543701 -61.762474 -14.355040
v -2710.016357 -73.047821 -17.481047
v -2703.256836 -49.943817 -15.238580
v -2728.951416 9.350292 -5.986169
v -2736.185303 -2.575037 -5.170000
v -2724.964355 4.401585 -7.154938
v -2708.657959 0.896971 -8.526077
v -2728.629883 -4.394419 -7.195884
v -2738.911133 -3.385712 -9.258234
v -2712.886230 21.244312 -1.487176
v -2726.801758 16.767818 -2.153738
v -2734.026123 -8.844927 -8.281610
v -2727.274902 -25.030991 -11.299873
v -2720.761230 -10.969254 -10.813758
v -2711.557373 -13.719043 -10.273618
v -2744.710449 -24.185625 -15.458171
v -2736.760010 -19.573620 -13.071332
v -2800.000000 -87.287048 -17.971230
v -2800.000000 28.962242 -1.404612
v -2800.000000 28.135262 198.651505
v -2811.338379 27.804100 10.619545
v -2900.000000 28.963234 198.645813
v -2826.617432 28.020756 9.329206
v -2873.360840 28.407970 10.303776
v -2816.946289 27.769802 0.657111
v -2842.628662 27.252682 7.672320
v -2821.889160 29.099773 3.929199
v -2841.277832 28.818615 -0.037313
v -2900.000000 -60.055939 -16.251657
v -2900.000488 28.990585 10.802829
v -2858.999756 27.200802 6.046311
v -2873.905029 30.057537 4.158849
v -2863.089355 28.457176 0.738542
v -2887.058594 26.946243 1.263921
v -2900.000000 28.866009 -1.672424
v -2826.013428 -87.326019 -18.106470
v -2814.843018 -77.358910 -19.089592
v -2800.000000 -51.895828 -15.712155
v -2805.228760 -31.277081 -14.193073
v -2815.713379 -63.035503 -14.009080
v -2807.507568 -67.209656 -17.111183
v -2817.739258 -46.045883 -11.864843
v -2838.732422 -44.453911 -17.073959
v -2847.977539 -32.311131 -17.037970
v -2815.927002 -45.751186 -13.654944
v -2824.591309 -56.483810 -16.511089
v -2827.084473 -45.940109 -15.212602
v -2832.006836 -43.974129 -12.247494
v -2832.743896 -52.276733 -15.767074
v -2844.116455 -55.983650 -14.847453
v -2823.511230 -68.080475 -16.477207
v -2836.783691 -75.037956 -17.540396
v -2838.479004 -59.407070 -14.637088
v -2849.009033 -61.862331 -16.561283
v -2800.000000 10.252583 -5.934915
v -2821.321777 17.915867 -4.316584
v -2800.000000 -7.397114 -10.083596
v -2800.579834 22.927319 -2.976946
v -2842.742676 15.384846 -4.784135
v -2812.712646 6.924103 -6.854471
v -2857.364746 8.704273 -5.987635
v -2839.166260 8.142849 -6.713545
v -2847.927979 -10.273783 -6.590029
v -2818.409180 -14.112993 -9.619610
v -2843.202148 -8.012352 -9.420480
v -2821.833008 20.667465 -1.434035
v -2837.103760 19.492149 -1.315541
v -2853.062256 28.156811 -1.584040
v -2854.369629 20.240143 -2.892020
v -2806.644531 -20.355255 -13.242471
v -2800.000000 -23.125444 -13.718698
v -2830.592529 -10.939034 -10.891627
v -2844.192139 -20.627403 -13.361043
v -2812.215576 -21.218960 -11.652035
v -2816.445068 -26.969456 -9.507516
v -2834.360352 -20.960361 -11.872059
v -2831.147461 -25.903488 -10.390960
v -2900.000000 -87.325890 -18.195881
v -2871.687012 -87.251862 -18.423700
v -2879.341797 -81.979187 -19.431694
v -2869.362305 -43.328682 -10.929621
v -2887.158936 -37.738571 -13.833789
v -2859.220703 -37.883533 -13.516502
v -2859.898193 -55.077721 -12.634176
v -2878.054199 -42.064808 -14.114937
v -2869.033691 -74.074112 -18.213842
v -2869.784424 -55.153194 -14.832603
v -2872.773193 -65.589676 -15.393120
v -2883.456299 -61.762474 -14.355032
v -2889.983643 -73.047821 -17.481039
v -2900.000000 -38.775085 -14.833325
v -2896.743164 -49.943817 -15.238571
v -2871.048584 9.350292 -5.986163
v -2863.814697 -2.575037 -5.169994
v -2875.035645 4.401585 -7.154932
v -2891.342041 0.896971 -8.526070
v -2871.370117 -4.394419 -7.195878
v -2861.088867 -3.385712 -9.258228
v -2887.113770 21.244312 -1.487169
v -2873.198242 16.767818 -2.153733
v -2900.000000 10.360767 -5.975569
v -2900.000000 -9.575180 -10.513656
v -2865.973877 -8.844927 -8.281605
v -2872.725098 -25.030991 -11.299867
v -2879.238770 -10.969254 -10.813751
v -2888.442627 -13.719043 -10.273610
v -2855.289551 -24.185625 -15.458166
v -2863.239990 -19.573620 -13.071326
v -2900.000000 -21.383537 -13.704764
v -3000.000000 -87.287048 -17.971222
v -3000.000000 28.962242 -1.404604
v -3000.000000 28.135262 198.651505
v -2988.661621 27.804100 10.619553
v -2973.382568 28.020756 9.329213
v -2926.639160 28.407970 10.303779
v -2983.053711 27.769802 0.657118
v -2957.371338 27.252682 7.672325
v -2978.110840 29.099773 3.929206
v -2958.722168 28.818615 -0.037307
v -2899.999512 28.990585 10.802829
v -2941.000244 27.200802 6.046315
v -2926.094971 30.057537 4.158851
v -2936.910645 28.457176 0.738545
v -2912.941406 26.946243 1.263923
v -2973.986572 -87.326019 -18.106462
v -2985.156982 -77.358910 -19.089584
v -3000.000000 -51.895828 -15.712147
v -2994.771240 -31.277081 -14.193065
v -2984.286621 -63.035503 -14.009072
v -2992.492432 -67.209656 -17.111176
v -2982.260742 -46.045883 -11.864837
v -2961.267578 -44.453911 -17.073954
v -2952.022461 -32.311131 -17.037966
v -2984.072998 -45.751186 -13.654937
v -2975.408691 -56.483810 -16.511082
v -2972.915527 -45.940109 -15.212595
v -2967.993164 -43.974129 -12.247488
v -2967.256104 -52.276733 -15.767068
v -2955.883545 -55.983650 -14.847448
v -2976.488770 -68.080475 -16.477200
v -2963.216309 -75.037956 -17.540390
v -2961.520996 -59.407070 -14.637083
v -2950.990967 -61.862331 -16.561279
v -3000.000000 10.252583 -5.934907
v -2978.678223 17.915867 -4.316577
v -3000.000000 -7.397114 -10.083588
v -2999.420166 22.927319 -2.976937
v -2957.257324 15.384846 -4.784131
v -2987.287354 6.924103 -6.854463
v -2942.635254 8.704273 -5.987631
v -2960.833740 8.142849 -6.713539
v -2952.072021 -10.273783 -6.590025
v -2981.590820 -14.112993 -9.619603
v -2956.797852 -8.012352 -9.420475
v -2978.166992 20.667465 -1.434029
v -2962.896240 19.492149 -1.315535
v -2946.937744 28.156811 -1.584036
v -2945.630371 20.240143 -2.892016
v -2993.355469 -20.355255 -13.242462
v -3000.000000 -23.125444 -13.718689
v -2969.407471 -10.939034 -10.891621
v -2955.807861 -20.627403 -13.361038
v -2987.784424 -21.218960 -11.652027
v -2983.554932 -26.969456 -9.507509
v -2965.639648 -20.960361 -11.872053
v -2968.852539 -25.903488 -10.390954
v -2928.312988 -87.251862 -18.423698
v -2920.658203 -81.979187 -19.431692
v -2930.637695 -43.328682 -10.929618
v -2912.841064 -37.738571 -13.833788
v -2940.779297 -37.883533 -13.516500
v -2940.101807 -55.077721 -12.634172
v -2921.945801 -42.064808 -14.114935
v -2930.966309 -74.074112 -18.213839
v -2930.215576 -55.153194 -14.832600
v -2927.226807 -65.589676 -15.393117
v -2916.543701 -61.762474 -14.355031
v -2910.016357 -73.047821 -17.481039
v -2903.256836 -49.943817 -15.238571
v -2928.951416 9.350292 -5.986160
v -2936.185303 -2.575037 -5.169991
v -2924.964355 4.401585 -7.154929
v -2908.657959 0.896971 -8.526069
v -2928.629883 -4.394419 -7.195875
v -2938.911133 -3.385712 -9.258225
v -2912.886230 21.244312 -1.487168
v -2926.801758 16.767818 -2.153731
v -2934.026123 -8.844927 -8.281602
v -2927.274902 -25.030991 -11.299864
v -2920.761230 -10.969254 -10.813749
v -2911.557373 -13.719043 -10.273609
v -2944.710449 -24.185625 -15.458162
v -2936.760010 -19.573620 -13.071323
v -3000.000000 -87.287048 -17.971222
v -3000.000000 28.962242 -1.404604
v -3000.000000 28.135262 198.651505
v -3011.338379 27.804100 10.619554
v -3100.000000 28.963234 198.645828
v -3026.617432 28.020756 9.329215
v -3073.360840 28.407970 10.303784
v -3016.946289 27.769802 0.657120
v -3042.628662 27.252682 7.672328
v -3021.889160 29.099773 3.929208
v -3041.277832 28.818615 -0.037304
v -3100.000000 -60.055939 -16.251648
v -3100.000488 28.990585 10.802838
v -3058.999756 27.200802 6.046319
v -3073.905029 30.057537 4.158858
v -3063.089355 28.457176 0.738551
v -3087.058594 26.946243 1.263930
v -3100.000000 28.866009 -1.672415
v -3026.013428 -87.326019 -18.106461
v -3014.843018 -77.358910 -19.089582
v -3000.000000 -51.895828 -15.712147
v -3005.228760 -31.277081 -14.193065
v -3015.713379 -63.035503 -14.009070
v -3007.507568 -67.209656 -17.111174
v -3017.739258 -46.045883 -11.864835
v -3038.732422 -44.453911 -17.073952
v -3047.977539 -32.311131 -17.037960
v -3015.927002 -45.751186 -13.654935
v -3024.591309 -56.483810 -16.511080
v -3027.084473 -45.940109 -15.212593
v -3032.006836 -43.974129 -12.247485
v -3032.743896 -52.276733 -15.767065
v -3044.116455 -55.983650 -14.847445
v -3023.511230 -68.080475 -16.477198
v -3036.783691 -75.037956 -17.540388
v -3038.479004 -59.407070 -14.637079
v -3049.009033 -61.862331 -16.561274
v -3000.000000 10.252583 -5.934907
v -3021.321777 17.915867 -4.316576
v -3000.000000 -7.397114 -10.083588
v -3000.579834 22.927319 -2.976937
v -3042.742676 15.384846 -4.784126
v -3012.712646 6.924103 -6.854462
v -3057.364746 8.704273 -5.987627
v -3039.166260 8.142849 -6.713536
v -3047.927979 -10.273783 -6.590022
v -3018.409180 -14.112993 -9.619601
v -3043.202148 -8.012352 -9.420471
v -3021.833008 20.667465 -1.434027
v -3037.103760 19.492149 -1.315532
v -3053.062256 28.156811 -1.584032
v -3054.369629 20.240143 -2.892011
v -3006.644531 -20.355255 -13.242462
v -3000.000000 -23.125444 -13.718689
v -3030.592529 -10.939034 -10.891619
v -3044.192139 -20.627403 -13.361034
v -3012.215576 -21.218960 -11.652026
v -3016.445068 -26.969456 -9.507507
v -3034.360352 -20.960361 -11.872050
v -3031.147461 -25.903488 -10.390951
v -3100.000000 -87.325890 -18.195871
v -3071.687012 -87.251862 -18.423693
v -3079.341797 -81.979187 -19.431686
v -3069.362305 -43.328682 -10.929612
v -3087.158936 -37.738571 -13.833780
v -3059.220703 -37.883533 -13.516493
v -3059.898193 -55.077721 -12.634167
v -3078.054199 -42.064808 -14.114928
v -3069.033691 -74.074112 -18.213833
v -3069.784424 -55.153194 -14.832594
v -3072.773193 -65.589676 -15.393111
v -3083.456299 -61.762474 -14.355023
v -3089.983643 -73.047821 -17.481030
v -3100.000000 -38.775085 -14.833316
v -3096.743164 -49.943817 -15.238562
v -3071.048584 9.350292 -5.986154
v -3063.814697 -2.575037 -5.169985
v -3075.035645 4.401585 -7.154923
v -3091.342041 0.896971 -8.526061
v -3071.370117 -4.394419 -7.195869
v -3061.088867 -3.385712 -9.258220
v -3087.113770 21.244312 -1.487160
v -3073.198242 16.767818 -2.153723
v -3100.000000 10.360767 -5.975560
v -3100.000000 -9.575180 -10.513646
v -3065.973877 -8.844927 -8.281596
v -3072.725098 -25.030991 -11.299858
v -3079.238770 -10.969254 -10.813742
v -3088.442627 -13.719043 -10.273602
v -3055.289551 -24.185625 -15.458158
v -3063.239990 -19.573620 -13.071318
v -3100.000000 -21.383537 -13.704755
v -3200.000000 -87.287048 -17.971212
v -3200.000000 28.962242 -1.404595
v -3200.000000 28.135262 198.651520
v -3188.661621 27.804100 10.619562
v -3173.382568 28.020756 9.329221
v -3126.639160 28.407970 10.303787
v -3183.053711 27.769802 0.657127
v -3157.371094 27.252682 7.672334
v -3178.110840 29.099773 3.929214
v -3158.722168 28.818615 -0.037299
v -3099.999512 28.990585 10.802838
v -3141.000000 27.200802 6.046324
v -3126.094971 30.057537 4.158860
v -3136.910645 28.457176 0.738554
v -3112.941406 26.946243 1.263931
v -3173.986572 -87.326019 -18.106455
v -3185.156982 -77.358910 -19.089575
v -3200.000000 -51.895828 -15.712138
v -3194.771240 -31.277081 -14.193056
v -3184.286621 -63.035503 -14.009064
v -3192.492432 -67.209656 -17.111166
v -3182.260742 -46.045883 -11.864828
v -3161.267578 -44.453911 -17.073946
v -3152.022461 -32.311131 -17.037956
v -3184.073242 -45.751186 -13.654928
v -3175.408691 -56.483810 -16.511074
v -3172.915527 -45.940109 -15.212586
v -3167.993164 -43.974129 -12.247478
v -3167.256104 -52.276733 -15.767058
v -3155.883789 -55.983650 -14.847440
v -3176.488770 -68.080475 -16.477190
v -3163.216309 -75.037956 -17.540382
v -3161.520996 -59.407070 -14.637074
v -3150.990967 -61.862331 -16.561270
v -3200.000000 10.252583 -5.934898
v -3178.678223 17.915867 -4.316569
v -3200.000000 -7.397114 -10.083579
v -3199.420166 22.927319 -2.976929
v -3157.257324 15.384846 -4.784122
v -3187.287354 6.924103 -6.854455
v -3142.635254 8.704273 -5.987623
v -3160.833740 8.142849 -6.713530
v -3152.072021 -10.273783 -6.590016
v -3181.590820 -14.112993 -9.619595
v -3156.797852 -8.012352 -9.420467
v -3178.166992 20.667465 -1.434020
v -3162.896484 19.492149 -1.315527
v -3146.937744 28.156811 -1.584028
v -3145.630371 20.240143 -2.892007
v -3193.355469 -20.355255 -13.242454
v -3200.000000 -23.125444 -13.718680
v -3169.407471 -10.939034 -10.891612
v -3155.807861 -20.627403 -13.361030
v -3187.784424 -21.218960 -11.652018
v -3183.555176 -26.969456 -9.507501
v -3165.639648 -20.960361 -11.872044
v -3168.852539 -25.903488 -10.390944
v -3128.312988 -87.251862 -18.423691
v -3120.658203 -81.979187 -19.431684
v -3130.637695 -43.328682 -10.929609
v -3112.841064 -37.738571 -13.833779
v -3140.779297 -37.883533 -13.516490
v -3140.101562 -55.077721 -12.634164
v -3121.945801 -42.064808 -14.114925
v -3130.966309 -74.074112 -18.213831
v -3130.215576 -55.153194 -14.832591
v -3127.226807 -65.589676 -15.393108
v -3116.543701 -61.762474 -14.355022
v -3110.016357 -73.047821 -17.481030
v -3103.256836 -49.943817 -15.238562
v -3128.951416 9.350292 -5.986151
v -3136.185303 -2.575037 -5.169983
v -3124.964355 4.401585 -7.154922
v -3108.657959 0.896971 -8.526060
v -3128.629883 -4.394419 -7.195866
v -3138.911133 -3.385712 -9.258217
v -3112.886230 21.244312 -1.487159
v -3126.801758 16.767818 -2.153722
v -3134.026123 -8.844927 -8.281593
v -3127.274902 -25.030991 -11.299855
v -3120.761230 -10.969254 -10.813741
v -3111.557373 -13.719043 -10.273601
v -3144.710449 -24.185625 -15.458153
v -3136.760010 -19.573620 -13.071315
v -3200.000000 -87.287048 -17.971212
v -3200.000000 28.962242 -1.404595
v -3200.000000 28.135262 198.651520
v -3211.338379 27.804100 10.619563
v -3300.000000 28.963234 198.645828
v -3226.617432 28.020756 9.329224
v -3273.360840 28.407970 10.303793
v -3216.946289 27.769802 0.657128
v -3242.628906 27.252682 7.672338
v -3221.889160 29.099773 3.929216
v -3241.277832 28.818615 -0.037295
v -3300.000000 -60.055939 -16.251640
v -3300.000488 28.990585 10.802847
v -3259.000000 27.200802 6.046329
v -3273.905029 30.057537 4.158866
v -3263.089355 28.457176 0.738560
v -3287.058594 26.946243 1.263939
v -3300.000000 28.866009 -1.672407
v -3226.013428 -87.326019 -18.106451
v -3214.843018 -77.358910 -19.089575
v -3200.000000 -51.895828 -15.712138
v -3205.228760 -31.277081 -14.193056
v -3215.713379 -63.035503 -14.009062
v -3207.507568 -67.209656 -17.111166
v -3217.739258 -46.045883 -11.864826
v -3238.732422 -44.453911 -17.073942
v -3247.977539 -32.311131 -17.037952
v -3215.926758 -45.751186 -13.654926
v -3224.591309 -56.483810 -16.511070
v -3227.084473 -45.940109 -15.212584
v -3232.006836 -43.974129 -12.247476
v -3232.743896 -52.276733 -15.767056
v -3244.116211 -55.983650 -14.847436
v -3223.511230 -68.080475 -16.477188
v -3236.783691 -75.037956 -17.540379
v -3238.479004 -59.407070 -14.637071
v -3249.009033 -61.862331 -16.561266
v -3200.000000 10.252583 -5.934898
v -3221.321777 17.915867 -4.316567
v -3200.000000 -7.397114 -10.083579
v -3200.579834 22.927319 -2.976929
v -3242.742676 15.384846 -4.784117
v -3212.712646 6.924103 -6.854454
v -3257.364746 8.704273 -5.987618
v -3239.166260 8.142849 -6.713527
v -3247.927979 -10.273783 -6.590013
v -3218.409180 -14.112993 -9.619593
v -3243.202148 -8.012352 -9.420463
v -3221.833008 20.667465 -1.434018
v -3237.103516 19.492149 -1.315523
v -3253.062256 28.156811 -1.584023
v -3254.369629 20.240143 -2.892002
v -3206.644531 -20.355255 -13.242454
v -3200.000000 -23.125444 -13.718680
v -3230.592529 -10.939034 -10.891610
v -3244.192139 -20.627403 -13.361026
v -3212.215576 -21.218960 -11.652017
v -3216.444824 -26.969456 -9.507499
v -3234.360352 -20.960361 -11.872041
v -3231.147461 -25.903488 -10.390942
v -3300.000000 -87.325890 -18.195864
v -3271.687012 -87.251862 -18.423683
v -3279.341797 -81.979187 -19.431677
v -3269.362305 -43.328682 -10.929604
v -3287.158936 -37.738571 -13.833772
v -3259.220703 -37.883533 -13.516484
v -3259.898438 -55.077721 -12.634158
v -3278.054199 -42.064808 -14.114919
v -3269.033691 -74.074112 -18.213823
v -3269.784424 -55.153194 -14.832585
v -3272.773193 -65.589676 -15.393104
v -3283.456543 -61.762474 -14.355015
v -3289.983643 -73.047821 -17.481022
v -3300.000000 -38.775085 -14.833307
v -3296.743164 -49.943817 -15.238553
v -3271.048584 9.350292 -5.986145
v -3263.814697 -2.575037 -5.169977
v -3275.035645 4.401585 -7.154914
v -3291.342041 0.896971 -8.526052
v -3271.370117 -4.394419 -7.195860
v -3261.088867 -3.385712 -9.258211
v -3287.113770 21.244312 -1.487151
v -3273.198242 16.767818 -2.153716
v -3300.000000 10.360767 -5.975552
v -3300.000000 -9.575180 -10.513638
v -3265.973877 -8.844927 -8.281588
v -3272.725098 -25.030991 -11.299850
v -3279.238770 -10.969254 -10.813733
v -3288.442627 -13.719043 -10.273593
v -3255.289551 -24.185625 -15.458148
v -3263.239990 -19.573620 -13.071309
v -3300.000000 -21.383537 -13.704746
v -3400.000000 -87.287048 -17.971203
v -3400.000000 28.962242 -1.404586
v -3400.000000 28.135262 198.651520
v -3388.661621 27.804100 10.619572
v -3373.382568 28.020756 9.329230
v -3326.639160 28.407970 10.303796
v -3383.053711 27.769802 0.657136
v -3357.371094 27.252682 7.672343
v -3378.110840 29.099773 3.929223
v -3358.722168 28.818615 -0.037290
v -3299.999512 28.990585 10.802847
v -3341.000000 27.200802 6.046332
v -3326.094971 30.057537 4.158869
v -3336.910645 28.457176 0.738563
v -3312.941406 26.946243 1.263940
v -3373.986572 -87.326019 -18.106445
v -3385.156982 -77.358910 -19.089567
v -3400.000000 -51.895828 -15.712131
v -3394.771240 -31.277081 -14.193048
v -3384.286621 -63.035503 -14.009054
v -3392.492432 -67.209656 -17.111158
v -3382.260742 -46.045883 -11.864819
v -3361.267578 -44.453911 -17.073936
v -3352.022461 -32.311131 -17.037947
v -3384.073242 -45.751186 -13.654919
v -3375.408691 -56.483810 -16.511065
v -3372.915527 -45.940109 -15.212578
v -3367.993164 -43.974129 -12.247470
v -3367.256104 -52.276733 -15.767050
v -3355.883789 -55.983650 -14.847431
v -3376.488770 -68.080475 -16.477182
v -3363.216309 -75.037956 -17.540373
v -3361.520996 -59.407070 -14.637066
v -3350.990967 -61.862331 -16.561260
v -3400.000000 10.252583 -5.934889
v -3378.678223 17.915867 -4.316559
v -3400.000000 -7.397114 -10.083570
v -3399.420166 22.927319 -2.976920
v -3357.257324 15.384846 -4.784112
v -3387.287354 6.924103 -6.854446
v -3342.635254 8.704273 -5.987614
v -3360.833740 8.142849 -6.713522
v -3352.072021 -10.273783 -6.590007
v -3381.590820 -14.112993 -9.619586
v -3356.797852 -8.012352 -9.420458
v -3378.166992 20.667465 -1.434011
v -3362.896484 19.492149 -1.315518
v -3346.937744 28.156811 -1.584019
v -3345.630371 20.240143 -2.891998
v -3393.355469 -20.355255 -13.242445
v -3400.000000 -23.125444 -13.718672
v -3369.407471 -10.939034 -10.891604
v -3355.807861 -20.627403 -13.361021
v -3387.784424 -21.218960 -11.652009
v -3383.555176 -26.969456 -9.507491
v -3365.639648 -20.960361 -11.872035
v -3368.852539 -25.903488 -10.390936
v -3328.312988 -87.251862 -18.423681
v -3320.658203 -81.979187 -19.431675
v -3330.637695 -43.328682 -10.929601
v -3312.841064 -37.738571 -13.833771
v -3340.779297 -37.883533 -13.516480
v -3340.101562 -55.077721 -12.634154
v -3321.945801 -42.064808 -14.114917
v -3330.966309 -74.074112 -18.213821
v -3330.215576 -55.153194 -14.832582
v -3327.226807 -65.589676 -15.393100
v -3316.543457 -61.762474 -14.355014
v -3310.016357 -73.047821 -17.481020
v -3303.256836 -49.943817 -15.238553
v -3328.951416 9.350292 -5.986143
v -3336.185303 -2.575037 -5.169973
v -3324.964355 4.401585 -7.154912
v -3308.657959 0.896971 -8.526052
v -3328.629883 -4.394419 -7.195858
v -3338.911133 -3.385712 -9.258208
v -3312.886230 21.244312 -1.487150
v -3326.801758 16.767818 -2.153713
v -3334.026123 -8.844927 -8.281585
v -3327.274902 -25.030991 -11.299847
v -3320.761230 -10.969254 -10.813731
v -3311.557373 -13.719043 -10.273592
v -3344.710449 -24.185625 -15.458144
v -3336.760010 -19.573620 -13.071306
v -3400.000000 -87.287048 -17.971203
v -3400.000000 28.962242 -1.404586
v -3400.000000 28.135262 198.651520
v -3411.338379 27.804100 10.619572
v -3500.000000 28.963234 198.645844
v -3426.617432 28.020756 9.329232
v -3473.360840 28.407970 10.303802
v -3416.946289 27.769802 0.657137
v -3442.628906 27.252682 7.672346
v -3421.889160 29.099773 3.929225
v -3441.277832 28.818615 -0.037286
v -3500.000000 -60.055939 -16.251631
v -3500.000488 28.990585 10.802855
v -3459.000000 27.200802 6.046337
v -3473.905029 30.057537 4.158875
v -3463.089355 28.457176 0.738568
v -3487.058594 26.946243 1.263948
v -3500.000000 28.866009 -1.672398
v -3426.013428 -87.326019 -18.106443
v -3414.843018 -77.358910 -19.089565
v -3400.000000 -51.895828 -15.712131
v -3405.228760 -31.277081 -14.193048
v -3415.713379 -63.035503 -14.009053
v -3407.507568 -67.209656 -17.111156
v -3417.739258 -46.045883 -11.864818
v -3438.732422 -44.453911 -17.073933
v -3447.977539 -32.311131 -17.037943
v -3415.926758 -45.751186 -13.654918
v -3424.591309 -56.483810 -16.511063
v -3427.084473 -45.940109 -15.212576
v -3432.006836 -43.974129 -12.247467
v -3432.743896 -52.276733 -15.767047
v -3444.116211 -55.983650 -14.847427
v -3423.511230 -68.080475 -16.477180
v -3436.783691 -75.037956 -17.540371
v -3438.479004 -59.407070 -14.637062
v -3449.009033 -61.862331 -16.561256
v -3400.000000 10.252583 -5.934889
v -3421.321777 17.915867 -4.316558
v -3400.000000 -7.397114 -10.083570
v -3400.579834 22.927319 -2.976920
v -3442.742676 15.384846 -4.784109
v -3412.712646 6.924103 -6.854445
v -3457.364746 8.704273 -5.987609
v -3439.166260 8.142849 -6.713518
v -3447.927979 -10.273783 -6.590003
v -3418.409180 -14.112993 -9.619584
v -3443.202148 -8.012352 -9.420454
v -3421.833008 20.667465 -1.434009
v -3437.103516 19.492149 -1.315515
v -3453.062256 28.156811 -1.584014
v -3454.369629 20.240143 -2.891993
v -3406.644531 -20.355255 -13.242444
v -3400.000000 -23.125444 -13.718672
v -3430.592529 -10.939034 -10.891601
v -3444.192139 -20.627403 -13.361017
v -3412.215576 -21.218960 -11.652008
v -3416.444824 -26.969456 -9.507490
v -3434.360352 -20.960361 -11.872032
v -3431.147461 -25.903488 -10.390933
v -3500.000000 -87.325890 -18.195854
v -3471.687012 -87.251862 -18.423676
v -3479.341797 -81.979187 -19.431669
v -3469.362305 -43.328682 -10.929595
v -3487.158936 -37.738571 -13.833763
v -3459.220703 -37.883533 -13.516476
v -3459.898438 -55.077721 -12.634150
v -3478.054199 -42.064808 -14.114910
v -3469.033691 -74.074112 -18.213816
v -3469.784424 -55.153194 -14.832577
v -3472.773193 -65.589676 -15.393093
v -3483.456543 -61.762474 -14.355006
v -3489.983643 -73.047821 -17.481012
v -3500.000000 -38.775085 -14.833299
v -3496.743164 -49.943817 -15.238544
v -3471.048584 9.350292 -5.986137
v -3463.814697 -2.575037 -5.169968
v -3475.035645 4.401585 -7.154905
v -3491.342041 0.896971 -8.526044
v -3471.370117 -4.394419 -7.195851
v -3461.088867 -3.385712 -9.258203
v -3487.113770 21.244312 -1.487142
v -3473.198242 16.767818 -2.153707
v -3500.000000 10.360767 -5.975543
v -3500.000000 -9.575180 -10.513629
v -3465.973877 -8.844927 -8.281579
v -3472.725098 -25.030991 -11.299840
v -3479.238770 -10.969254 -10.813725
v -3488.442627 -13.719043 -10.273584
v -3455.289551 -24.185625 -15.458139
v -3463.239990 -19.573620 -13.071301
v -3500.000000 -21.383537 -13.704738
v -3600.000000 -87.287048 -17.971195
v -3600.000000 28.962242 -1.404578
v -3600.000000 28.135262 198.651535
v -3588.661621 27.804100 10.619579
v -3573.382568 28.020756 9.329239
v -3526.639160 28.407970 10.303804
v -3583.053711 27.769802 0.657144
v -3557.371094 27.252682 7.672352
v -3578.110840 29.099773 3.929232
v -3558.722168 28.818615 -0.037281
v -3499.999512 28.990585 10.802855
v -3541.000000 27.200802 6.046341
v -3526.094971 30.057537 4.158877
v -3536.910645 28.457176 0.738572
v -3512.941406 26.946243 1.263949
v -3573.986572 -87.326019 -18.106436
v -3585.156982 -77.358910 -19.089558
v -3600.000000 -51.895828 -15.712121
v -3594.771240 -31.277081 -14.193039
v -3584.286621 -63.035503 -14.009046
v -3592.492432 -67.209656 -17.111149
v -3582.260742 -46.045883 -11.864810
v -3561.267578 -44.453911 -17.073929
v -3552.022461 -32.311131 -17.037939
v -3584.073242 -45.751186 -13.654910
v -3575.408691 -56.483810 -16.511055
v -3572.915527 -45.940109 -15.212569
v -3567.993164 -43.974129 -12.247461
v -3567.256104 -52.276733 -15.767041
v -3555.883789 -55.983650 -14.847424
v -3576.488770 -68.080475 -16.477173
v -3563.216309 -75.037956 -17.540365
v -3561.520996 -59.407070 -14.637056
v -3550.990967 -61.862331 -16.561253
v -3600.000000 10.252583 -5.934880
v -3578.678223 17.915867 -4.316551
v -3600.000000 -7.397114 -10.083562
v -3599.420166 22.927319 -2.976911
v -3557.257324 15.384846 -4.784104
v -3587.287354 6.924103 -6.854437
v -3542.635254 8.704273 -5.987605
v -3560.833740 8.142849 -6.713513
v -3552.072021 -10.273783 -6.589999
v -3581.590820 -14.112993 -9.619577
v -3556.797852 -8.012352 -9.420449
v -3578.166992 20.667465 -1.434002
v -3562.896484 19.492149 -1.315509
v -3546.937744 28.156811 -1.584010
v -3545.630371 20.240143 -2.891989
v -3593.355469 -20.355255 -13.242436
v -3600.000000 -23.125444 -13.718663
v -3569.407471 -10.939034 -10.891595
v -3555.807861 -20.627403 -13.361013
v -3587.784424 -21.218960 -11.652000
v -3583.555176 -26.969456 -9.507483
v -3565.639648 -20.960361 -11.872025
v -3568.852539 -25.903488 -10.390927
v -3528.312988 -87.251862 -18.423672
v -3520.658203 -81.979187 -19.431667
v -3530.637695 -43.328682 -10.929592
v -3512.841064 -37.738571 -13.833762
v -3540.779297 -37.883533 -13.516472
v -3540.101562 -55.077721 -12.634146
v -3521.945801 -42.064808 -14.114908
v -3530.966309 -74.074112 -18.213812
v -3530.215576 -55.153194 -14.832574
v -3527.226807 -65.589676 -15.393091
v -3516.543457 -61.762474 -14.355004
v -3510.016357 -73.047821 -17.481012
v -3503.256836 -49.943817 -15.238544
v -3528.951416 9.350292 -5.986134
v -3536.185303 -2.575037 -5.169965
v -3524.964355 4.401585 -7.154903
v -3508.657959 0.896971 -8.526043
v -3528.629883 -4.394419 -7.195849
v -3538.911133 -3.385712 -9.258199
v -3512.886230 21.244312 -1.487141
v -3526.801758 16.767818 -2.153705
v -3534.026123 -8.844927 -8.281576
v -3527.274902 -25.030991 -11.299838
v -3520.761230 -10.969254 -10.813723
v -3511.557373 -13.719043 -10.273583
v -3544.710449 -24.185625 -15.458136
v -3536.760010 -19.573620 -13.071297
v -3600.000000 -87.287048 -17.971195
v -3600.000000 28.962242 -1.404578
v -3600.000000 28.135262 198.651535
v -3611.338379 27.804100 10.619580
v -3700.000000 28.963234 198.645844
v -3626.617432 28.020756 9.329243
v -3673.360840 28.407970 10.303811
v -3616.946289 27.769802 0.657146
v -3642.628906 27.252682 7.672355
v -3621.889160 29.099773 3.929234
v -3641.277832 28.818615 -0.037278
v -3700.000000 -60.055939 -16.251621
v -3700.000488 28.990585 10.802864
v -3659.000000 27.200802 6.046346
v -3673.905029 30.057537 4.158884
v -3663.089355 28.457176 0.738577
v -3687.058594 26.946243 1.263956
v -3700.000000 28.866009 -1.672389
v -3626.013428 -87.326019 -18.106434
v -3614.843018 -77.358910 -19.089556
v -3600.000000 -51.895828 -15.712121
v -3605.228760 -31.277081 -14.193038
v -3615.713379 -63.035503 -14.009046
v -3607.507568 -67.209656 -17.111149
v -3617.739258 -46.045883 -11.864809
v -3638.732422 -44.453911 -17.073925
v -3647.977539 -32.311131 -17.037935
v -3615.926758 -45.751186 -13.654909
v -3624.591309 -56.483810 -16.511053
v -3627.084473 -45.940109 -15.212566
v -3632.006836 -43.974129 -12.247458
v -3632.743896 -52.276733 -15.767038
v -3644.116211 -55.983650 -14.847419
v -3623.511230 -68.080475 -16.477171
v -3636.783691 -75.037956 -17.540361
v -3638.479004 -59.407070 -14.637053
v -3649.009033 -61.862331 -16.561249
v -3600.000000 10.252583 -5.934880
v -3621.321777 17.915867 -4.316549
v -3600.000000 -7.397114 -10.083562
v -3600.579834 22.927319 -2.976911
v -3642.742676 15.384846 -4.784101
v -3612.712646 6.924103 -6.854436
v -3657.364746 8.704273 -5.987600
v -3639.166260 8.142849 -6.713510
v -3647.927979 -10.273783 -6.589994
v -3618.409180 -14.112993 -9.619576
v -3643.202148 -8.012352 -9.420445
v -3621.833008 20.667465 -1.434001
v -3637.103516 19.492149 -1.315506
v -3653.062256 28.156811 -1.584005
v -3654.369629 20.240143 -2.891985
v -3606.644531 -20.355255 -13.242436
v -3600.000000 -23.125444 -13.718663
v -3630.592529 -10.939034 -10.891592
v -3644.192139 -20.627403 -13.361009
v -3612.215576 -21.218960 -11.652000
v -3616.444824 -26.969456 -9.507482
v -3634.360352 -20.960361 -11.872024
v -3631.147461 -25.903488 -10.390924
v -3700.000000 -87.325890 -18.195845
v -3671.687012 -87.251862 -18.423666
v -3679.341797 -81.979187 -19.431660
v -3669.362305 -43.328682 -10.929585
v -3687.158936 -37.738571 -13.833754
v -3659.220703 -37.883533 -13.516467
v -3659.898438 -55.077721 -12.634141
v -3678.054199 -42.064808 -14.114901
v -3669.033691 -74.074112 -18.213806
v -3669.784424 -55.153194 -14.832567
v -3672.773193 -65.589676 -15.393085
v -3683.456543 -61.762474 -14.354997
v -3689.983643 -73.047821 -17.481005
v -3700.000000 -38.775085 -14.833290
v -3696.743164 -49.943817 -15.238536
v -3671.048584 9.350292 -5.986128
v -3663.814697 -2.575037 -5.169959
v -3675.035645 4.401585 -7.154896
v -3691.342041 0.896971 -8.526034
v -3671.370117 -4.394419 -7.195843
v -3661.088867 -3.385712 -9.258194
v -3687.113770 21.244312 -1.487134
v -3673.198242 16.767818 -2.153697
v -3700.000000 10.360767 -5.975534
v -3700.000000 -9.575180 -10.513620
v -3665.973877 -8.844927 -8.281570
v -3672.725098 -25.030991 -11.299831
v -3679.238770 -10.969254 -10.813716
v -3688.442627 -13.719043 -10.273576
v -3655.289551 -24.185625 -15.458131
v -3663.239990 -19.573620 -13.071292
v -3700.000000 -21.383537 -13.704729
v -3800.000000 -87.287048 -17.971186
v -3800.000000 28.962242 -1.404569
v -3800.000000 28.135262 198.651550
v -3788.661621 27.804100 10.619588
v -3773.382568 28.020756 9.329247
v -3726.639160 28.407970 10.303813
v -3783.053711 27.769802 0.657153
v -3757.371094 27.252682 7.672360
v -3778.110840 29.099773 3.929241
v -3758.722168 28.818615 -0.037272
v -3699.999512 28.990585 10.802864
v -3741.000000 27.200802 6.046350
v -3726.094971 30.057537 4.158885
v -3736.910645 28.457176 0.738580
v -3712.941406 26.946243 1.263958
v -3773.986572 -87.326019 -18.106428
v -3785.156982 -77.358910 -19.089550
v -3800.000000 -51.895828 -15.712111
v -3794.771240 -31.277081 -14.193030
v -3784.286621 -63.035503 -14.009037
v -3792.492432 -67.209656 -17.111139
v -3782.260742 -46.045883 -11.864801
v -3761.267578 -44.453911 -17.073919
v -3752.022461 -32.311131 -17.037930
v -3784.073242 -45.751186 -13.654902
v -3775.408691 -56.483810 -16.511047
v -3772.915527 -45.940109 -15.212561
v -3767.993164 -43.974129 -12.247453
v -3767.256104 -52.276733 -15.767033
v -3755.883789 -55.983650 -14.847413
v -3776.488770 -68.080475 -16.477165
v -3763.216309 -75.037956 -17.540356
v -3761.520996 -59.407070 -14.637048
v -3750.990967 -61.862331 -16.561243
v -3800.000000 10.252583 -5.934872
v -3778.678223 17.915867 -4.316542
v -3800.000000 -7.397114 -10.083552
v -3799.420166 22.927319 -2.976903
v -3757.257324 15.384846 -4.784095
v -3787.287354 6.924103 -6.854428
v -3742.635254 8.704273 -5.987597
v -3760.833740 8.142849 -6.713504
v -3752.072021 -10.273783 -6.589991
v -3781.590820 -14.112993 -9.619568
v -3756.797852 -8.012352 -9.420440
v -3778.166992 20.667465 -1.433994
v -3762.896484 19.492149 -1.315500
v -3746.937744 28.156811 -1.584001
v -3745.630371 20.240143 -2.891981
v -3793.355469 -20.355255 -13.242428
v -3800.000000 -23.125444 -13.718654
v -3769.407471 -10.939034 -10.891586
v -3755.807861 -20.627403 -13.361003
v -3787.784424 -21.218960 -11.651992
v -3783.555176 -26.969456 -9.507474
v -3765.639648 -20.960361 -11.872018
v -3768.852539 -25.903488 -10.390919
v -3728.312988 -87.251862 -18.423664
v -3720.658203 -81.979187 -19.431658
v -3730.637695 -43.328682 -10.929585
v -3712.841064 -37.738571 -13.833753
v -3740.779297 -37.883533 -13.516463
v -3740.101562 -55.077721 -12.634137
v -3721.945801 -42.064808 -14.114900
v -3730.966309 -74.074112 -18.213804
v -3730.215576 -55.153194 -14.832565
v -3727.226807 -65.589676 -15.393082
v -3716.543457 -61.762474 -14.354996
v -3710.016357 -73.047821 -17.481003
v -3703.256836 -49.943817 -15.238536
v -3728.951416 9.350292 -5.986125
v -3736.185303 -2.575037 -5.169956
v -3724.964355 4.401585 -7.154894
v -3708.657959 0.896971 -8.526034
v -3728.629883 -4.394419 -7.195840
v -3738.911133 -3.385712 -9.258190
v -3712.886230 21.244312 -1.487132
v -3726.801758 16.767818 -2.153696
v -3734.026123 -8.844927 -8.281567
v -3727.274902 -25.030991 -11.299829
v -3720.761230 -10.969254 -10.813714
v -3711.557373 -13.719043 -10.273574
v -3744.710449 -24.185625 -15.458127
v -3736.760010 -19.573620 -13.071288
v -3800.000000 -87.287048 -17.971186
v -3800.000000 28.962242 -1.404569
v -3800.000000 28.135262 198.651550
v -3811.338379 27.804100 10.619589
v -3900.000000 28.963234 198.645859
v -3826.617432 28.020756 9.329250
v -3873.360840 28.407970 10.303820
v -3816.946289 27.769802 0.657155
v -3842.628906 27.252682 7.672364
v -3821.889160 29.099773 3.929242
v -3841.277832 28.818615 -0.037269
v -3900.000000 -60.055939 -16.251614
v -3900.000488 28.990585 10.802873
v -3859.000000 27.200802 6.046355
v -3873.905029 30.057537 4.158892
v -3863.089355 28.457176 0.738586
v -3887.058594 26.946243 1.263965
v -3900.000000 28.866009 -1.672380
v -3826.013428 -87.326019 -18.106426
v -3814.843018 -77.358910 -19.089548
v -3800.000000 -51.895828 -15.712111
v -3805.228760 -31.277081 -14.193029
v -3815.713379 -63.035503 -14.009036
v -3807.507568 -67.209656 -17.111139
v -3817.739258 -46.045883 -11.864800
v -3838.732422 -44.453911 -17.073915
v -3847.977539 -32.311131 -17.037926
v -3815.926758 -45.751186 -13.654902
v -3824.591309 -56.483810 -16.511045
v -3827.084473 -45.940109 -15.212558
v -3832.006836 -43.974129 -12.247450
v -3832.743896 -52.276733 -15.767030
v -3844.116211 -55.983650 -14.847409
v -3823.511230 -68.080475 -16.477163
v -3836.783691 -75.037956 -17.540352
v -3838.479004 -59.407070 -14.637045
v -3849.009033 -61.862331 -16.561239
v -3800.000000 10.252583 -5.934872
v -3821.321777 17.915867 -4.316540
v -3800.000000 -7.397114 -10.083552
v -3800.579834 22.927319 -2.976903
v -3842.742676 15.384846 -4.784091
v -3812.712646 6.924103 -6.854427
v -3857.364746 8.704273 -5.987592
v -3839.166260 8.142849 -6.713501
v -3847.927979 -10.273783 -6.589985
v -3818.409180 -14.112993 -9.619567
v -3843.202148 -8.012352 -9.420436
v -3821.833008 20.667465 -1.433992
v -3837.103516 19.492149 -1.315497
v -3853.062256 28.156811 -1.583997
v -3854.369629 20.240143 -2.891976
v -3806.644531 -20.355255 -13.242427
v -3800.000000 -23.125444 -13.718654
v -3830.592529 -10.939034 -10.891582
v -3844.192139 -20.627403 -13.360999
v -3812.215576 -21.218960 -11.651991
v -3816.444824 -26.969456 -9.507473
v -3834.360352 -20.960361 -11.872015
v -3831.147461 -25.903488 -10.390916
v -3900.000000 -87.325890 -18.195837
v -3871.687012 -87.251862 -18.423658
v -3879.341797 -81.979187 -19.431650
v -3869.362305 -43.328682 -10.929577
v -3887.158936 -37.738571 -13.833745
v -3859.220703 -37.883533 -13.516459
v -3859.898438 -55.077721 -12.634132
v -3878.054199 -42.064808 -14.114893
v -3869.033691 -74.074112 -18.213799
v -3869.784424 -55.153194 -14.832559
v -3872.773193 -65.589676 -15.393076
v -3883.456543 -61.762474 -14.354989
v -3889.983643 -73.047821 -17.480995
v -3900.000000 -38.775085 -14.833282
v -3896.743164 -49.943817 -15.238527
v -3871.048584 9.350292 -5.986119
v -3863.814697 -2.575037 -5.169951
v -3875.035645 4.401585 -7.154888
v -3891.342041 0.896971 -8.526026
v -3871.370117 -4.394419 -7.195834
v -3861.088867 -3.385712 -9.258184
v -3887.113770 21.244312 -1.487125
v -3873.198242 16.767818 -2.153689
v -3900.000000 10.360767 -5.975526
v -3900.000000 -9.575180 -10.513612
v -3865.973877 -8.844927 -8.281561
v -3872.725098 -25.030991 -11.299823
v -3879.238770 -10.969254 -10.813707
v -3888.442627 -13.719043 -10.273566
v -3855.289551 -24.185625 -15.458122
v -3863.239990 -19.573620 -13.071283
v -3900.000000 -21.383537 -13.704720
v -4000.000000 -87.287048 -17.971178
v -4000.000000 28.962242 -1.404560
v -4000.000000 28.135262 198.651550
v -3988.661621 27.804100 10.619596
v -3973.382568 28.020756 9.329257
v -3926.639160 28.407970 10.303822
v -3983.053711 27.769802 0.657162
v -3957.371094 27.252682 7.672369
v -3978.110840 29.099773 3.929249
v -3958.722168 28.818615 -0.037264
v -3899.999512 28.990585 10.802873
v -3941.000000 27.200802 6.046358
v -3926.094971 30.057537 4.158895
v -3936.910645 28.457176 0.738589
v -3912.941406 26.946243 1.263966
v -3973.986572 -87.326019 -18.106419
v -3985.156982 -77.358910 -19.089540
v -4000.000000 -51.895828 -15.712103
v -3994.771240 -31.277081 -14.193021
v -3984.286621 -63.035503 -14.009028
v -3992.492432 -67.209656 -17.111132
v -3982.260742 -46.045883 -11.864793
v -3961.267578 -44.453911 -17.073912
v -3952.022461 -32.311131 -17.037922
v -3984.073242 -45.751186 -13.654893
v -3975.408691 -56.483810 -16.511038
v -3972.915527 -45.940109 -15.212551
v -3967.993164 -43.974129 -12.247444
v -3967.256104 -52.276733 -15.767024
v -3955.883789 -55.983650 -14.847404
v -3976.488770 -68.080475 -16.477156
v -3963.216309 -75.037956 -17.540346
v -3961.520996 -59.407070 -14.637039
v -3950.990967 -61.862331 -16.561235
v -4000.000000 10.252583 -5.934863
v -3978.678223 17.915867 -4.316534
v -4000.000000 -7.397114 -10.083544
v -3999.420166 22.927319 -2.976894
v -3957.257324 15.384846 -4.784086
v -3987.287354 6.924103 -6.854420
v -3942.635254 8.704273 -5.987588
v -3960.833740 8.142849 -6.713495
v -3952.072021 -10.273783 -6.589982
v -3981.590820 -14.112993 -9.619559
v -3956.797852 -8.012352 -9.420431
v -3978.166992 20.667465 -1.433985
v -3962.896484 19.492149 -1.315492
v -3946.937744 28.156811 -1.583993
v -3945.630371 20.240143 -2.891972
v -3993.355469 -20.355255 -13.242419
v -4000.000000 -23.125444 -13.718645
v -3969.407471 -10.939034 -10.891578
v -3955.807861 -20.627403 -13.360994
v -3987.784424 -21.218960 -11.651983
v -3983.555176 -26.969456 -9.507465
v -3965.639648 -20.960361 -11.872009
v -3968.852539 -25.903488 -10.390910
v -3928.312988 -87.251862 -18.423655
v -3920.658203 -81.979187 -19.431648
v -3930.637695 -43.328682 -10.929574
v -3912.841064 -37.738571 -13.833744
v -3940.779297 -37.883533 -13.516455
v -3940.101562 -55.077721 -12.634128
v -3921.945801 -42.064808 -14.114891
v -3930.966309 -74.074112 -18.213795
v -3930.215576 -55.153194 -14.832556
v -3927.226807 -65.589676 -15.393074
v -3916.543457 -61.762474 -14.354987
v -3910.016357 -73.047821 -17.480995
v -3903.256836 -49.943817 -15.238527
v -3928.951416 9.350292 -5.986117
v -3936.185303 -2.575037 -5.169947
v -3924.964355 4.401585 -7.154885
v -3908.657959 0.896971 -8.526025
v -3928.629883 -4.394419 -7.195831
v -3938.911133 -3.385712 -9.258182
v -3912.886230 21.244312 -1.487124
v -3926.801758 16.767818 -2.153687
v -3934.026123 -8.844927 -8.281558
v -3927.274902 -25.030991 -11.299821
v -3920.761230 -10.969254 -10.813704
v -3911.557373 -13.719043 -10.273565
v -3944.710449 -24.185625 -15.458118
v -3936.760010 -19.573620 -13.071280
vn -0.0973 0.9952 0.0041
vn 0.0144 0.9999 -0.0026
vn 0.0167 0.9999 -0.0006
vn 0.0083 1.0000 -0.0018
vn 0.0212 0.9997 -0.0077
vn -0.0661 0.9972 0.0338
vn -0.0025 0.9810 0.1939
vn -0.0622 0.9878 0.1429
vn -0.0531 0.9804 0.1898
vn -0.0225 0.9805 0.1952
vn 0.0218 0.9998 -0.0049
vn -0.0323 0.8622 -0.5055
vn -0.0639 0.8111 -0.5815
vn -0.1033 0.9583 0.2664
vn -0.1348 0.0388 -0.9901
vn 0.0559 0.0636 -0.9964
vn 0.4028 0.2051 -0.8920
vn 0.1379 0.0220 -0.9902
vn -0.0347 0.9912 0.1281
vn -0.0313 0.1149 -0.9929
vn 0.1713 0.9280 -0.3309
vn -0.0614 -0.1616 -0.9850
vn -0.0619 0.5141 -0.8555
vn 0.2875 0.0240 -0.9575
vn 1.0000 -0.0000 -0.0000
vn 0.0094 0.2288 -0.9734
vn 0.0094 0.2308 -0.9730
vn 0.0108 0.2289 -0.9734
vn 0.1830 0.2314 -0.9555
vn 0.0079 0.2276 -0.9737
vn 0.0102 0.2301 -0.9731
vn -0.0312 0.2429 -0.9695
vn 0.0007 0.1301 -0.9915
vn -0.0395 0.0121 -0.9991
vn 0.1725 0.2840 -0.9432
vn 0.0387 0.2577 -0.9655
vn -0.1377 0.3658 -0.9205
vn -0.0605 0.7166 -0.6948
vn -0.0173 0.0691 -0.9975
vn -0.2934 0.1556 -0.9432
vn -0.0413 0.3009 -0.9528
vn -0.3785 -0.0659 -0.9232
vn 0.1058 0.0075 -0.9944
vn 0.3609 -0.0445 -0.9315
vn -0.2809 0.0470 -0.9586
vn -0.3362 0.1379 -0.9316
vn 0.0440 0.1196 -0.9919
vn 0.4986 0.0651 -0.8644
vn 0.5526 0.2505 -0.7949
vn 0.1507 0.0315 -0.9881
vn 0.0070 0.0669 -0.9977
vn 0.1243 -0.0092 -0.9922
vn -0.2721 -0.0581 -0.9605
vn -0.2197 -0.1644 -0.9616
vn -0.1413 -0.0452 -0.9889
vn 0.3656 0.4154 -0.8329
vn -0.0470 0.0251 -0.9986
vn 0.0317 0.9838 -0.1765
vn -0.3539 0.1509 -0.9230
vn -0.0703 0.0736 -0.9948
vn -0.0200 0.2776 -0.9605
vn -0.0880 0.1113 -0.9899
vn 0.0729 0.0574 -0.9957
vn 0.2000 0.1524 -0.9679
vn 0.0051 0.0981 -0.9952
vn -0.0970 -0.0167 -0.9951
vn -0.6703 0.5020 -0.5465
vn 0.3173 0.1366 -0.9384
vn 0.1663 0.6161 0.7699
vn -0.4613 0.2610 -0.8480
vn -0.0883 0.1010 -0.9910
vn 0.0959 0.4318 -0.8969
vn -0.0440 0.2696 -0.9620
vn 0.0631 0.3145 -0.9472
vn 0.0563 0.3159 -0.9471
vn 0.0573 0.3157 -0.9471
vn 0.0678 0.1317 -0.9890
vn -0.0346 0.1971 -0.9798
vn 0.0425 0.1487 -0.9880
vn 0.0413 0.1503 -0.9878
vn 0.0413 0.1502 -0.9878
vn 0.0941 0.2710 -0.9580
vn -0.2063 -0.0790 -0.9753
vn 0.3495 0.0453 -0.9358
vn 0.0723 0.0646 -0.9953
vn -0.0010 0.9111 -0.4122
vn 0.1896 0.9757 -0.1101
vn 0.0498 0.9492 -0.3106
vn 0.0183 0.9764 -0.2152
vn 0.1527 0.9578 0.2436
vn 0.0984 0.8525 0.5133
vn 0.0217 0.9997 -0.0100
vn 0.2188 -0.0173 -0.9756
vn 0.0053 -0.1041 -0.9946
vn -0.2508 0.2093 -0.9451
vn 0.1368 0.0934 -0.9862
vn -0.0723 -0.0174 -0.9972
vn -0.4500 -0.3567 -0.8187
vn -0.0765 0.0195 -0.9969
vn -0.6592 0.4653 -0.5908
vn 0.1432 0.9176 -0.3707
vn 0.1515 -0.0489 -0.9872
vn 0.0054 -0.1608 -0.9870
vn -0.0161 0.1809 -0.9834
vn -0.1306 -0.0151 -0.9913
vn -0.1212 -0.0596 -0.9908
vn 0.1322 0.1949 -0.9719
vn 0.1389 0.1688 -0.9758
vn -0.0455 0.2311 -0.9719
vn -0.0493 0.2277 -0.9725
vn -0.0509 0.2264 -0.9727
vn -0.0440 0.2324 -0.9716
vn 0.0054 0.2290 -0.9734
vn -0.0088 0.2534 -0.9673
vn -0.0721 0.1823 -0.9806
vn -0.5873 0.2743 -0.7615
vn -0.1323 0.1643 -0.9775
vn -0.0175 0.1280 -0.9916
vn 0.0971 0.1777 -0.9793
vn 0.1209 0.1423 -0.9824
vn -0.0974 0.2597 -0.9608
vn -0.1257 0.7064 -0.6966
vn -0.0666 0.6955 -0.7154
vn 0.0994 0.5588 -0.8233
vn 0.0127 0.2307 -0.9730
vn 0.0240 0.2251 -0.9740
vn -0.0373 0.0819 -0.9959
vn 0.0574 -0.0355 -0.9977
vn 0.1509 0.0399 -0.9877
vn -0.4003 -0.0469 -0.9152
vn 0.0668 0.0988 -0.9929
vn 0.2700 0.2084 -0.9400
vn -0.1998 -0.0950 -0.9752
vn -0.2262 -0.0410 -0.9732
vn 0.2119 0.1865 -0.9593
vn 0.0621 -0.0049 -0.9981
vn 0.0172 0.1009 -0.9947
vn 0.0083 0.2735 -0.9618
vn -0.0254 0.1749 -0.9843
vn 0.0827 -0.0008 -0.9966
vn -0.0253 0.1844 -0.9825
vn 0.0246 0.3251 -0.9453
vn -0.0074 -0.1981 -0.9802
vn 0.1033 0.0661 -0.9924
vn -0.0302 0.0711 -0.9970
vn 0.0218 0.4639 -0.8856
vn -0.2280 0.3940 -0.8904
vn -0.0034 -0.0703 -0.9975
vn 0.2105 0.0609 -0.9757
vn 0.4416 0.8894 0.1180
vn 0.1467 0.3987 -0.9053
vn 0.2346 0.1023 -0.9667
vn 0.0341 0.2226 -0.9743
vn -0.0243 0.9727 -0.2308
vn -0.0382 0.2710 -0.9618
vn -0.2159 0.1938 -0.9570
vn -0.0953 0.3160 -0.9440
vn -0.0891 0.2797 -0.9560
vn 0.0645 0.3143 -0.9471
vn -0.0027 0.3753 -0.9269
vn -0.0446 0.2217 -0.9741
vn 0.2595 0.4176 -0.8708
vn 0.1464 0.2241 -0.9635
vn 0.0671 0.2927 -0.9539
vn -0.0021 0.2295 -0.9733
vn 0.2925 0.1680 -0.9414
vn 0.0130 0.4772 -0.8787
vn -0.3432 0.3086 -0.8871
vn -0.0605 0.0065 -0.9981
vn -0.2353 0.0950 -0.9673
vn -0.2287 -0.0617 -0.9715
vn 0.0410 0.1504 -0.9878
vn 0.1861 0.1538 -0.9704
vn 0.1129 0.2592 -0.9592
vn 0.0973 0.9952 0.0041
vn -0.0080 1.0000 -0.0018
vn -0.0144 0.9999 -0.0026
vn -0.0127 0.9999 -0.0024
vn -0.0167 0.9999 -0.0006
vn -0.0212 0.9997 -0.0077
vn 0.0661 0.9972 0.0338
vn 0.0025 0.9810 0.1939
vn 0.0622 0.9878 0.1429
vn 0.0531 0.9804 0.1898
vn 0.0225 0.9805 0.1952
vn -0.0218 0.9998 -0.0049
vn 0.0323 0.8622 -0.5055
vn 0.0639 0.8111 -0.5815
vn 0.1033 0.9583 0.2664
vn 0.1348 0.0388 -0.9901
vn -0.0559 0.0636 -0.9964
vn -0.4028 0.2051 -0.8920
vn -0.1379 0.0220 -0.9902
vn 0.0347 0.9912 0.1281
vn 0.0313 0.1149 -0.9929
vn -0.1713 0.9280 -0.3309
vn 0.0614 -0.1616 -0.9850
vn 0.0619 0.5141 -0.8555
vn -0.2875 0.0240 -0.9575
vn -1.0000 -0.0000 -0.0000
vn -0.0094 0.2288 -0.9734
vn -0.0107 0.2289 -0.9734
vn -0.0094 0.2308 -0.9730
vn -0.1830 0.2314 -0.9555
vn -0.0079 0.2276 -0.9737
vn -0.0101 0.2301 -0.9731
vn 0.0312 0.2429 -0.9695
vn -0.0007 0.1301 -0.9915
vn 0.0395 0.0121 -0.9991
vn -0.1725 0.2840 -0.9432
vn -0.0387 0.2577 -0.9655
vn 0.1377 0.3658 -0.9205
vn 0.0605 0.7166 -0.6948
vn 0.0173 0.0691 -0.9975
vn 0.2934 0.1556 -0.9432
vn 0.0413 0.3009 -0.9528
vn 0.3785 -0.0659 -0.9232
vn -0.1058 0.0075 -0.9944
vn -0.3609 -0.0445 -0.9315
vn 0.2809 0.0470 -0.9586
vn 0.3362 0.1379 -0.9316
vn -0.0440 0.1196 -0.9919
vn -0.4986 0.0651 -0.8644
vn -0.5526 0.2505 -0.7949
vn -0.1507 0.0315 -0.9881
vn -0.0070 0.0669 -0.9977
vn -0.1243 -0.0092 -0.9922
vn 0.2721 -0.0581 -0.9605
vn 0.2197 -0.1644 -0.9616
vn 0.1413 -0.0452 -0.9889
vn -0.3656 0.4154 -0.8329
vn 0.0470 0.0251 -0.9986
vn -0.0317 0.9838 -0.1765
vn 0.3539 0.1509 -0.9230
vn 0.0703 0.0736 -0.9948
vn 0.0200 0.2776 -0.9605
vn 0.0880 0.1113 -0.9899
vn -0.0729 0.0574 -0.9957
vn -0.2000 0.1524 -0.9679
vn -0.0051 0.0981 -0.9952
vn 0.0970 -0.0167 -0.9951
vn 0.6703 0.5020 -0.5465
vn -0.3173 0.1366 -0.9384
vn -0.1663 0.6161 0.7699
vn 0.4613 0.2610 -0.8480
vn 0.0883 0.1010 -0.9910
vn -0.0959 0.4318 -0.8969
vn 0.0440 0.2696 -0.9620
vn -0.0631 0.3145 -0.9472
vn -0.0573 0.3157 -0.9471
vn -0.0563 0.3159 -0.9471
vn -0.0678 0.1317 -0.9890
vn 0.0346 0.1971 -0.9798
vn -0.0425 0.1487 -0.9880
vn -0.0413 0.1502 -0.9878
vn -0.0413 0.1503 -0.9878
vn -0.0941 0.2710 -0.9580
vn 0.2063 -0.0790 -0.9753
vn -0.3495 0.0453 -0.9358
vn -0.0723 0.0646 -0.9953
vn 0.0010 0.9111 -0.4122
vn -0.1896 0.9757 -0.1101
vn -0.0498 0.9492 -0.3106
vn -0.0183 0.9764 -0.2152
vn -0.1527 0.9578 0.2436
vn -0.0984 0.8525 0.5133
vn -0.0217 0.9997 -0.0100
vn -0.2188 -0.0173 -0.9756
vn -0.0053 -0.1041 -0.9946
vn 0.2508 0.2093 -0.9451
vn -0.1368 0.0934 -0.9862
vn 0.0723 -0.0174 -0.9972
vn 0.4500 -0.3567 -0.8187
vn 0.0765 0.0195 -0.9969
vn 0.6592 0.4653 -0.5908
vn -0.1432 0.9176 -0.3707
vn -0.1515 -0.0489 -0.9872
vn -0.0054 -0.1608 -0.9870
vn 0.0161 0.1809 -0.9834
vn 0.1306 -0.0151 -0.9913
vn 0.1212 -0.0596 -0.9908
vn -0.1322 0.1949 -0.9719
vn -0.1389 0.1688 -0.9758
vn 0.0455 0.2311 -0.9719
vn 0.0509 0.2264 -0.9727
vn 0.0493 0.2277 -0.9725
vn 0.0440 0.2324 -0.9716
vn -0.0054 0.2290 -0.9734
vn 0.0088 0.2534 -0.9673
vn 0.0721 0.1823 -0.9806
vn 0.5873 0.2743 -0.7615
vn 0.1323 0.1643 -0.9775
vn 0.0175 0.1280 -0.9916
vn -0.0971 0.1777 -0.9793
vn -0.1209 0.1423 -0.9824
vn 0.0974 0.2597 -0.9608
vn 0.1257 0.7064 -0.6966
vn 0.0666 0.6955 -0.7154
vn -0.0994 0.5588 -0.8233
vn -0.0127 0.2307 -0.9730
vn -0.0240 0.2251 -0.9740
vn 0.0373 0.0819 -0.9959
vn -0.0574 -0.0355 -0.9977
vn -0.1509 0.0399 -0.9877
vn 0.4003 -0.0469 -0.9152
vn -0.0668 0.0988 -0.9929
vn -0.2700 0.2084 -0.9400
vn 0.1998 -0.0950 -0.9752
vn 0.2262 -0.0410 -0.9732
vn -0.2119 0.1865 -0.9593
vn -0.0621 -0.0049 -0.9981
vn -0.0172 0.1009 -0.9947
vn -0.0083 0.2735 -0.9618
vn 0.0254 0.1749 -0.9843
vn -0.0827 -0.0008 -0.9966
vn 0.0253 0.1844 -0.9825
vn -0.0246 0.3251 -0.9453
vn 0.0074 -0.1981 -0.9802
vn -0.1033 0.0661 -0.9924
vn 0.0302 0.0711 -0.9970
vn -0.0218 0.4639 -0.8856
vn 0.2280 0.3940 -0.8904
vn 0.0034 -0.0703 -0.9975
vn -0.2105 0.0609 -0.9757
vn -0.4416 0.8894 0.1180
vn -0.1467 0.3987 -0.9053
vn -0.2346 0.1023 -0.9667
vn -0.0341 0.2226 -0.9743
vn 0.0243 0.9727 -0.2308
vn 0.0382 0.2710 -0.9618
vn 0.2159 0.1938 -0.9570
vn 0.0953 0.3160 -0.9440
vn 0.0891 0.2797 -0.9560
vn -0.0645 0.3143 -0.9471
vn 0.0027 0.3753 -0.9269
vn 0.0446 0.2217 -0.9741
vn -0.2595 0.4176 -0.8708
vn -0.1464 0.2241 -0.9635
vn -0.0671 0.2927 -0.9539
vn 0.0021 0.2295 -0.9733
vn -0.2925 0.1680 -0.9414
vn -0.0130 0.4772 -0.8787
vn 0.3432 0.3086 -0.8871
vn 0.0605 0.0065 -0.9981
vn 0.2353 0.0950 -0.9673
vn 0.2287 -0.0617 -0.9715
vn -0.0410 0.1504 -0.9878
vn -0.1861 0.1538 -0.9704
vn -0.1129 0.2592 -0.9592
vn 0.0107 0.2289 -0.9734
vn 0.0101 0.2301 -0.9731
vn 0.0410 0.1503 -0.9878
vn 0.0411 0.1502 -0.9878
vn -0.0108 0.2289 -0.9734
vn -0.2346 0.1022 -0.9667
vn 0.3609 -0.0446 -0.9315
vn 0.0614 -0.1615 -0.9850
vn -1.0000 -0.0000 0.0017
vn -0.0102 0.2301 -0.9731
vn -0.0411 0.1502 -0.9878
vn -0.0409 0.1503 -0.9878
vn 0.0034 -0.0704 -0.9975
vn 1.0000 -0.0000 -0.0017
vn 0.0631 0.3145 -0.9471
vn 0.0409 0.1503 -0.9878
vn -0.0175 0.1281 -0.9916
vn -0.0034 -0.0704 -0.9975
vn -0.3609 -0.0446 -0.9315
vn -0.0631 0.3145 -0.9471
vn 0.4613 0.2611 -0.8480
vn 0.0166 0.9999 -0.0006
vn -0.0614 -0.1615 -0.9850
vn -0.6703 0.5021 -0.5465
vn -1.0000 -0.0000 -0.0033
vn 0.3786 -0.0659 -0.9232
vn 0.6592 0.4652 -0.5908
vn 1.0000 -0.0000 0.0033
vn 0.0108 0.2290 -0.9734
vn 0.1830 0.2313 -0.9555
vn -0.3786 -0.0659 -0.9232
vn -0.6592 0.4652 -0.5908
vn 0.2346 0.1022 -0.9667
vn -0.1464 0.2240 -0.9635
vn 0.1828 0.2311 -0.9556
vn -0.0959 0.4318 -0.8968
vn 0.4500 -0.3566 -0.8187
vn -0.1322 0.1948 -0.9719
vn -0.1467 0.3988 -0.9052
vn 0.0959 0.4318 -0.8968
vn -0.1830 0.2313 -0.9555
vn 0.0563 0.3160 -0.9471
vn 0.1467 0.3988 -0.9052
vn 0.1829 0.2313 -0.9555
vn 0.0317 0.9838 -0.1764
vn -0.4497 -0.3566 -0.8189
vn 0.0172 0.1010 -0.9947
vn 0.0246 0.3252 -0.9453
vn -0.2280 0.3939 -0.8904
vn -0.0891 0.2796 -0.9560
vn 0.0645 0.3142 -0.9471
vn -0.4027 0.2051 -0.8920
vn -0.1829 0.2313 -0.9555
vn 0.6703 0.5021 -0.5465
vn -0.0574 0.3157 -0.9471
vn -0.0563 0.3160 -0.9471
vn -0.2188 -0.0172 -0.9756
vn -0.0054 -0.1607 -0.9870
vn -0.0246 0.3252 -0.9453
vn -0.0645 0.3142 -0.9472
vn 0.4027 0.2051 -0.8920
vn 0.0054 -0.1607 -0.9870
vn 0.1464 0.2240 -0.9635
vn 0.0175 0.1281 -0.9916
vn -0.0127 0.2307 -0.9729
vn 0.2280 0.3939 -0.8904
vn -0.0619 0.5142 -0.8555
vn 0.2188 -0.0172 -0.9756
vn -0.4497 -0.3565 -0.8189
vn 0.0127 0.2307 -0.9729
vn -0.0373 0.0818 -0.9959
vn 0.0619 0.5142 -0.8555
vn 0.3539 0.1509 -0.9231
vn -0.0630 0.3145 -0.9472
vn -0.0573 0.3156 -0.9471
vn -0.1897 0.9757 -0.1101
vn 0.4497 -0.3565 -0.8189
vn 0.0574 0.3157 -0.9471
vn 0.0645 0.3142 -0.9472
vn -1.0000 -0.0000 0.0067
vn -0.1828 0.2312 -0.9556
vn -0.0172 0.1010 -0.9947
vn 1.0000 -0.0000 -0.0067
vn -0.4497 -0.3565 -0.8190
vn -0.1828 0.2311 -0.9556
vn -0.0412 0.1502 -0.9878
vn 0.4496 -0.3564 -0.8190
vn -0.3539 0.1509 -0.9231
vn 0.0573 0.3156 -0.9471
vn -0.4500 -0.3566 -0.8187
vn -0.0027 0.3752 -0.9269
vn -0.0317 0.9838 -0.1764
vn 0.0176 0.1280 -0.9916
vn 0.1828 0.2312 -0.9556
vn -0.5873 0.2743 -0.7614
vn -0.0176 0.1280 -0.9916
vn 0.4416 0.8894 0.1181
vn -0.0094 0.2289 -0.9734
vn 0.5873 0.2743 -0.7614
vn 0.4003 -0.0468 -0.9152
vn -0.4416 0.8894 0.1181
vn -0.4502 -0.3569 -0.8185
vn 0.4497 -0.3565 -0.8190
vn 0.0027 0.3752 -0.9269
vn 0.0413 0.1504 -0.9878
vn -0.0176 0.1281 -0.9916
vn 0.0994 0.5589 -0.8233
vn -0.2159 0.1937 -0.9570
vn -0.9999 -0.0000 0.0134
vn -0.1033 0.0662 -0.9924
vn 0.9999 -0.0000 -0.0134
vn 0.1830 0.2315 -0.9555
vn -0.1830 0.2312 -0.9555
vn -0.0994 0.5589 -0.8233
vt 0.191106 0.874999
vt 0.191106 0.000726
vt 0.240679 0.053275
vt 0.676339 0.836227
vt 0.676339 0.000726
vt 0.741676 0.821347
vt 0.189654 0.000726
vt 0.189654 0.888045
vt 0.000726 0.810245
vt 0.191106 0.948693
vt 0.191106 0.876451
vt 0.238806 0.933835
vt 0.000726 0.956507
vt 0.000726 0.889497
vt 0.026028 0.937910
vt 0.242132 0.837679
vt 0.261702 0.905255
vt 0.242132 0.929812
vt 0.403834 0.837679
vt 0.438093 0.838638
vt 0.403834 0.924165
vt 0.573993 0.903018
vt 0.543996 0.919593
vt 0.543996 0.837679
vt 0.858098 0.000726
vt 0.858098 0.831998
vt 0.743128 0.813534
vt 0.859550 0.696546
vt 0.859550 0.552776
vt 0.868492 0.647737
vt 0.925043 0.464819
vt 0.910789 0.512349
vt 0.910789 0.407554
vt 0.869786 0.128368
vt 0.869786 0.000726
vt 0.893405 0.013918
vt 0.723939 0.980653
vt 0.687170 0.977976
vt 0.723939 0.917557
vt 0.953609 0.105592
vt 0.980806 0.064436
vt 0.992994 0.105592
vt 0.874216 0.978866
vt 0.874216 0.923710
vt 0.885262 0.963495
vt 0.460671 0.981076
vt 0.439545 0.936605
vt 0.460671 0.925920
vt 0.811449 0.928934
vt 0.820299 0.971403
vt 0.811449 0.978167
vt 0.910789 0.513801
vt 0.924050 0.536530
vt 0.910789 0.550036
vt 0.338624 0.962167
vt 0.322319 0.981455
vt 0.322319 0.929867
vt 0.157986 0.987239
vt 0.139174 0.973907
vt 0.157986 0.957302
vt 0.942506 0.626269
vt 0.956179 0.660005
vt 0.942506 0.696272
vt 0.944700 0.803562
vt 0.930187 0.811467
vt 0.930187 0.770177
vt 0.853897 0.860764
vt 0.853650 0.890032
vt 0.853650 0.833454
vt 0.920641 0.922636
vt 0.920641 0.978522
vt 0.890657 0.975258
vt 0.857912 0.855051
vt 0.855349 0.865774
vt 0.855349 0.833451
vt 0.805399 0.922072
vt 0.784331 0.927482
vt 0.784331 0.833451
vt 0.685718 0.901228
vt 0.673241 0.917276
vt 0.673241 0.837679
vt 0.877791 0.523173
vt 0.877791 0.407554
vt 0.909337 0.431967
vt 0.646251 0.917276
vt 0.646251 0.837679
vt 0.671789 0.875716
vt 0.743128 0.879279
vt 0.760909 0.833451
vt 0.760909 0.929958
vt 0.909115 0.312883
vt 0.909115 0.206498
vt 0.922248 0.227973
vt 0.927108 0.575139
vt 0.915551 0.648859
vt 0.915551 0.552776
vt 0.928561 0.626269
vt 0.941054 0.691846
vt 0.928561 0.696507
vt 0.972454 0.148978
vt 0.972454 0.108733
vt 0.995308 0.137661
vt 0.306721 0.945302
vt 0.286182 0.984027
vt 0.286182 0.930450
vt 0.979866 0.637119
vt 0.957632 0.688105
vt 0.957632 0.626269
vt 0.953132 0.203375
vt 0.953132 0.173281
vt 0.967518 0.190138
vt 0.926495 0.484781
vt 0.940204 0.536710
vt 0.926495 0.550648
vt 0.927336 0.203693
vt 0.927336 0.181858
vt 0.942383 0.196067
vt 0.926618 0.685585
vt 0.915551 0.662782
vt 0.926618 0.650311
vt 0.340706 0.981955
vt 0.340706 0.928509
vt 0.369240 0.980328
vt 0.927047 0.888726
vt 0.927047 0.815873
vt 0.951202 0.831150
vt 0.951473 0.311552
vt 0.938228 0.301104
vt 0.951473 0.278443
vt 0.978295 0.000726
vt 0.978295 0.062983
vt 0.953609 0.036531
vt 0.955030 0.890179
vt 0.977007 0.927672
vt 0.955030 0.952436
vt 0.895064 0.305640
vt 0.859550 0.406102
vt 0.859550 0.206498
vt 0.242132 0.977891
vt 0.242132 0.931264
vt 0.256955 0.946737
vt 0.437270 0.947080
vt 0.421255 0.977665
vt 0.421255 0.925617
vt 0.320867 0.887727
vt 0.306580 0.928998
vt 0.306580 0.837679
vt 0.952156 0.066324
vt 0.928731 0.071450
vt 0.928731 0.000726
vt 0.588502 0.837679
vt 0.601259 0.876109
vt 0.588502 0.919245
vt 0.611660 0.948007
vt 0.588502 0.981159
vt 0.588502 0.920698
vt 0.914099 0.595971
vt 0.904451 0.664955
vt 0.904451 0.552776
vt 0.987511 0.612591
vt 0.972217 0.624667
vt 0.972217 0.594720
vt 0.958265 0.613238
vt 0.958265 0.552776
vt 0.970765 0.567726
vt 0.284729 0.865470
vt 0.263154 0.929299
vt 0.263154 0.837679
vt 0.322319 0.837679
vt 0.339254 0.882615
vt 0.322319 0.928414
vt 0.571187 0.977961
vt 0.571187 0.921656
vt 0.587050 0.964296
vt 0.615562 0.978957
vt 0.615562 0.918567
vt 0.641118 0.942748
vt 0.992186 0.523778
vt 0.971866 0.523778
vt 0.974754 0.479553
vt 0.938228 0.206498
vt 0.957723 0.232276
vt 0.938228 0.276990
vt 0.988609 0.470335
vt 0.971149 0.476847
vt 0.971149 0.455346
vt 0.988973 0.178013
vt 0.972454 0.189327
vt 0.972454 0.150430
vt 0.936776 0.264476
vt 0.923700 0.284924
vt 0.923700 0.206498
vt 0.997056 0.792419
vt 0.975608 0.784082
vt 0.997056 0.764213
vt 0.403834 0.981834
vt 0.403834 0.925617
vt 0.419803 0.962800
vt 0.966327 0.875513
vt 0.952654 0.879789
vt 0.952654 0.815873
vt 0.948253 0.746527
vt 0.966666 0.697998
vt 0.966666 0.762761
vt 0.402382 0.871371
vt 0.371973 0.924468
vt 0.371973 0.837679
vt 0.283218 0.981586
vt 0.263154 0.945406
vt 0.283218 0.930752
vt 0.969330 0.379229
vt 0.990621 0.366489
vt 0.990621 0.405643
vt 0.101961 0.955005
vt 0.128143 0.889497
vt 0.138697 0.955005
vt 0.781270 0.930986
vt 0.781270 0.980580
vt 0.762361 0.959870
vt 0.946202 0.552776
vt 0.956813 0.577362
vt 0.946202 0.622470
vt 0.996827 0.593268
vt 0.972217 0.568183
vt 0.996827 0.552776
vt 0.487225 0.978653
vt 0.462967 0.978653
vt 0.484951 0.922394
vt 0.242132 0.061593
vt 0.674887 0.000726
vt 0.674887 0.836227
vt 0.868334 0.070529
vt 0.859550 0.205046
vt 0.859550 0.000726
vt 0.974156 0.766080
vt 0.948253 0.814174
vt 0.948253 0.764213
vt 0.874216 0.922258
vt 0.874216 0.815873
vt 0.889205 0.901050
vt 0.872764 0.768669
vt 0.859550 0.832802
vt 0.859550 0.697998
vt 0.953578 0.950365
vt 0.927047 0.955658
vt 0.927047 0.890179
vt 0.859550 0.407554
vt 0.876339 0.471149
vt 0.859550 0.551324
vt 0.874216 0.697998
vt 0.928735 0.697998
vt 0.926546 0.814420
vt 0.883439 0.552776
vt 0.883439 0.669638
vt 0.880004 0.610727
vt 0.894858 0.000726
vt 0.909188 0.049526
vt 0.894858 0.114410
vt 0.946801 0.733708
vt 0.930187 0.768725
vt 0.930187 0.697998
vt 0.079352 0.955945
vt 0.079352 0.889497
vt 0.100509 0.918598
vt 0.910640 0.204908
vt 0.910640 0.108733
vt 0.925883 0.157255
vt 0.910640 0.000726
vt 0.911480 0.057257
vt 0.910640 0.107281
vt 0.971002 0.124261
vt 0.953132 0.171829
vt 0.953132 0.108733
vt 0.967780 0.875028
vt 0.967780 0.815873
vt 0.974606 0.866225
vt 0.956058 0.428811
vt 0.969697 0.407554
vt 0.969697 0.469992
vt 0.968118 0.749587
vt 0.968118 0.697998
vt 0.977859 0.722444
vt 0.997615 0.824055
vt 0.976059 0.843211
vt 0.976059 0.815873
vt 0.050160 0.943919
vt 0.027480 0.956456
vt 0.027480 0.889497
vt 0.077899 0.956456
vt 0.063120 0.896891
vt 0.077899 0.889497
vt 0.189247 0.950869
vt 0.181042 0.924791
vt 0.189247 0.889497
vt 0.565299 0.977582
vt 0.543996 0.935800
vt 0.565299 0.921045
vt 0.533840 0.921615
vt 0.541153 0.944511
vt 0.533840 0.968514
vt 0.958717 0.511473
vt 0.942116 0.549556
vt 0.942116 0.479553
vt 0.912932 0.096901
vt 0.912932 0.000726
vt 0.927279 0.057912
vt 0.820299 0.887695
vt 0.806852 0.927482
vt 0.806852 0.833451
vt 0.884891 0.552776
vt 0.902999 0.630502
vt 0.884891 0.668396
vt 0.852198 0.912083
vt 0.838553 0.927149
vt 0.838553 0.833451
vt 0.371973 0.967023
vt 0.398935 0.925920
vt 0.398935 0.981543
vt 0.758101 0.931410
vt 0.758101 0.977225
vt 0.743128 0.950512
vt 0.159439 0.996705
vt 0.159439 0.956815
vt 0.188656 0.989493
vt 0.905932 0.181694
vt 0.894858 0.201782
vt 0.894858 0.115862
vt 0.923958 0.314336
vt 0.938392 0.372283
vt 0.923958 0.390111
vt 0.960169 0.479553
vt 0.970414 0.488342
vt 0.960169 0.539271
vt 0.762361 0.929533
vt 0.762361 0.833451
vt 0.772817 0.836948
vt 0.872539 0.924415
vt 0.859550 0.927429
vt 0.859550 0.834254
vt 0.837100 0.858608
vt 0.821751 0.927149
vt 0.821751 0.833450
vt 0.926495 0.483329
vt 0.926495 0.407554
vt 0.940663 0.433395
vt 0.678398 0.936432
vt 0.646251 0.979293
vt 0.646251 0.918728
vt 0.061667 0.958326
vt 0.061667 0.987683
vt 0.035237 0.962221
vt 0.877791 0.550050
vt 0.892467 0.524626
vt 0.894464 0.550050
vt 0.159439 0.894214
vt 0.179590 0.889497
vt 0.179590 0.955363
vt 0.958056 0.376172
vt 0.958056 0.314336
vt 0.967878 0.333837
vt 0.499434 0.975102
vt 0.489239 0.955425
vt 0.499434 0.921656
vt 0.869786 0.129821
vt 0.892754 0.142527
vt 0.869786 0.202675
vt 0.130005 0.997721
vt 0.101961 0.997721
vt 0.115697 0.956457
vt 0.286182 0.928998
vt 0.286182 0.837679
vt 0.305127 0.860858
vt 0.971149 0.453893
vt 0.971149 0.407554
vt 0.993912 0.415095
vt 0.614110 0.880445
vt 0.602711 0.919245
vt 0.602711 0.837679
vt 0.499434 0.864614
vt 0.475841 0.920204
vt 0.475841 0.837679
vt 0.575446 0.837679
vt 0.587050 0.881669
vt 0.575446 0.920204
vt 0.896516 0.318677
vt 0.896516 0.206498
vt 0.907663 0.227793
vt 0.340706 0.837679
vt 0.370521 0.840482
vt 0.340706 0.927057
vt 0.903821 0.921184
vt 0.890657 0.904276
vt 0.903821 0.815873
vt 0.922506 0.358998
vt 0.909115 0.405956
vt 0.909115 0.314336
vt 0.051612 0.889497
vt 0.061667 0.935610
vt 0.051612 0.956874
vt 0.869945 0.552776
vt 0.878552 0.643102
vt 0.869945 0.676512
vt 0.987770 0.267757
vt 0.987770 0.297473
vt 0.973463 0.282186
vt 0.191106 0.950145
vt 0.225941 0.965820
vt 0.191106 0.998166
vt 0.928561 0.624817
vt 0.928561 0.552776
vt 0.944750 0.610350
vt 0.899373 0.671537
vt 0.880004 0.692802
vt 0.880004 0.671091
vt 0.975391 0.234455
vt 0.959175 0.266304
vt 0.959175 0.206498
vt 0.969330 0.314336
vt 0.979556 0.330791
vt 0.969330 0.365037
vt 0.939845 0.384828
vt 0.939845 0.314336
vt 0.956604 0.371358
vt 0.928731 0.107178
vt 0.928731 0.072902
vt 0.941862 0.086126
vt 0.868874 0.961863
vt 0.859550 0.979582
vt 0.859550 0.928881
vt 0.951680 0.108733
vt 0.951680 0.180406
vt 0.927336 0.159405
vt 0.782879 0.884682
vt 0.774269 0.928832
vt 0.774269 0.833451
vt 0.925595 0.860068
vt 0.905273 0.920667
vt 0.905273 0.815872
vt 0.972010 0.271934
vt 0.959175 0.312738
vt 0.959175 0.267757
vt 0.522883 0.837679
vt 0.542543 0.882172
vt 0.522883 0.920162
vt 0.500886 0.920162
vt 0.500886 0.837679
vt 0.521430 0.851113
vt 0.955030 0.999274
vt 0.996469 0.953888
vt 0.996537 0.999274
vt 0.439545 0.924468
vt 0.439545 0.837679
vt 0.461515 0.856245
vt 0.063120 0.995771
vt 0.080129 0.957909
vt 0.096803 0.995771
vt 0.739490 0.917557
vt 0.739490 0.975610
vt 0.725391 0.973069
vt 0.532387 0.978346
vt 0.500886 0.978346
vt 0.508753 0.921615
vt 0.711755 0.837679
vt 0.711755 0.916105
vt 0.687170 0.913336
vt 0.644799 0.917115
vt 0.615562 0.917115
vt 0.619845 0.837679
vt 0.032482 0.992362
vt 0.000726 0.969899
vt 0.032482 0.957959
vt 0.462967 0.920942
vt 0.462967 0.837679
vt 0.474389 0.885940
vt 0.953578 0.957111
vt 0.953578 0.996265
vt 0.926089 0.989944
vt 0.942116 0.407554
vt 0.954605 0.446045
vt 0.942116 0.478101
vt 0.896516 0.320129
vt 0.903659 0.362350
vt 0.896516 0.398470
vt 0.713207 0.916019
vt 0.713207 0.837679
vt 0.738886 0.902470
vt 0.140149 0.955850
vt 0.140149 0.889497
vt 0.157986 0.919774
vt 0.858079 0.928601
vt 0.858079 0.982317
vt 0.821751 0.976857
vt 0.804457 0.935969
vt 0.784331 0.982650
vt 0.784331 0.928934
s 1
usemtl マテリアル
f 3/1/1 2/2/1 4/3/1
f 6/4/2 3/5/2 4/6/2
f 5/7/3 6/8/4 7/9/5
f 4/10/6 2/11/6 8/12/6
f 6/13/7 4/14/7 10/15/7
f 9/16/8 6/17/8 10/18/8
f 11/19/9 9/20/9 10/21/9
f 9/22/10 11/23/10 14/24/10
f 5/25/3 7/26/5 13/27/11
f 15/28/12 11/29/12 16/30/12
f 15/31/13 16/32/13 17/33/13
f 18/34/14 7/35/14 15/36/14
f 22/37/15 21/38/15 23/39/15
f 21/40/16 1/41/16 24/42/16
f 30/43/17 23/44/17 29/45/17
f 30/46/18 28/47/18 23/48/18
f 30/49/19 25/50/19 28/51/19
f 32/52/20 30/53/20 29/54/20
f 31/55/21 30/56/21 26/57/21
f 26/58/22 36/59/22 33/60/22
f 34/61/23 23/62/23 24/63/23
f 34/64/24 29/65/24 23/66/24
f 38/67/25 2/68/25 40/69/25
f 43/70/26 38/71/27 40/72/28
f 41/73/29 2/74/29 38/75/29
f 41/76/30 38/77/27 39/78/31
f 42/79/32 45/80/32 44/81/32
f 45/82/33 43/83/33 47/84/33
f 44/85/34 45/86/34 46/87/34
f 55/88/35 45/89/35 47/90/35
f 11/91/36 8/92/36 49/93/36
f 8/94/37 2/95/37 49/96/37
f 50/97/38 49/98/38 39/99/38
f 54/100/39 21/101/39 22/102/39
f 57/103/40 43/104/40 53/105/40
f 48/106/41 55/107/41 56/108/41
f 47/109/42 57/110/42 58/111/42
f 55/112/43 47/113/43 58/114/43
f 59/115/44 55/116/44 60/117/44
f 57/118/45 53/119/45 22/120/45
f 58/121/46 22/122/46 25/123/46
f 31/124/47 58/125/47 25/126/47
f 59/127/48 60/128/48 31/129/48
f 56/130/49 31/131/49 26/132/49
f 56/133/50 59/134/50 31/135/50
f 37/136/51 19/137/51 62/138/51
f 63/139/52 69/140/52 62/141/52
f 90/142/53 27/143/53 66/144/53
f 27/145/54 26/146/54 66/147/54
f 67/148/55 66/149/55 33/150/55
f 68/151/56 64/152/56 67/153/56
f 68/154/57 70/155/57 72/156/57
f 67/157/58 33/158/58 70/159/58
f 71/160/59 70/161/59 69/162/59
f 72/163/60 70/164/60 71/165/60
f 72/166/61 69/167/61 73/168/61
f 61/169/62 73/170/62 63/171/62
f 74/172/63 65/173/63 75/174/63
f 75/175/64 72/176/64 73/177/64
f 12/178/65 75/179/65 73/180/65
f 77/181/66 44/182/66 46/183/66
f 86/184/67 77/185/67 81/186/67
f 78/187/68 80/188/68 88/189/68
f 46/190/69 48/191/69 81/192/69
f 86/193/70 81/194/70 91/195/70
f 79/196/71 88/197/71 89/198/71
f 82/199/72 17/200/72 83/201/72
f 52/202/73 42/203/73 44/204/73
f 82/205/74 83/206/75 79/207/76
f 85/208/77 79/209/77 89/210/77
f 80/211/78 86/212/78 87/213/78
f 89/214/79 87/215/80 65/216/81
f 90/217/82 56/218/82 27/219/82
f 90/220/83 66/221/83 64/222/83
f 68/223/84 87/224/84 64/225/84
f 74/226/85 92/227/85 65/228/85
f 5/229/3 3/230/4 6/231/4
f 9/232/86 7/233/86 6/234/86
f 10/235/87 4/236/87 8/237/87
f 8/238/88 11/239/88 10/240/88
f 14/241/89 7/242/89 9/243/89
f 15/244/90 7/245/90 14/246/90
f 15/247/91 14/248/91 11/249/91
f 18/250/92 13/251/11 7/252/5
f 18/253/93 15/254/93 17/255/93
f 19/256/94 20/257/94 1/258/94
f 24/259/95 23/260/95 21/261/95
f 1/262/96 20/263/96 24/264/96
f 35/265/97 20/266/97 19/267/97
f 37/268/98 35/269/98 19/270/98
f 28/271/99 22/272/99 23/273/99
f 25/274/100 22/275/100 28/276/100
f 30/277/101 31/278/101 25/279/101
f 26/280/102 30/281/102 32/282/102
f 26/283/103 32/284/103 36/285/103
f 35/286/104 36/287/104 34/288/104
f 36/289/105 29/290/105 34/291/105
f 36/292/106 32/293/106 29/294/106
f 37/295/107 36/296/107 35/297/107
f 37/298/108 33/299/108 36/300/108
f 20/301/109 34/302/110 24/303/111
f 20/304/109 35/305/112 34/306/110
f 43/307/26 39/308/31 38/309/27
f 45/310/113 39/311/31 43/312/26
f 45/313/114 42/314/114 39/315/114
f 45/316/115 55/317/115 48/318/115
f 46/319/116 45/320/116 48/321/116
f 47/322/117 43/323/117 57/324/117
f 50/325/118 11/326/118 49/327/118
f 52/328/119 11/329/119 50/330/119
f 52/331/120 51/332/120 11/333/120
f 49/334/121 2/335/121 41/336/121
f 39/337/122 49/338/122 41/339/122
f 50/340/123 39/341/123 42/342/123
f 52/343/124 50/344/124 42/345/124
f 53/346/125 43/347/26 40/348/28
f 54/349/126 53/350/126 40/351/126
f 53/352/127 54/353/127 22/354/127
f 60/355/128 55/356/128 58/357/128
f 56/358/129 55/359/129 59/360/129
f 58/361/130 57/362/130 22/363/130
f 31/364/131 60/365/131 58/366/131
f 27/367/132 56/368/132 26/369/132
f 66/370/133 26/371/133 33/372/133
f 64/373/134 66/374/134 67/375/134
f 70/376/135 68/377/135 67/378/135
f 72/379/136 75/380/136 68/381/136
f 75/382/137 65/383/137 68/384/137
f 70/385/138 33/386/138 37/387/138
f 69/388/139 70/389/139 37/390/139
f 62/391/140 69/392/140 37/393/140
f 63/394/141 73/395/141 69/396/141
f 72/397/142 71/398/142 69/399/142
f 61/400/143 63/401/143 62/402/143
f 12/403/144 74/404/144 75/405/144
f 61/406/145 12/407/145 73/408/145
f 83/409/146 44/410/146 76/411/146
f 78/412/147 83/413/147 76/414/147
f 77/415/148 76/416/148 44/417/148
f 78/418/149 76/419/149 77/420/149
f 77/421/150 46/422/150 81/423/150
f 80/424/151 77/425/151 86/426/151
f 80/427/152 78/428/152 77/429/152
f 79/430/153 78/431/153 88/432/153
f 51/433/154 16/434/154 11/435/154
f 83/436/155 17/437/155 16/438/155
f 52/439/156 16/440/156 51/441/156
f 83/442/157 16/443/157 52/444/157
f 83/445/158 52/446/158 44/447/158
f 84/448/159 82/449/74 79/450/76
f 79/451/160 83/452/160 78/453/160
f 84/454/161 79/455/161 85/456/161
f 18/457/162 17/458/162 82/459/162
f 84/460/163 18/461/163 82/462/163
f 81/463/164 48/464/164 56/465/164
f 91/466/165 81/467/165 56/468/165
f 88/469/166 80/470/166 87/471/166
f 91/472/167 56/473/167 90/474/167
f 87/475/168 86/476/168 91/477/168
f 89/478/169 88/479/169 87/480/169
f 87/481/170 91/482/170 90/483/170
f 87/484/171 90/485/171 64/486/171
f 65/487/81 87/488/80 68/489/172
f 92/490/173 89/491/173 65/492/173
f 85/493/174 89/494/174 92/495/174
f 95/1/175 96/3/175 94/2/175
f 97/4/176 96/6/177 95/5/178
f 5/7/179 98/9/180 97/8/176
f 96/10/181 99/12/181 94/11/181
f 97/13/182 101/15/182 96/14/182
f 100/16/183 101/18/183 97/17/183
f 102/19/184 101/21/184 100/20/184
f 100/22/185 104/24/185 102/23/185
f 5/25/179 103/27/186 98/26/180
f 105/28/187 106/30/187 102/29/187
f 105/31/188 107/33/188 106/32/188
f 18/34/189 105/36/189 98/35/189
f 111/37/190 112/39/190 110/38/190
f 110/40/191 113/42/191 93/41/191
f 119/43/192 118/45/192 112/44/192
f 119/46/193 112/48/193 117/47/193
f 119/49/194 117/51/194 114/50/194
f 121/52/195 118/54/195 119/53/195
f 120/55/196 115/57/196 119/56/196
f 115/58/197 122/60/197 125/59/197
f 123/61/198 113/63/198 112/62/198
f 123/64/199 112/66/199 118/65/199
f 127/67/200 129/69/200 94/68/200
f 132/70/201 129/72/202 127/71/203
f 130/73/204 127/75/204 94/74/204
f 130/76/205 128/78/206 127/77/203
f 131/79/207 133/81/207 134/80/207
f 134/82/208 136/84/208 132/83/208
f 133/85/209 135/87/209 134/86/209
f 144/88/210 136/90/210 134/89/210
f 102/91/211 138/93/211 99/92/211
f 99/94/212 138/96/212 94/95/212
f 139/97/213 128/99/213 138/98/213
f 143/100/214 111/102/214 110/101/214
f 146/103/215 142/105/215 132/104/215
f 137/106/216 145/108/216 144/107/216
f 136/109/217 147/111/217 146/110/217
f 144/112/218 147/114/218 136/113/218
f 148/115/219 149/117/219 144/116/219
f 146/118/220 111/120/220 142/119/220
f 147/121/221 114/123/221 111/122/221
f 120/124/222 114/126/222 147/125/222
f 148/127/223 120/129/223 149/128/223
f 145/130/224 115/132/224 120/131/224
f 145/133/225 120/135/225 148/134/225
f 126/136/226 150/138/226 108/137/226
f 151/139/227 150/141/227 157/140/227
f 175/142/228 154/144/228 116/143/228
f 116/145/229 154/147/229 115/146/229
f 155/148/230 122/150/230 154/149/230
f 156/151/231 155/153/231 152/152/231
f 156/154/232 160/156/232 158/155/232
f 155/157/233 158/159/233 122/158/233
f 159/160/234 157/162/234 158/161/234
f 160/163/235 159/165/235 158/164/235
f 160/166/236 161/168/236 157/167/236
f 61/169/237 151/171/237 161/170/237
f 74/172/238 162/174/238 153/173/238
f 162/175/239 161/177/239 160/176/239
f 12/178/240 161/180/240 162/179/240
f 164/181/241 135/183/241 133/182/241
f 171/184/242 168/186/242 164/185/242
f 165/187/243 173/189/243 167/188/243
f 135/190/244 168/192/244 137/191/244
f 171/193/245 176/195/245 168/194/245
f 166/196/246 174/198/246 173/197/246
f 169/199/247 170/201/247 107/200/247
f 141/202/248 133/204/248 131/203/248
f 169/205/249 166/207/250 170/206/251
f 85/208/252 174/210/252 166/209/252
f 167/211/253 172/213/253 171/212/253
f 174/214/254 153/216/255 172/215/256
f 175/217/257 116/219/257 145/218/257
f 175/220/258 152/222/258 154/221/258
f 156/223/259 152/225/259 172/224/259
f 74/226/260 153/228/260 92/227/260
f 5/229/179 97/231/176 95/230/178
f 100/232/261 97/234/261 98/233/261
f 101/235/262 99/237/262 96/236/262
f 99/238/263 101/240/263 102/239/263
f 104/241/264 100/243/264 98/242/264
f 105/244/265 104/246/265 98/245/265
f 105/247/266 102/249/266 104/248/266
f 18/250/267 98/252/180 103/251/186
f 18/253/268 107/255/268 105/254/268
f 108/256/269 93/258/269 109/257/269
f 113/259/270 110/261/270 112/260/270
f 93/262/271 113/264/271 109/263/271
f 124/265/272 108/267/272 109/266/272
f 126/268/273 108/270/273 124/269/273
f 117/271/274 112/273/274 111/272/274
f 114/274/275 117/276/275 111/275/275
f 119/277/276 114/279/276 120/278/276
f 115/280/277 121/282/277 119/281/277
f 115/283/278 125/285/278 121/284/278
f 124/286/279 123/288/279 125/287/279
f 125/289/280 123/291/280 118/290/280
f 125/292/281 118/294/281 121/293/281
f 126/295/282 124/297/282 125/296/282
f 126/298/283 125/300/283 122/299/283
f 109/301/284 113/303/285 123/302/286
f 109/304/284 123/306/286 124/305/287
f 132/307/201 127/309/203 128/308/206
f 134/310/288 132/312/201 128/311/206
f 134/313/289 128/315/289 131/314/289
f 134/316/290 137/318/290 144/317/290
f 135/319/291 137/321/291 134/320/291
f 136/322/292 146/324/292 132/323/292
f 139/325/293 138/327/293 102/326/293
f 141/328/294 139/330/294 102/329/294
f 141/331/295 102/333/295 140/332/295
f 138/334/296 130/336/296 94/335/296
f 128/337/297 130/339/297 138/338/297
f 139/340/298 131/342/298 128/341/298
f 141/343/299 131/345/299 139/344/299
f 142/346/300 129/348/202 132/347/201
f 143/349/301 129/351/301 142/350/301
f 142/352/302 111/354/302 143/353/302
f 149/355/303 147/357/303 144/356/303
f 145/358/304 148/360/304 144/359/304
f 147/361/305 111/363/305 146/362/305
f 120/364/306 147/366/306 149/365/306
f 116/367/307 115/369/307 145/368/307
f 154/370/308 122/372/308 115/371/308
f 152/373/309 155/375/309 154/374/309
f 158/376/310 155/378/310 156/377/310
f 160/379/311 156/381/311 162/380/311
f 162/382/312 156/384/312 153/383/312
f 158/385/313 126/387/313 122/386/313
f 157/388/314 126/390/314 158/389/314
f 150/391/315 126/393/315 157/392/315
f 151/394/316 157/396/316 161/395/316
f 160/397/317 157/399/317 159/398/317
f 61/400/318 150/402/318 151/401/318
f 12/403/319 162/405/319 74/404/319
f 61/406/320 161/408/320 12/407/320
f 170/409/321 163/411/321 133/410/321
f 165/412/322 163/414/322 170/413/322
f 164/415/323 133/417/323 163/416/323
f 165/418/324 164/420/324 163/419/324
f 164/421/325 168/423/325 135/422/325
f 167/424/326 171/426/326 164/425/326
f 167/427/327 164/429/327 165/428/327
f 166/430/328 173/432/328 165/431/328
f 140/433/329 102/435/329 106/434/329
f 170/436/330 106/438/330 107/437/330
f 141/439/331 140/441/331 106/440/331
f 170/442/332 141/444/332 106/443/332
f 170/445/333 133/447/333 141/446/333
f 84/448/334 166/450/250 169/449/249
f 166/451/335 165/453/335 170/452/335
f 84/454/336 85/456/336 166/455/336
f 18/457/337 169/459/337 107/458/337
f 84/460/338 169/462/338 18/461/338
f 168/463/339 145/465/339 137/464/339
f 176/466/340 145/468/340 168/467/340
f 173/469/341 172/471/341 167/470/341
f 176/472/342 175/474/342 145/473/342
f 172/475/343 176/477/343 171/476/343
f 174/478/344 172/480/344 173/479/344
f 172/481/345 175/483/345 176/482/345
f 172/484/346 152/486/346 175/485/346
f 153/487/255 156/489/347 172/488/256
f 92/490/348 153/492/348 174/491/348
f 85/493/349 92/495/349 174/494/349
f 179/1/1 178/2/1 180/3/1
f 182/4/2 179/5/2 180/6/2
f 181/7/3 182/8/4 183/9/5
f 180/10/6 178/11/6 184/12/6
f 182/13/7 180/14/7 186/15/7
f 185/16/8 182/17/8 186/18/8
f 187/19/9 185/20/9 186/21/9
f 185/22/10 187/23/10 190/24/10
f 181/25/3 183/26/5 189/27/11
f 191/28/12 187/29/12 192/30/12
f 191/31/13 192/32/13 193/33/13
f 194/34/14 183/35/14 191/36/14
f 198/37/15 197/38/15 199/39/15
f 197/40/16 177/41/16 200/42/16
f 206/43/17 199/44/17 205/45/17
f 206/46/18 204/47/18 199/48/18
f 206/49/19 201/50/19 204/51/19
f 208/52/20 206/53/20 205/54/20
f 207/55/21 206/56/21 202/57/21
f 202/58/22 212/59/22 209/60/22
f 210/61/23 199/62/23 200/63/23
f 210/64/24 205/65/24 199/66/24
f 214/67/25 178/68/25 216/69/25
f 219/70/26 214/71/27 216/72/350
f 217/73/29 178/74/29 214/75/29
f 217/76/30 214/77/27 215/78/351
f 218/79/32 221/80/32 220/81/32
f 221/82/33 219/83/33 223/84/33
f 220/85/34 221/86/34 222/87/34
f 231/88/35 221/89/35 223/90/35
f 187/91/36 184/92/36 225/93/36
f 184/94/37 178/95/37 225/96/37
f 226/97/38 225/98/38 215/99/38
f 230/100/39 197/101/39 198/102/39
f 233/103/40 219/104/40 229/105/40
f 224/106/41 231/107/41 232/108/41
f 223/109/42 233/110/42 234/111/42
f 231/112/43 223/113/43 234/114/43
f 235/115/44 231/116/44 236/117/44
f 233/118/45 229/119/45 198/120/45
f 234/121/46 198/122/46 201/123/46
f 207/124/47 234/125/47 201/126/47
f 235/127/48 236/128/48 207/129/48
f 232/130/49 207/131/49 202/132/49
f 232/133/50 235/134/50 207/135/50
f 213/136/51 195/137/51 238/138/51
f 239/139/52 245/140/52 238/141/52
f 266/142/53 203/143/53 242/144/53
f 203/145/54 202/146/54 242/147/54
f 243/148/55 242/149/55 209/150/55
f 244/151/56 240/152/56 243/153/56
f 244/154/57 246/155/57 248/156/57
f 243/157/58 209/158/58 246/159/58
f 247/160/59 246/161/59 245/162/59
f 248/163/60 246/164/60 247/165/60
f 248/166/61 245/167/61 249/168/61
f 237/169/62 249/170/62 239/171/62
f 250/172/63 241/173/63 251/174/63
f 251/175/64 248/176/64 249/177/64
f 188/178/65 251/179/65 249/180/65
f 253/181/66 220/182/66 222/183/66
f 262/184/67 253/185/67 257/186/67
f 254/187/68 256/188/68 264/189/68
f 222/190/69 224/191/69 257/192/69
f 262/193/70 257/194/70 267/195/70
f 255/196/71 264/197/71 265/198/71
f 258/199/72 193/200/72 259/201/72
f 228/202/73 218/203/73 220/204/73
f 258/205/74 259/206/75 255/207/76
f 261/208/77 255/209/77 265/210/77
f 256/211/78 262/212/78 263/213/78
f 265/214/79 263/215/352 241/216/353
f 266/217/82 232/218/82 203/219/82
f 266/220/83 242/221/83 240/222/83
f 244/223/84 263/224/84 240/225/84
f 250/226/85 268/227/85 241/228/85
f 181/229/3 179/230/4 182/231/4
f 185/232/86 183/233/86 182/234/86
f 186/235/87 180/236/87 184/237/87
f 184/238/88 187/239/88 186/240/88
f 190/241/89 183/242/89 185/243/89
f 191/244/90 183/245/90 190/246/90
f 191/247/91 190/248/91 187/249/91
f 194/250/92 189/251/11 183/252/5
f 194/253/93 191/254/93 193/255/93
f 195/256/94 196/257/94 177/258/94
f 200/259/95 199/260/95 197/261/95
f 177/262/96 196/263/96 200/264/96
f 211/265/97 196/266/97 195/267/97
f 213/268/98 211/269/98 195/270/98
f 204/271/99 198/272/99 199/273/99
f 201/274/100 198/275/100 204/276/100
f 206/277/101 207/278/101 201/279/101
f 202/280/102 206/281/102 208/282/102
f 202/283/103 208/284/103 212/285/103
f 211/286/104 212/287/104 210/288/104
f 212/289/105 205/290/105 210/291/105
f 212/292/106 208/293/106 205/294/106
f 213/295/107 212/296/107 211/297/107
f 213/298/108 209/299/108 212/300/108
f 196/301/109 210/302/110 200/303/111
f 196/304/109 211/305/112 210/306/110
f 219/307/26 215/308/351 214/309/27
f 221/310/113 215/311/351 219/312/26
f 221/313/114 218/314/114 215/315/114
f 221/316/115 231/317/115 224/318/115
f 222/319/116 221/320/116 224/321/116
f 223/322/117 219/323/117 233/324/117
f 226/325/118 187/326/118 225/327/118
f 228/328/119 187/329/119 226/330/119
f 228/331/120 227/332/120 187/333/120
f 225/334/121 178/335/121 217/336/121
f 215/337/122 225/338/122 217/339/122
f 226/340/123 215/341/123 218/342/123
f 228/343/124 226/344/124 218/345/124
f 229/346/125 219/347/26 216/348/350
f 230/349/126 229/350/126 216/351/126
f 229/352/127 230/353/127 198/354/127
f 236/355/128 231/356/128 234/357/128
f 232/358/129 231/359/129 235/360/129
f 234/361/130 233/362/130 198/363/130
f 207/364/131 236/365/131 234/366/131
f 203/367/132 232/368/132 202/369/132
f 242/370/133 202/371/133 209/372/133
f 240/373/134 242/374/134 243/375/134
f 246/376/135 244/377/135 243/378/135
f 248/379/136 251/380/136 244/381/136
f 251/382/137 241/383/137 244/384/137
f 246/385/138 209/386/138 213/387/138
f 245/388/139 246/389/139 213/390/139
f 238/391/140 245/392/140 213/393/140
f 239/394/141 249/395/141 245/396/141
f 248/397/142 247/398/142 245/399/142
f 237/400/143 239/401/143 238/402/143
f 188/403/144 250/404/144 251/405/144
f 237/406/145 188/407/145 249/408/145
f 259/409/146 220/410/146 252/411/146
f 254/412/147 259/413/147 252/414/147
f 253/415/148 252/416/148 220/417/148
f 254/418/149 252/419/149 253/420/149
f 253/421/150 222/422/150 257/423/150
f 256/424/151 253/425/151 262/426/151
f 256/427/152 254/428/152 253/429/152
f 255/430/153 254/431/153 264/432/153
f 227/433/154 192/434/154 187/435/154
f 259/436/155 193/437/155 192/438/155
f 228/439/156 192/440/156 227/441/156
f 259/442/157 192/443/157 228/444/157
f 259/445/158 228/446/158 220/447/158
f 260/448/159 258/449/74 255/450/76
f 255/451/160 259/452/160 254/453/160
f 260/454/161 255/455/161 261/456/161
f 194/457/162 193/458/162 258/459/162
f 260/460/163 194/461/163 258/462/163
f 257/463/164 224/464/164 232/465/164
f 267/466/165 257/467/165 232/468/165
f 264/469/166 256/470/166 263/471/166
f 267/472/167 232/473/167 266/474/167
f 263/475/168 262/476/168 267/477/168
f 265/478/169 264/479/169 263/480/169
f 263/481/170 267/482/170 266/483/170
f 263/484/171 266/485/171 240/486/171
f 241/487/353 263/488/352 244/489/172
f 268/490/173 265/491/173 241/492/173
f 261/493/174 265/494/174 268/495/174
f 271/1/175 272/3/175 270/2/175
f 273/4/176 272/6/177 271/5/178
f 181/7/179 274/9/180 273/8/176
f 272/10/181 275/12/181 270/11/181
f 273/13/182 277/15/182 272/14/182
f 276/16/183 277/18/183 273/17/183
f 278/19/184 277/21/184 276/20/184
f 276/22/185 280/24/185 278/23/185
f 181/25/179 279/27/186 274/26/180
f 281/28/187 282/30/187 278/29/187
f 281/31/188 283/33/188 282/32/188
f 194/34/189 281/36/189 274/35/189
f 287/37/190 288/39/190 286/38/190
f 286/40/191 289/42/191 269/41/191
f 295/43/192 294/45/192 288/44/192
f 295/46/193 288/48/193 293/47/193
f 295/49/194 293/51/194 290/50/194
f 297/52/195 294/54/195 295/53/195
f 296/55/196 291/57/196 295/56/196
f 291/58/197 298/60/197 301/59/197
f 299/61/198 289/63/198 288/62/198
f 299/64/199 288/66/199 294/65/199
f 303/67/200 305/69/200 270/68/200
f 308/70/201 305/72/354 303/71/203
f 306/73/204 303/75/204 270/74/204
f 306/76/205 304/78/206 303/77/203
f 307/79/207 309/81/207 310/80/207
f 310/82/208 312/84/208 308/83/208
f 309/85/209 311/87/209 310/86/209
f 320/88/210 312/90/210 310/89/210
f 278/91/211 314/93/211 275/92/211
f 275/94/212 314/96/212 270/95/212
f 315/97/213 304/99/213 314/98/213
f 319/100/214 287/102/214 286/101/214
f 322/103/215 318/105/215 308/104/215
f 313/106/216 321/108/216 320/107/216
f 312/109/217 323/111/217 322/110/217
f 320/112/218 323/114/218 312/113/218
f 324/115/219 325/117/219 320/116/219
f 322/118/220 287/120/220 318/119/220
f 323/121/221 290/123/221 287/122/221
f 296/124/222 290/126/222 323/125/222
f 324/127/223 296/129/223 325/128/223
f 321/130/224 291/132/224 296/131/224
f 321/133/225 296/135/225 324/134/225
f 302/136/226 326/138/226 284/137/226
f 327/139/227 326/141/227 333/140/227
f 351/142/228 330/144/228 292/143/228
f 292/145/229 330/147/229 291/146/229
f 331/148/230 298/150/230 330/149/230
f 332/151/231 331/153/231 328/152/231
f 332/154/232 336/156/232 334/155/232
f 331/157/233 334/159/233 298/158/233
f 335/160/234 333/162/234 334/161/234
f 336/163/235 335/165/235 334/164/235
f 336/166/236 337/168/236 333/167/236
f 237/169/237 327/171/237 337/170/237
f 250/172/238 338/174/238 329/173/238
f 338/175/239 337/177/239 336/176/239
f 188/178/240 337/180/240 338/179/240
f 340/181/241 311/183/241 309/182/241
f 347/184/242 344/186/242 340/185/242
f 341/187/243 349/189/243 343/188/243
f 311/190/244 344/192/244 313/191/244
f 347/193/245 352/195/245 344/194/245
f 342/196/246 350/198/246 349/197/246
f 345/199/247 346/201/247 283/200/247
f 317/202/248 309/204/248 307/203/248
f 345/205/249 342/207/250 346/206/251
f 261/208/252 350/210/252 342/209/252
f 343/211/253 348/213/253 347/212/253
f 350/214/254 329/216/255 348/215/256
f 351/217/257 292/219/257 321/218/257
f 351/220/258 328/222/258 330/221/258
f 332/223/259 328/225/259 348/224/259
f 250/226/260 329/228/260 268/227/260
f 181/229/179 273/231/176 271/230/178
f 276/232/261 273/234/261 274/233/261
f 277/235/262 275/237/262 272/236/262
f 275/238/263 277/240/263 278/239/263
f 280/241/264 276/243/264 274/242/264
f 281/244/265 280/246/265 274/245/265
f 281/247/266 278/249/266 280/248/266
f 194/250/267 274/252/180 279/251/186
f 194/253/268 283/255/268 281/254/268
f 284/256/269 269/258/269 285/257/269
f 289/259/270 286/261/270 288/260/270
f 269/262/271 289/264/271 285/263/271
f 300/265/272 284/267/272 285/266/272
f 302/268/273 284/270/273 300/269/273
f 293/271/274 288/273/274 287/272/274
f 290/274/275 293/276/275 287/275/275
f 295/277/276 290/279/276 296/278/276
f 291/280/277 297/282/277 295/281/277
f 291/283/278 301/285/278 297/284/278
f 300/286/279 299/288/279 301/287/279
f 301/289/280 299/291/280 294/290/280
f 301/292/281 294/294/281 297/293/281
f 302/295/282 300/297/282 301/296/282
f 302/298/283 301/300/283 298/299/283
f 285/301/284 289/303/285 299/302/286
f 285/304/284 299/306/286 300/305/287
f 308/307/201 303/309/203 304/308/206
f 310/310/288 308/312/201 304/311/206
f 310/313/289 304/315/289 307/314/289
f 310/316/290 313/318/290 320/317/290
f 311/319/291 313/321/291 310/320/291
f 312/322/292 322/324/292 308/323/292
f 315/325/293 314/327/293 278/326/293
f 317/328/294 315/330/294 278/329/294
f 317/331/295 278/333/295 316/332/295
f 314/334/296 306/336/296 270/335/296
f 304/337/297 306/339/297 314/338/297
f 315/340/298 307/342/298 304/341/298
f 317/343/299 307/345/299 315/344/299
f 318/346/300 305/348/354 308/347/201
f 319/349/301 305/351/301 318/350/301
f 318/352/302 287/354/302 319/353/302
f 325/355/303 323/357/303 320/356/303
f 321/358/304 324/360/304 320/359/304
f 323/361/305 287/363/305 322/362/305
f 296/364/306 323/366/306 325/365/306
f 292/367/307 291/369/307 321/368/307
f 330/370/308 298/372/308 291/371/308
f 328/373/309 331/375/309 330/374/309
f 334/376/310 331/378/310 332/377/310
f 336/379/311 332/381/311 338/380/311
f 338/382/312 332/384/312 329/383/312
f 334/385/313 302/387/313 298/386/313
f 333/388/314 302/390/314 334/389/314
f 326/391/315 302/393/315 333/392/315
f 327/394/316 333/396/316 337/395/316
f 336/397/317 333/399/317 335/398/317
f 237/400/318 326/402/318 327/401/318
f 188/403/319 338/405/319 250/404/319
f 237/406/320 337/408/320 188/407/320
f 346/409/321 339/411/321 309/410/321
f 341/412/322 339/414/322 346/413/322
f 340/415/323 309/417/323 339/416/323
f 341/418/324 340/420/324 339/419/324
f 340/421/325 344/423/325 311/422/325
f 343/424/326 347/426/326 340/425/326
f 343/427/355 340/429/355 341/428/355
f 342/430/328 349/432/328 341/431/328
f 316/433/329 278/435/329 282/434/329
f 346/436/330 282/438/330 283/437/330
f 317/439/331 316/441/331 282/440/331
f 346/442/332 317/444/332 282/443/332
f 346/445/333 309/447/333 317/446/333
f 260/448/334 342/450/250 345/449/249
f 342/451/335 341/453/335 346/452/335
f 260/454/336 261/456/336 342/455/336
f 194/457/337 345/459/337 283/458/337
f 260/460/338 345/462/338 194/461/338
f 344/463/339 321/465/339 313/464/339
f 352/466/340 321/468/340 344/467/340
f 349/469/341 348/471/341 343/470/341
f 352/472/342 351/474/342 321/473/342
f 348/475/343 352/477/343 347/476/343
f 350/478/344 348/480/344 349/479/344
f 348/481/345 351/483/345 352/482/345
f 348/484/346 328/486/346 351/485/346
f 329/487/255 332/489/347 348/488/256
f 268/490/348 329/492/348 350/491/348
f 261/493/349 268/495/349 350/494/349
f 355/1/1 354/2/1 356/3/1
f 358/4/2 355/5/2 356/6/2
f 357/7/3 358/8/4 359/9/5
f 356/10/6 354/11/6 360/12/6
f 358/13/7 356/14/7 362/15/7
f 361/16/8 358/17/8 362/18/8
f 363/19/9 361/20/9 362/21/9
f 361/22/10 363/23/10 366/24/10
f 357/25/3 359/26/5 365/27/11
f 367/28/12 363/29/12 368/30/12
f 367/31/13 368/32/13 369/33/13
f 370/34/14 359/35/14 367/36/14
f 374/37/15 373/38/15 375/39/15
f 373/40/16 353/41/16 376/42/16
f 382/43/17 375/44/17 381/45/17
f 382/46/18 380/47/18 375/48/18
f 382/49/19 377/50/19 380/51/19
f 384/52/20 382/53/20 381/54/20
f 383/55/21 382/56/21 378/57/21
f 378/58/22 388/59/22 385/60/22
f 386/61/23 375/62/23 376/63/23
f 386/64/24 381/65/24 375/66/24
f 390/67/25 354/68/25 392/69/25
f 395/70/26 390/71/27 392/72/28
f 393/73/29 354/74/29 390/75/29
f 393/76/30 390/77/27 391/78/351
f 394/79/32 397/80/32 396/81/32
f 397/82/33 395/83/33 399/84/33
f 396/85/34 397/86/34 398/87/34
f 407/88/35 397/89/35 399/90/35
f 363/91/36 360/92/36 401/93/36
f 360/94/37 354/95/37 401/96/37
f 402/97/38 401/98/38 391/99/38
f 406/100/39 373/101/39 374/102/39
f 409/103/40 395/104/40 405/105/40
f 400/106/41 407/107/41 408/108/41
f 399/109/42 409/110/42 410/111/42
f 407/112/43 399/113/43 410/114/43
f 411/115/356 407/116/356 412/117/356
f 409/118/45 405/119/45 374/120/45
f 410/121/46 374/122/46 377/123/46
f 383/124/47 410/125/47 377/126/47
f 411/127/48 412/128/48 383/129/48
f 408/130/49 383/131/49 378/132/49
f 408/133/50 411/134/50 383/135/50
f 389/136/51 371/137/51 414/138/51
f 415/139/52 421/140/52 414/141/52
f 442/142/53 379/143/53 418/144/53
f 379/145/54 378/146/54 418/147/54
f 419/148/55 418/149/55 385/150/55
f 420/151/56 416/152/56 419/153/56
f 420/154/57 422/155/57 424/156/57
f 419/157/58 385/158/58 422/159/58
f 423/160/59 422/161/59 421/162/59
f 424/163/60 422/164/60 423/165/60
f 424/166/61 421/167/61 425/168/61
f 413/169/62 425/170/62 415/171/62
f 426/172/63 417/173/63 427/174/63
f 427/175/64 424/176/64 425/177/64
f 364/178/65 427/179/65 425/180/65
f 429/181/66 396/182/66 398/183/66
f 438/184/67 429/185/67 433/186/67
f 430/187/68 432/188/68 440/189/68
f 398/190/69 400/191/69 433/192/69
f 438/193/70 433/194/70 443/195/70
f 431/196/71 440/197/71 441/198/71
f 434/199/72 369/200/72 435/201/72
f 404/202/73 394/203/73 396/204/73
f 434/205/74 435/206/75 431/207/76
f 437/208/77 431/209/77 441/210/77
f 432/211/78 438/212/78 439/213/78
f 441/214/79 439/215/80 417/216/81
f 442/217/82 408/218/82 379/219/82
f 442/220/83 418/221/83 416/222/83
f 420/223/84 439/224/84 416/225/84
f 426/226/85 444/227/85 417/228/85
f 357/229/3 355/230/4 358/231/4
f 361/232/86 359/233/86 358/234/86
f 362/235/87 356/236/87 360/237/87
f 360/238/88 363/239/88 362/240/88
f 366/241/89 359/242/89 361/243/89
f 367/244/90 359/245/90 366/246/90
f 367/247/91 366/248/91 363/249/91
f 370/250/92 365/251/11 359/252/5
f 370/253/93 367/254/93 369/255/93
f 371/256/94 372/257/94 353/258/94
f 376/259/95 375/260/95 373/261/95
f 353/262/96 372/263/96 376/264/96
f 387/265/97 372/266/97 371/267/97
f 389/268/98 387/269/98 371/270/98
f 380/271/99 374/272/99 375/273/99
f 377/274/100 374/275/100 380/276/100
f 382/277/101 383/278/101 377/279/101
f 378/280/102 382/281/102 384/282/102
f 378/283/103 384/284/103 388/285/103
f 387/286/104 388/287/104 386/288/104
f 388/289/105 381/290/105 386/291/105
f 388/292/106 384/293/106 381/294/106
f 389/295/107 388/296/107 387/297/107
f 389/298/108 385/299/108 388/300/108
f 372/301/109 386/302/110 376/303/111
f 372/304/109 387/305/112 386/306/110
f 395/307/26 391/308/351 390/309/27
f 397/310/113 391/311/351 395/312/26
f 397/313/114 394/314/114 391/315/114
f 397/316/115 407/317/115 400/318/115
f 398/319/116 397/320/116 400/321/116
f 399/322/117 395/323/117 409/324/117
f 402/325/118 363/326/118 401/327/118
f 404/328/119 363/329/119 402/330/119
f 404/331/120 403/332/120 363/333/120
f 401/334/121 354/335/121 393/336/121
f 391/337/122 401/338/122 393/339/122
f 402/340/123 391/341/123 394/342/123
f 404/343/124 402/344/124 394/345/124
f 405/346/125 395/347/26 392/348/28
f 406/349/126 405/350/126 392/351/126
f 405/352/127 406/353/127 374/354/127
f 412/355/128 407/356/128 410/357/128
f 408/358/129 407/359/129 411/360/129
f 410/361/130 409/362/130 374/363/130
f 383/364/131 412/365/131 410/366/131
f 379/367/132 408/368/132 378/369/132
f 418/370/133 378/371/133 385/372/133
f 416/373/134 418/374/134 419/375/134
f 422/376/135 420/377/135 419/378/135
f 424/379/136 427/380/136 420/381/136
f 427/382/137 417/383/137 420/384/137
f 422/385/138 385/386/138 389/387/138
f 421/388/139 422/389/139 389/390/139
f 414/391/140 421/392/140 389/393/140
f 415/394/141 425/395/141 421/396/141
f 424/397/142 423/398/142 421/399/142
f 413/400/143 415/401/143 414/402/143
f 364/403/144 426/404/144 427/405/144
f 413/406/145 364/407/145 425/408/145
f 435/409/146 396/410/146 428/411/146
f 430/412/147 435/413/147 428/414/147
f 429/415/148 428/416/148 396/417/148
f 430/418/149 428/419/149 429/420/149
f 429/421/150 398/422/150 433/423/150
f 432/424/151 429/425/151 438/426/151
f 432/427/152 430/428/152 429/429/152
f 431/430/153 430/431/153 440/432/153
f 403/433/154 368/434/154 363/435/154
f 435/436/155 369/437/155 368/438/155
f 404/439/156 368/440/156 403/441/156
f 435/442/157 368/443/157 404/444/157
f 435/445/158 404/446/158 396/447/158
f 436/448/159 434/449/74 431/450/76
f 431/451/160 435/452/160 430/453/160
f 436/454/161 431/455/161 437/456/161
f 370/457/162 369/458/162 434/459/162
f 436/460/163 370/461/163 434/462/163
f 433/463/164 400/464/164 408/465/164
f 443/466/165 433/467/165 408/468/165
f 440/469/166 432/470/166 439/471/166
f 443/472/167 408/473/167 442/474/167
f 439/475/168 438/476/168 443/477/168
f 441/478/169 440/479/169 439/480/169
f 439/481/170 443/482/170 442/483/170
f 439/484/171 442/485/171 416/486/171
f 417/487/81 439/488/80 420/489/172
f 444/490/173 441/491/173 417/492/173
f 437/493/174 441/494/174 444/495/174
f 447/1/175 448/3/175 446/2/175
f 449/4/176 448/6/177 447/5/178
f 357/7/179 450/9/180 449/8/176
f 448/10/181 451/12/181 446/11/181
f 449/13/182 453/15/182 448/14/182
f 452/16/183 453/18/183 449/17/183
f 454/19/184 453/21/184 452/20/184
f 452/22/185 456/24/185 454/23/185
f 357/25/179 455/27/186 450/26/180
f 457/28/187 458/30/187 454/29/187
f 457/31/188 459/33/188 458/32/188
f 370/34/189 457/36/189 450/35/189
f 463/37/190 464/39/190 462/38/190
f 462/40/191 465/42/191 445/41/191
f 471/43/192 470/45/192 464/44/192
f 471/46/193 464/48/193 469/47/193
f 471/49/194 469/51/194 466/50/194
f 473/52/195 470/54/195 471/53/195
f 472/55/196 467/57/196 471/56/196
f 467/58/357 474/60/357 477/59/357
f 475/61/198 465/63/198 464/62/198
f 475/64/199 464/66/199 470/65/199
f 479/67/358 481/69/358 446/68/358
f 484/70/201 481/72/202 479/71/203
f 482/73/204 479/75/204 446/74/204
f 482/76/205 480/78/359 479/77/203
f 483/79/207 485/81/207 486/80/207
f 486/82/208 488/84/208 484/83/208
f 485/85/209 487/87/209 486/86/209
f 496/88/210 488/90/210 486/89/210
f 454/91/211 490/93/211 451/92/211
f 451/94/212 490/96/212 446/95/212
f 491/97/213 480/99/213 490/98/213
f 495/100/214 463/102/214 462/101/214
f 498/103/215 494/105/215 484/104/215
f 489/106/216 497/108/216 496/107/216
f 488/109/217 499/111/217 498/110/217
f 496/112/218 499/114/218 488/113/218
f 500/115/219 501/117/219 496/116/219
f 498/118/220 463/120/220 494/119/220
f 499/121/221 466/123/221 463/122/221
f 472/124/222 466/126/222 499/125/222
f 500/127/223 472/129/223 501/128/223
f 497/130/224 467/132/224 472/131/224
f 497/133/225 472/135/225 500/134/225
f 478/136/226 502/138/226 460/137/226
f 503/139/227 502/141/227 509/140/227
f 527/142/228 506/144/228 468/143/228
f 468/145/229 506/147/229 467/146/229
f 507/148/230 474/150/230 506/149/230
f 508/151/231 507/153/231 504/152/231
f 508/154/232 512/156/232 510/155/232
f 507/157/233 510/159/233 474/158/233
f 511/160/234 509/162/234 510/161/234
f 512/163/235 511/165/235 510/164/235
f 512/166/236 513/168/236 509/167/236
f 413/169/237 503/171/237 513/170/237
f 426/172/238 514/174/238 505/173/238
f 514/175/239 513/177/239 512/176/239
f 364/178/240 513/180/240 514/179/240
f 516/181/241 487/183/241 485/182/241
f 523/184/242 520/186/242 516/185/242
f 517/187/243 525/189/243 519/188/243
f 487/190/244 520/192/244 489/191/244
f 523/193/245 528/195/245 520/194/245
f 518/196/246 526/198/246 525/197/246
f 521/199/247 522/201/247 459/200/247
f 493/202/248 485/204/248 483/203/248
f 521/205/249 518/207/250 522/206/251
f 437/208/252 526/210/252 518/209/252
f 519/211/253 524/213/253 523/212/253
f 526/214/254 505/216/360 524/215/361
f 527/217/257 468/219/257 497/218/257
f 527/220/258 504/222/258 506/221/258
f 508/223/259 504/225/259 524/224/259
f 426/226/260 505/228/260 444/227/260
f 357/229/179 449/231/176 447/230/178
f 452/232/261 449/234/261 450/233/261
f 453/235/262 451/237/262 448/236/262
f 451/238/263 453/240/263 454/239/263
f 456/241/264 452/243/264 450/242/264
f 457/244/265 456/246/265 450/245/265
f 457/247/266 454/249/266 456/248/266
f 370/250/267 450/252/180 455/251/186
f 370/253/268 459/255/268 457/254/268
f 460/256/269 445/258/269 461/257/269
f 465/259/270 462/261/270 464/260/270
f 445/262/271 465/264/271 461/263/271
f 476/265/272 460/267/272 461/266/272
f 478/268/273 460/270/273 476/269/273
f 469/271/274 464/273/274 463/272/274
f 466/274/275 469/276/275 463/275/275
f 471/277/276 466/279/276 472/278/276
f 467/280/277 473/282/277 471/281/277
f 467/283/278 477/285/278 473/284/278
f 476/286/279 475/288/279 477/287/279
f 477/289/280 475/291/280 470/290/280
f 477/292/281 470/294/281 473/293/281
f 478/295/282 476/297/282 477/296/282
f 478/298/283 477/300/283 474/299/283
f 461/301/284 465/303/285 475/302/286
f 461/304/284 475/306/286 476/305/287
f 484/307/201 479/309/203 480/308/359
f 486/310/288 484/312/201 480/311/359
f 486/313/289 480/315/289 483/314/289
f 486/316/290 489/318/290 496/317/290
f 487/319/291 489/321/291 486/320/291
f 488/322/292 498/324/292 484/323/292
f 491/325/293 490/327/293 454/326/293
f 493/328/294 491/330/294 454/329/294
f 493/331/295 454/333/295 492/332/295
f 490/334/296 482/336/296 446/335/296
f 480/337/297 482/339/297 490/338/297
f 491/340/298 483/342/298 480/341/298
f 493/343/299 483/345/299 491/344/299
f 494/346/300 481/348/202 484/347/201
f 495/349/301 481/351/301 494/350/301
f 494/352/302 463/354/302 495/353/302
f 501/355/303 499/357/303 496/356/303
f 497/358/304 500/360/304 496/359/304
f 499/361/305 463/363/305 498/362/305
f 472/364/306 499/366/306 501/365/306
f 468/367/307 467/369/307 497/368/307
f 506/370/308 474/372/308 467/371/308
f 504/373/309 507/375/309 506/374/309
f 510/376/310 507/378/310 508/377/310
f 512/379/311 508/381/311 514/380/311
f 514/382/312 508/384/312 505/383/312
f 510/385/313 478/387/313 474/386/313
f 509/388/314 478/390/314 510/389/314
f 502/391/315 478/393/315 509/392/315
f 503/394/316 509/396/316 513/395/316
f 512/397/317 509/399/317 511/398/317
f 413/400/318 502/402/318 503/401/318
f 364/403/319 514/405/319 426/404/319
f 413/406/320 513/408/320 364/407/320
f 522/409/321 515/411/321 485/410/321
f 517/412/322 515/414/322 522/413/322
f 516/415/362 485/417/362 515/416/362
f 517/418/324 516/420/324 515/419/324
f 516/421/325 520/423/325 487/422/325
f 519/424/326 523/426/326 516/425/326
f 519/427/327 516/429/327 517/428/327
f 518/430/328 525/432/328 517/431/328
f 492/433/329 454/435/329 458/434/329
f 522/436/330 458/438/330 459/437/330
f 493/439/331 492/441/331 458/440/331
f 522/442/332 493/444/332 458/443/332
f 522/445/333 485/447/333 493/446/333
f 436/448/334 518/450/250 521/449/249
f 518/451/335 517/453/335 522/452/335
f 436/454/336 437/456/336 518/455/336
f 370/457/337 521/459/337 459/458/337
f 436/460/338 521/462/338 370/461/338
f 520/463/339 497/465/339 489/464/339
f 528/466/340 497/468/340 520/467/340
f 525/469/341 524/471/341 519/470/341
f 528/472/342 527/474/342 497/473/342
f 524/475/343 528/477/343 523/476/343
f 526/478/344 524/480/344 525/479/344
f 524/481/345 527/483/345 528/482/345
f 524/484/346 504/486/346 527/485/346
f 505/487/360 508/489/347 524/488/361
f 444/490/348 505/492/348 526/491/348
f 437/493/349 444/495/349 526/494/349
f 531/1/1 530/2/1 532/3/1
f 534/4/2 531/5/2 532/6/2
f 533/7/3 534/8/4 535/9/5
f 532/10/6 530/11/6 536/12/6
f 534/13/7 532/14/7 538/15/7
f 537/16/8 534/17/8 538/18/8
f 539/19/9 537/20/9 538/21/9
f 537/22/10 539/23/10 542/24/10
f 533/25/3 535/26/5 541/27/11
f 543/28/12 539/29/12 544/30/12
f 543/31/13 544/32/13 545/33/13
f 546/34/14 535/35/14 543/36/14
f 550/37/15 549/38/15 551/39/15
f 549/40/16 529/41/16 552/42/16
f 558/43/17 551/44/17 557/45/17
f 558/46/18 556/47/18 551/48/18
f 558/49/19 553/50/19 556/51/19
f 560/52/20 558/53/20 557/54/20
f 559/55/21 558/56/21 554/57/21
f 554/58/22 564/59/22 561/60/22
f 562/61/23 551/62/23 552/63/23
f 562/64/24 557/65/24 551/66/24
f 566/67/363 530/68/363 568/69/363
f 571/70/26 566/71/27 568/72/28
f 569/73/29 530/74/29 566/75/29
f 569/76/30 566/77/27 567/78/351
f 570/79/32 573/80/32 572/81/32
f 573/82/33 571/83/33 575/84/33
f 572/85/34 573/86/34 574/87/34
f 583/88/35 573/89/35 575/90/35
f 539/91/36 536/92/36 577/93/36
f 536/94/37 530/95/37 577/96/37
f 578/97/38 577/98/38 567/99/38
f 582/100/39 549/101/39 550/102/39
f 585/103/40 571/104/40 581/105/40
f 576/106/41 583/107/41 584/108/41
f 575/109/42 585/110/42 586/111/42
f 583/112/43 575/113/43 586/114/43
f 587/115/44 583/116/44 588/117/44
f 585/118/45 581/119/45 550/120/45
f 586/121/46 550/122/46 553/123/46
f 559/124/47 586/125/47 553/126/47
f 587/127/48 588/128/48 559/129/48
f 584/130/49 559/131/49 554/132/49
f 584/133/50 587/134/50 559/135/50
f 565/136/51 547/137/51 590/138/51
f 591/139/52 597/140/52 590/141/52
f 618/142/53 555/143/53 594/144/53
f 555/145/54 554/146/54 594/147/54
f 595/148/55 594/149/55 561/150/55
f 596/151/56 592/152/56 595/153/56
f 596/154/57 598/155/57 600/156/57
f 595/157/58 561/158/58 598/159/58
f 599/160/59 598/161/59 597/162/59
f 600/163/60 598/164/60 599/165/60
f 600/166/61 597/167/61 601/168/61
f 589/169/62 601/170/62 591/171/62
f 602/172/63 593/173/63 603/174/63
f 603/175/64 600/176/64 601/177/64
f 540/178/65 603/179/65 601/180/65
f 605/181/66 572/182/66 574/183/66
f 614/184/67 605/185/67 609/186/67
f 606/187/68 608/188/68 616/189/68
f 574/190/69 576/191/69 609/192/69
f 614/193/70 609/194/70 619/195/70
f 607/196/71 616/197/71 617/198/71
f 610/199/72 545/200/72 611/201/72
f 580/202/73 570/203/73 572/204/73
f 610/205/364 611/206/75 607/207/76
f 613/208/77 607/209/77 617/210/77
f 608/211/78 614/212/78 615/213/78
f 617/214/79 615/215/365 593/216/353
f 618/217/82 584/218/82 555/219/82
f 618/220/83 594/221/83 592/222/83
f 596/223/84 615/224/84 592/225/84
f 602/226/85 620/227/85 593/228/85
f 533/229/3 531/230/4 534/231/4
f 537/232/86 535/233/86 534/234/86
f 538/235/87 532/236/87 536/237/87
f 536/238/88 539/239/88 538/240/88
f 542/241/89 535/242/89 537/243/89
f 543/244/90 535/245/90 542/246/90
f 543/247/91 542/248/91 539/249/91
f 546/250/92 541/251/11 535/252/5
f 546/253/93 543/254/93 545/255/93
f 547/256/94 548/257/94 529/258/94
f 552/259/95 551/260/95 549/261/95
f 529/262/96 548/263/96 552/264/96
f 563/265/97 548/266/97 547/267/97
f 565/268/98 563/269/98 547/270/98
f 556/271/99 550/272/99 551/273/99
f 553/274/100 550/275/100 556/276/100
f 558/277/101 559/278/101 553/279/101
f 554/280/102 558/281/102 560/282/102
f 554/283/103 560/284/103 564/285/103
f 563/286/104 564/287/104 562/288/104
f 564/289/105 557/290/105 562/291/105
f 564/292/106 560/293/106 557/294/106
f 565/295/107 564/296/107 563/297/107
f 565/298/108 561/299/108 564/300/108
f 548/301/109 562/302/110 552/303/111
f 548/304/109 563/305/112 562/306/110
f 571/307/26 567/308/351 566/309/27
f 573/310/113 567/311/351 571/312/26
f 573/313/114 570/314/114 567/315/114
f 573/316/115 583/317/115 576/318/115
f 574/319/116 573/320/116 576/321/116
f 575/322/117 571/323/117 585/324/117
f 578/325/366 539/326/366 577/327/366
f 580/328/119 539/329/119 578/330/119
f 580/331/120 579/332/120 539/333/120
f 577/334/121 530/335/121 569/336/121
f 567/337/122 577/338/122 569/339/122
f 578/340/123 567/341/123 570/342/123
f 580/343/124 578/344/124 570/345/124
f 581/346/125 571/347/26 568/348/28
f 582/349/126 581/350/126 568/351/126
f 581/352/127 582/353/127 550/354/127
f 588/355/128 583/356/128 586/357/128
f 584/358/129 583/359/129 587/360/129
f 586/361/130 585/362/130 550/363/130
f 559/364/131 588/365/131 586/366/131
f 555/367/132 584/368/132 554/369/132
f 594/370/133 554/371/133 561/372/133
f 592/373/134 594/374/134 595/375/134
f 598/376/135 596/377/135 595/378/135
f 600/379/136 603/380/136 596/381/136
f 603/382/137 593/383/137 596/384/137
f 598/385/138 561/386/138 565/387/138
f 597/388/139 598/389/139 565/390/139
f 590/391/140 597/392/140 565/393/140
f 591/394/141 601/395/141 597/396/141
f 600/397/142 599/398/142 597/399/142
f 589/400/143 591/401/143 590/402/143
f 540/403/144 602/404/144 603/405/144
f 589/406/145 540/407/145 601/408/145
f 611/409/146 572/410/146 604/411/146
f 606/412/147 611/413/147 604/414/147
f 605/415/367 604/416/367 572/417/367
f 606/418/149 604/419/149 605/420/149
f 605/421/150 574/422/150 609/423/150
f 608/424/151 605/425/151 614/426/151
f 608/427/152 606/428/152 605/429/152
f 607/430/153 606/431/153 616/432/153
f 579/433/154 544/434/154 539/435/154
f 611/436/155 545/437/155 544/438/155
f 580/439/156 544/440/156 579/441/156
f 611/442/157 544/443/157 580/444/157
f 611/445/158 580/446/158 572/447/158
f 612/448/159 610/449/364 607/450/76
f 607/451/160 611/452/160 606/453/160
f 612/454/161 607/455/161 613/456/161
f 546/457/162 545/458/162 610/459/162
f 612/460/163 546/461/163 610/462/163
f 609/463/164 576/464/164 584/465/164
f 619/466/165 609/467/165 584/468/165
f 616/469/166 608/470/166 615/471/166
f 619/472/167 584/473/167 618/474/167
f 615/475/168 614/476/168 619/477/168
f 617/478/169 616/479/169 615/480/169
f 615/481/170 619/482/170 618/483/170
f 615/484/171 618/485/171 592/486/171
f 593/487/353 615/488/365 596/489/172
f 620/490/173 617/491/173 593/492/173
f 613/493/174 617/494/174 620/495/174
f 623/1/175 624/3/175 622/2/175
f 625/4/176 624/6/177 623/5/178
f 533/7/179 626/9/180 625/8/176
f 624/10/181 627/12/181 622/11/181
f 625/13/182 629/15/182 624/14/182
f 628/16/183 629/18/183 625/17/183
f 630/19/184 629/21/184 628/20/184
f 628/22/185 632/24/185 630/23/185
f 533/25/179 631/27/186 626/26/180
f 633/28/187 634/30/187 630/29/187
f 633/31/188 635/33/188 634/32/188
f 546/34/189 633/36/189 626/35/189
f 639/37/190 640/39/190 638/38/190
f 638/40/191 641/42/191 621/41/191
f 647/43/192 646/45/192 640/44/192
f 647/46/193 640/48/193 645/47/193
f 647/49/194 645/51/194 642/50/194
f 649/52/195 646/54/195 647/53/195
f 648/55/196 643/57/196 647/56/196
f 643/58/357 650/60/357 653/59/357
f 651/61/198 641/63/198 640/62/198
f 651/64/199 640/66/199 646/65/199
f 655/67/200 657/69/200 622/68/200
f 660/70/201 657/72/354 655/71/203
f 658/73/204 655/75/204 622/74/204
f 658/76/205 656/78/206 655/77/203
f 659/79/207 661/81/207 662/80/207
f 662/82/208 664/84/208 660/83/208
f 661/85/209 663/87/209 662/86/209
f 672/88/210 664/90/210 662/89/210
f 630/91/211 666/93/211 627/92/211
f 627/94/212 666/96/212 622/95/212
f 667/97/213 656/99/213 666/98/213
f 671/100/214 639/102/214 638/101/214
f 674/103/215 670/105/215 660/104/215
f 665/106/216 673/108/216 672/107/216
f 664/109/217 675/111/217 674/110/217
f 672/112/218 675/114/218 664/113/218
f 676/115/368 677/117/368 672/116/368
f 674/118/220 639/120/220 670/119/220
f 675/121/221 642/123/221 639/122/221
f 648/124/222 642/126/222 675/125/222
f 676/127/223 648/129/223 677/128/223
f 673/130/224 643/132/224 648/131/224
f 673/133/225 648/135/225 676/134/225
f 654/136/226 678/138/226 636/137/226
f 679/139/227 678/141/227 685/140/227
f 703/142/228 682/144/228 644/143/228
f 644/145/229 682/147/229 643/146/229
f 683/148/230 650/150/230 682/149/230
f 684/151/231 683/153/231 680/152/231
f 684/154/232 688/156/232 686/155/232
f 683/157/233 686/159/233 650/158/233
f 687/160/234 685/162/234 686/161/234
f 688/163/235 687/165/235 686/164/235
f 688/166/236 689/168/236 685/167/236
f 589/169/237 679/171/237 689/170/237
f 602/172/238 690/174/238 681/173/238
f 690/175/239 689/177/239 688/176/239
f 540/178/240 689/180/240 690/179/240
f 692/181/241 663/183/241 661/182/241
f 699/184/242 696/186/242 692/185/242
f 693/187/243 701/189/243 695/188/243
f 663/190/244 696/192/244 665/191/244
f 699/193/245 704/195/245 696/194/245
f 694/196/246 702/198/246 701/197/246
f 697/199/247 698/201/247 635/200/247
f 669/202/248 661/204/248 659/203/248
f 697/205/369 694/207/250 698/206/251
f 613/208/252 702/210/252 694/209/252
f 695/211/253 700/213/253 699/212/253
f 702/214/254 681/216/255 700/215/256
f 703/217/257 644/219/257 673/218/257
f 703/220/258 680/222/258 682/221/258
f 684/223/259 680/225/259 700/224/259
f 602/226/260 681/228/260 620/227/260
f 533/229/179 625/231/176 623/230/178
f 628/232/261 625/234/261 626/233/261
f 629/235/262 627/237/262 624/236/262
f 627/238/263 629/240/263 630/239/263
f 632/241/264 628/243/264 626/242/264
f 633/244/265 632/246/265 626/245/265
f 633/247/266 630/249/266 632/248/266
f 546/250/267 626/252/180 631/251/186
f 546/253/268 635/255/268 633/254/268
f 636/256/269 621/258/269 637/257/269
f 641/259/270 638/261/270 640/260/270
f 621/262/271 641/264/271 637/263/271
f 652/265/272 636/267/272 637/266/272
f 654/268/273 636/270/273 652/269/273
f 645/271/274 640/273/274 639/272/274
f 642/274/275 645/276/275 639/275/275
f 647/277/276 642/279/276 648/278/276
f 643/280/277 649/282/277 647/281/277
f 643/283/278 653/285/278 649/284/278
f 652/286/279 651/288/279 653/287/279
f 653/289/280 651/291/280 646/290/280
f 653/292/281 646/294/281 649/293/281
f 654/295/282 652/297/282 653/296/282
f 654/298/283 653/300/283 650/299/283
f 637/301/284 641/303/285 651/302/286
f 637/304/284 651/306/286 652/305/287
f 660/307/201 655/309/203 656/308/206
f 662/310/288 660/312/201 656/311/206
f 662/313/289 656/315/289 659/314/289
f 662/316/290 665/318/290 672/317/290
f 663/319/291 665/321/291 662/320/291
f 664/322/292 674/324/292 660/323/292
f 667/325/293 666/327/293 630/326/293
f 669/328/294 667/330/294 630/329/294
f 669/331/295 630/333/295 668/332/295
f 666/334/296 658/336/296 622/335/296
f 656/337/297 658/339/297 666/338/297
f 667/340/298 659/342/298 656/341/298
f 669/343/299 659/345/299 667/344/299
f 670/346/300 657/348/354 660/347/201
f 671/349/301 657/351/301 670/350/301
f 670/352/302 639/354/302 671/353/302
f 677/355/303 675/357/303 672/356/303
f 673/358/304 676/360/304 672/359/304
f 675/361/305 639/363/305 674/362/305
f 648/364/306 675/366/306 677/365/306
f 644/367/307 643/369/307 673/368/307
f 682/370/308 650/372/308 643/371/308
f 680/373/309 683/375/309 682/374/309
f 686/376/310 683/378/310 684/377/310
f 688/379/311 684/381/311 690/380/311
f 690/382/312 684/384/312 681/383/312
f 686/385/313 654/387/313 650/386/313
f 685/388/314 654/390/314 686/389/314
f 678/391/315 654/393/315 685/392/315
f 679/394/316 685/396/316 689/395/316
f 688/397/317 685/399/317 687/398/317
f 589/400/318 678/402/318 679/401/318
f 540/403/319 690/405/319 602/404/319
f 589/406/320 689/408/320 540/407/320
f 698/409/321 691/411/321 661/410/321
f 693/412/322 691/414/322 698/413/322
f 692/415/323 661/417/323 691/416/323
f 693/418/324 692/420/324 691/419/324
f 692/421/325 696/423/325 663/422/325
f 695/424/326 699/426/326 692/425/326
f 695/427/327 692/429/327 693/428/327
f 694/430/328 701/432/328 693/431/328
f 668/433/329 630/435/329 634/434/329
f 698/436/330 634/438/330 635/437/330
f 669/439/331 668/441/331 634/440/331
f 698/442/332 669/444/332 634/443/332
f 698/445/333 661/447/333 669/446/333
f 612/448/334 694/450/250 697/449/369
f 694/451/335 693/453/335 698/452/335
f 612/454/336 613/456/336 694/455/336
f 546/457/337 697/459/337 635/458/337
f 612/460/338 697/462/338 546/461/338
f 696/463/339 673/465/339 665/464/339
f 704/466/340 673/468/340 696/467/340
f 701/469/341 700/471/341 695/470/341
f 704/472/342 703/474/342 673/473/342
f 700/475/343 704/477/343 699/476/343
f 702/478/344 700/480/344 701/479/344
f 700/481/345 703/483/345 704/482/345
f 700/484/346 680/486/346 703/485/346
f 681/487/255 684/489/347 700/488/256
f 620/490/348 681/492/348 702/491/348
f 613/493/349 620/495/349 702/494/349
f 707/1/1 706/2/1 708/3/1
f 710/4/2 707/5/2 708/6/2
f 709/7/3 710/8/4 711/9/5
f 708/10/6 706/11/6 712/12/6
f 710/13/7 708/14/7 714/15/7
f 713/16/8 710/17/8 714/18/8
f 715/19/9 713/20/9 714/21/9
f 713/22/10 715/23/10 718/24/10
f 709/25/3 711/26/5 717/27/11
f 719/28/12 715/29/12 720/30/12
f 719/31/13 720/32/13 721/33/13
f 722/34/14 711/35/14 719/36/14
f 726/37/15 725/38/15 727/39/15
f 725/40/16 705/41/16 728/42/16
f 734/43/17 727/44/17 733/45/17
f 734/46/18 732/47/18 727/48/18
f 734/49/19 729/50/19 732/51/19
f 736/52/20 734/53/20 733/54/20
f 735/55/21 734/56/21 730/57/21
f 730/58/22 740/59/22 737/60/22
f 738/61/23 727/62/23 728/63/23
f 738/64/24 733/65/24 727/66/24
f 742/67/25 706/68/25 744/69/25
f 747/70/26 742/71/27 744/72/28
f 745/73/29 706/74/29 742/75/29
f 745/76/30 742/77/27 743/78/351
f 746/79/32 749/80/32 748/81/32
f 749/82/33 747/83/33 751/84/33
f 748/85/34 749/86/34 750/87/34
f 759/88/35 749/89/35 751/90/35
f 715/91/36 712/92/36 753/93/36
f 712/94/37 706/95/37 753/96/37
f 754/97/38 753/98/38 743/99/38
f 758/100/39 725/101/39 726/102/39
f 761/103/40 747/104/40 757/105/40
f 752/106/41 759/107/41 760/108/41
f 751/109/42 761/110/42 762/111/42
f 759/112/43 751/113/43 762/114/43
f 763/115/356 759/116/356 764/117/356
f 761/118/45 757/119/45 726/120/45
f 762/121/46 726/122/46 729/123/46
f 735/124/47 762/125/47 729/126/47
f 763/127/48 764/128/48 735/129/48
f 760/130/49 735/131/49 730/132/49
f 760/133/50 763/134/50 735/135/50
f 741/136/51 723/137/51 766/138/51
f 767/139/52 773/140/52 766/141/52
f 794/142/53 731/143/53 770/144/53
f 731/145/54 730/146/54 770/147/54
f 771/148/55 770/149/55 737/150/55
f 772/151/56 768/152/56 771/153/56
f 772/154/57 774/155/57 776/156/57
f 771/157/58 737/158/58 774/159/58
f 775/160/59 774/161/59 773/162/59
f 776/163/60 774/164/60 775/165/60
f 776/166/61 773/167/61 777/168/61
f 765/169/62 777/170/62 767/171/62
f 778/172/63 769/173/63 779/174/63
f 779/175/64 776/176/64 777/177/64
f 716/178/65 779/179/65 777/180/65
f 781/181/66 748/182/66 750/183/66
f 790/184/67 781/185/67 785/186/67
f 782/187/68 784/188/68 792/189/68
f 750/190/69 752/191/69 785/192/69
f 790/193/70 785/194/70 795/195/70
f 783/196/71 792/197/71 793/198/71
f 786/199/72 721/200/72 787/201/72
f 756/202/73 746/203/73 748/204/73
f 786/205/74 787/206/75 783/207/76
f 789/208/77 783/209/77 793/210/77
f 784/211/78 790/212/78 791/213/78
f 793/214/79 791/215/80 769/216/81
f 794/217/82 760/218/82 731/219/82
f 794/220/83 770/221/83 768/222/83
f 772/223/84 791/224/84 768/225/84
f 778/226/85 796/227/85 769/228/85
f 709/229/3 707/230/4 710/231/4
f 713/232/86 711/233/86 710/234/86
f 714/235/87 708/236/87 712/237/87
f 712/238/88 715/239/88 714/240/88
f 718/241/89 711/242/89 713/243/89
f 719/244/90 711/245/90 718/246/90
f 719/247/91 718/248/91 715/249/91
f 722/250/92 717/251/11 711/252/5
f 722/253/93 719/254/93 721/255/93
f 723/256/94 724/257/94 705/258/94
f 728/259/95 727/260/95 725/261/95
f 705/262/96 724/263/96 728/264/96
f 739/265/97 724/266/97 723/267/97
f 741/268/98 739/269/98 723/270/98
f 732/271/99 726/272/99 727/273/99
f 729/274/100 726/275/100 732/276/100
f 734/277/101 735/278/101 729/279/101
f 730/280/102 734/281/102 736/282/102
f 730/283/103 736/284/103 740/285/103
f 739/286/104 740/287/104 738/288/104
f 740/289/105 733/290/105 738/291/105
f 740/292/106 736/293/106 733/294/106
f 741/295/107 740/296/107 739/297/107
f 741/298/108 737/299/108 740/300/108
f 724/301/109 738/302/110 728/303/111
f 724/304/109 739/305/112 738/306/110
f 747/307/26 743/308/351 742/309/27
f 749/310/113 743/311/351 747/312/26
f 749/313/114 746/314/114 743/315/114
f 749/316/115 759/317/115 752/318/115
f 750/319/116 749/320/116 752/321/116
f 751/322/117 747/323/117 761/324/117
f 754/325/118 715/326/118 753/327/118
f 756/328/119 715/329/119 754/330/119
f 756/331/120 755/332/120 715/333/120
f 753/334/121 706/335/121 745/336/121
f 743/337/122 753/338/122 745/339/122
f 754/340/123 743/341/123 746/342/123
f 756/343/124 754/344/124 746/345/124
f 757/346/125 747/347/26 744/348/28
f 758/349/126 757/350/126 744/351/126
f 757/352/127 758/353/127 726/354/127
f 764/355/128 759/356/128 762/357/128
f 760/358/129 759/359/129 763/360/129
f 762/361/130 761/362/130 726/363/130
f 735/364/131 764/365/131 762/366/131
f 731/367/132 760/368/132 730/369/132
f 770/370/133 730/371/133 737/372/133
f 768/373/134 770/374/134 771/375/134
f 774/376/135 772/377/135 771/378/135
f 776/379/136 779/380/136 772/381/136
f 779/382/137 769/383/137 772/384/137
f 774/385/138 737/386/138 741/387/138
f 773/388/139 774/389/139 741/390/139
f 766/391/140 773/392/140 741/393/140
f 767/394/141 777/395/141 773/396/141
f 776/397/142 775/398/142 773/399/142
f 765/400/143 767/401/143 766/402/143
f 716/403/144 778/404/144 779/405/144
f 765/406/145 716/407/145 777/408/145
f 787/409/146 748/410/146 780/411/146
f 782/412/147 787/413/147 780/414/147
f 781/415/367 780/416/367 748/417/367
f 782/418/149 780/419/149 781/420/149
f 781/421/150 750/422/150 785/423/150
f 784/424/151 781/425/151 790/426/151
f 784/427/152 782/428/152 781/429/152
f 783/430/153 782/431/153 792/432/153
f 755/433/154 720/434/154 715/435/154
f 787/436/155 721/437/155 720/438/155
f 756/439/156 720/440/156 755/441/156
f 787/442/157 720/443/157 756/444/157
f 787/445/158 756/446/158 748/447/158
f 788/448/159 786/449/74 783/450/76
f 783/451/160 787/452/160 782/453/160
f 788/454/161 783/455/161 789/456/161
f 722/457/162 721/458/162 786/459/162
f 788/460/163 722/461/163 786/462/163
f 785/463/164 752/464/164 760/465/164
f 795/466/165 785/467/165 760/468/165
f 792/469/166 784/470/166 791/471/166
f 795/472/167 760/473/167 794/474/167
f 791/475/168 790/476/168 795/477/168
f 793/478/169 792/479/169 791/480/169
f 791/481/170 795/482/170 794/483/170
f 791/484/171 794/485/171 768/486/171
f 769/487/81 791/488/80 772/489/172
f 796/490/173 793/491/173 769/492/173
f 789/493/174 793/494/174 796/495/174
f 799/1/175 800/3/175 798/2/175
f 801/4/176 800/6/177 799/5/178
f 709/7/179 802/9/180 801/8/176
f 800/10/181 803/12/181 798/11/181
f 801/13/182 805/15/182 800/14/182
f 804/16/183 805/18/183 801/17/183
f 806/19/184 805/21/184 804/20/184
f 804/22/185 808/24/185 806/23/185
f 709/25/179 807/27/186 802/26/180
f 809/28/187 810/30/187 806/29/187
f 809/31/188 811/33/188 810/32/188
f 722/34/189 809/36/189 802/35/189
f 815/37/190 816/39/190 814/38/190
f 814/40/191 817/42/191 797/41/191
f 823/43/192 822/45/192 816/44/192
f 823/46/193 816/48/193 821/47/193
f 823/49/194 821/51/194 818/50/194
f 825/52/195 822/54/195 823/53/195
f 824/55/196 819/57/196 823/56/196
f 819/58/357 826/60/357 829/59/357
f 827/61/198 817/63/198 816/62/198
f 827/64/199 816/66/199 822/65/199
f 831/67/200 833/69/200 798/68/200
f 836/70/201 833/72/354 831/71/203
f 834/73/204 831/75/204 798/74/204
f 834/76/205 832/78/206 831/77/203
f 835/79/207 837/81/207 838/80/207
f 838/82/208 840/84/208 836/83/208
f 837/85/209 839/87/209 838/86/209
f 848/88/210 840/90/210 838/89/210
f 806/91/211 842/93/211 803/92/211
f 803/94/212 842/96/212 798/95/212
f 843/97/213 832/99/213 842/98/213
f 847/100/214 815/102/214 814/101/214
f 850/103/215 846/105/215 836/104/215
f 841/106/216 849/108/216 848/107/216
f 840/109/217 851/111/217 850/110/217
f 848/112/218 851/114/218 840/113/218
f 852/115/368 853/117/368 848/116/368
f 850/118/220 815/120/220 846/119/220
f 851/121/221 818/123/221 815/122/221
f 824/124/222 818/126/222 851/125/222
f 852/127/223 824/129/223 853/128/223
f 849/130/224 819/132/224 824/131/224
f 849/133/225 824/135/225 852/134/225
f 830/136/226 854/138/226 812/137/226
f 855/139/227 854/141/227 861/140/227
f 879/142/228 858/144/228 820/143/228
f 820/145/229 858/147/229 819/146/229
f 859/148/230 826/150/230 858/149/230
f 860/151/231 859/153/231 856/152/231
f 860/154/232 864/156/232 862/155/232
f 859/157/233 862/159/233 826/158/233
f 863/160/234 861/162/234 862/161/234
f 864/163/235 863/165/235 862/164/235
f 864/166/236 865/168/236 861/167/236
f 765/169/237 855/171/237 865/170/237
f 778/172/238 866/174/238 857/173/238
f 866/175/239 865/177/239 864/176/239
f 716/178/240 865/180/240 866/179/240
f 868/181/241 839/183/241 837/182/241
f 875/184/242 872/186/242 868/185/242
f 869/187/243 877/189/243 871/188/243
f 839/190/244 872/192/244 841/191/244
f 875/193/370 880/195/370 872/194/370
f 870/196/246 878/198/246 877/197/246
f 873/199/247 874/201/247 811/200/247
f 845/202/248 837/204/248 835/203/248
f 873/205/369 870/207/250 874/206/251
f 789/208/252 878/210/252 870/209/252
f 871/211/253 876/213/253 875/212/253
f 878/214/254 857/216/255 876/215/256
f 879/217/257 820/219/257 849/218/257
f 879/220/258 856/222/258 858/221/258
f 860/223/259 856/225/259 876/224/259
f 778/226/260 857/228/260 796/227/260
f 709/229/179 801/231/176 799/230/178
f 804/232/261 801/234/261 802/233/261
f 805/235/262 803/237/262 800/236/262
f 803/238/263 805/240/263 806/239/263
f 808/241/264 804/243/264 802/242/264
f 809/244/265 808/246/265 802/245/265
f 809/247/266 806/249/266 808/248/266
f 722/250/267 802/252/180 807/251/186
f 722/253/268 811/255/268 809/254/268
f 812/256/269 797/258/269 813/257/269
f 817/259/270 814/261/270 816/260/270
f 797/262/271 817/264/271 813/263/271
f 828/265/272 812/267/272 813/266/272
f 830/268/273 812/270/273 828/269/273
f 821/271/274 816/273/274 815/272/274
f 818/274/275 821/276/275 815/275/275
f 823/277/276 818/279/276 824/278/276
f 819/280/277 825/282/277 823/281/277
f 819/283/278 829/285/278 825/284/278
f 828/286/279 827/288/279 829/287/279
f 829/289/280 827/291/280 822/290/280
f 829/292/281 822/294/281 825/293/281
f 830/295/282 828/297/282 829/296/282
f 830/298/283 829/300/283 826/299/283
f 813/301/284 817/303/285 827/302/286
f 813/304/284 827/306/286 828/305/287
f 836/307/201 831/309/203 832/308/206
f 838/310/288 836/312/201 832/311/206
f 838/313/289 832/315/289 835/314/289
f 838/316/290 841/318/290 848/317/290
f 839/319/291 841/321/291 838/320/291
f 840/322/292 850/324/292 836/323/292
f 843/325/293 842/327/293 806/326/293
f 845/328/294 843/330/294 806/329/294
f 845/331/295 806/333/295 844/332/295
f 842/334/296 834/336/296 798/335/296
f 832/337/297 834/339/297 842/338/297
f 843/340/298 835/342/298 832/341/298
f 845/343/299 835/345/299 843/344/299
f 846/346/300 833/348/354 836/347/201
f 847/349/301 833/351/301 846/350/301
f 846/352/302 815/354/302 847/353/302
f 853/355/303 851/357/303 848/356/303
f 849/358/304 852/360/304 848/359/304
f 851/361/305 815/363/305 850/362/305
f 824/364/306 851/366/306 853/365/306
f 820/367/307 819/369/307 849/368/307
f 858/370/308 826/372/308 819/371/308
f 856/373/309 859/375/309 858/374/309
f 862/376/310 859/378/310 860/377/310
f 864/379/311 860/381/311 866/380/311
f 866/382/312 860/384/312 857/383/312
f 862/385/313 830/387/313 826/386/313
f 861/388/314 830/390/314 862/389/314
f 854/391/315 830/393/315 861/392/315
f 855/394/316 861/396/316 865/395/316
f 864/397/317 861/399/317 863/398/317
f 765/400/318 854/402/318 855/401/318
f 716/403/319 866/405/319 778/404/319
f 765/406/320 865/408/320 716/407/320
f 874/409/321 867/411/321 837/410/321
f 869/412/322 867/414/322 874/413/322
f 868/415/362 837/417/362 867/416/362
f 869/418/324 868/420/324 867/419/324
f 868/421/325 872/423/325 839/422/325
f 871/424/326 875/426/326 868/425/326
f 871/427/327 868/429/327 869/428/327
f 870/430/328 877/432/328 869/431/328
f 844/433/329 806/435/329 810/434/329
f 874/436/330 810/438/330 811/437/330
f 845/439/331 844/441/331 810/440/331
f 874/442/332 845/444/332 810/443/332
f 874/445/333 837/447/333 845/446/333
f 788/448/334 870/450/250 873/449/369
f 870/451/335 869/453/335 874/452/335
f 788/454/336 789/456/336 870/455/336
f 722/457/337 873/459/337 811/458/337
f 788/460/338 873/462/338 722/461/338
f 872/463/339 849/465/339 841/464/339
f 880/466/340 849/468/340 872/467/340
f 877/469/341 876/471/341 871/470/341
f 880/472/342 879/474/342 849/473/342
f 876/475/343 880/477/343 875/476/343
f 878/478/344 876/480/344 877/479/344
f 876/481/345 879/483/345 880/482/345
f 876/484/346 856/486/346 879/485/346
f 857/487/255 860/489/347 876/488/256
f 796/490/348 857/492/348 878/491/348
f 789/493/349 796/495/349 878/494/349
f 883/1/1 882/2/1 884/3/1
f 886/4/2 883/5/2 884/6/2
f 885/7/371 886/8/4 887/9/5
f 884/10/6 882/11/6 888/12/6
f 886/13/7 884/14/7 890/15/7
f 889/16/8 886/17/8 890/18/8
f 891/19/9 889/20/9 890/21/9
f 889/22/10 891/23/10 894/24/10
f 885/25/371 887/26/5 893/27/11
f 895/28/12 891/29/12 896/30/12
f 895/31/13 896/32/13 897/33/13
f 898/34/14 887/35/14 895/36/14
f 902/37/15 901/38/15 903/39/15
f 901/40/16 881/41/16 904/42/16
f 910/43/17 903/44/17 909/45/17
f 910/46/18 908/47/18 903/48/18
f 910/49/19 905/50/19 908/51/19
f 912/52/20 910/53/20 909/54/20
f 911/55/21 910/56/21 906/57/21
f 906/58/372 916/59/372 913/60/372
f 914/61/23 903/62/23 904/63/23
f 914/64/24 909/65/24 903/66/24
f 918/67/25 882/68/25 920/69/25
f 923/70/26 918/71/27 920/72/350
f 921/73/29 882/74/29 918/75/29
f 921/76/30 918/77/27 919/78/31
f 922/79/32 925/80/32 924/81/32
f 925/82/33 923/83/33 927/84/33
f 924/85/34 925/86/34 926/87/34
f 935/88/35 925/89/35 927/90/35
f 891/91/36 888/92/36 929/93/36
f 888/94/37 882/95/37 929/96/37
f 930/97/38 929/98/38 919/99/38
f 934/100/39 901/101/39 902/102/39
f 937/103/40 923/104/40 933/105/40
f 928/106/41 935/107/41 936/108/41
f 927/109/42 937/110/42 938/111/42
f 935/112/43 927/113/43 938/114/43
f 939/115/356 935/116/356 940/117/356
f 937/118/45 933/119/45 902/120/45
f 938/121/46 902/122/46 905/123/46
f 911/124/47 938/125/47 905/126/47
f 939/127/48 940/128/48 911/129/48
f 936/130/49 911/131/49 906/132/49
f 936/133/50 939/134/50 911/135/50
f 917/136/51 899/137/51 942/138/51
f 943/139/52 949/140/52 942/141/52
f 970/142/53 907/143/53 946/144/53
f 907/145/54 906/146/54 946/147/54
f 947/148/55 946/149/55 913/150/55
f 948/151/56 944/152/56 947/153/56
f 948/154/57 950/155/57 952/156/57
f 947/157/58 913/158/58 950/159/58
f 951/160/59 950/161/59 949/162/59
f 952/163/60 950/164/60 951/165/60
f 952/166/61 949/167/61 953/168/61
f 941/169/62 953/170/62 943/171/62
f 954/172/63 945/173/63 955/174/63
f 955/175/64 952/176/64 953/177/64
f 892/178/65 955/179/65 953/180/65
f 957/181/66 924/182/66 926/183/66
f 966/184/373 957/185/373 961/186/373
f 958/187/68 960/188/68 968/189/68
f 926/190/69 928/191/69 961/192/69
f 966/193/70 961/194/70 971/195/70
f 959/196/71 968/197/71 969/198/71
f 962/199/72 897/200/72 963/201/72
f 932/202/73 922/203/73 924/204/73
f 962/205/74 963/206/75 959/207/76
f 965/208/77 959/209/77 969/210/77
f 960/211/78 966/212/78 967/213/78
f 969/214/79 967/215/80 945/216/81
f 970/217/82 936/218/82 907/219/82
f 970/220/83 946/221/83 944/222/83
f 948/223/84 967/224/84 944/225/84
f 954/226/85 972/227/85 945/228/85
f 885/229/371 883/230/4 886/231/4
f 889/232/86 887/233/86 886/234/86
f 890/235/87 884/236/87 888/237/87
f 888/238/88 891/239/88 890/240/88
f 894/241/89 887/242/89 889/243/89
f 895/244/90 887/245/90 894/246/90
f 895/247/91 894/248/91 891/249/91
f 898/250/92 893/251/11 887/252/5
f 898/253/93 895/254/93 897/255/93
f 899/256/94 900/257/94 881/258/94
f 904/259/95 903/260/95 901/261/95
f 881/262/96 900/263/96 904/264/96
f 915/265/97 900/266/97 899/267/97
f 917/268/98 915/269/98 899/270/98
f 908/271/99 902/272/99 903/273/99
f 905/274/100 902/275/100 908/276/100
f 910/277/101 911/278/101 905/279/101
f 906/280/102 910/281/102 912/282/102
f 906/283/103 912/284/103 916/285/103
f 915/286/104 916/287/104 914/288/104
f 916/289/105 909/290/105 914/291/105
f 916/292/106 912/293/106 909/294/106
f 917/295/107 916/296/107 915/297/107
f 917/298/108 913/299/108 916/300/108
f 900/301/109 914/302/110 904/303/111
f 900/304/109 915/305/112 914/306/110
f 923/307/26 919/308/31 918/309/27
f 925/310/113 919/311/31 923/312/26
f 925/313/114 922/314/114 919/315/114
f 925/316/115 935/317/115 928/318/115
f 926/319/116 925/320/116 928/321/116
f 927/322/117 923/323/117 937/324/117
f 930/325/118 891/326/118 929/327/118
f 932/328/119 891/329/119 930/330/119
f 932/331/120 931/332/120 891/333/120
f 929/334/121 882/335/121 921/336/121
f 919/337/122 929/338/122 921/339/122
f 930/340/123 919/341/123 922/342/123
f 932/343/124 930/344/124 922/345/124
f 933/346/125 923/347/26 920/348/350
f 934/349/126 933/350/126 920/351/126
f 933/352/127 934/353/127 902/354/127
f 940/355/128 935/356/128 938/357/128
f 936/358/129 935/359/129 939/360/129
f 938/361/130 937/362/130 902/363/130
f 911/364/131 940/365/131 938/366/131
f 907/367/132 936/368/132 906/369/132
f 946/370/133 906/371/133 913/372/133
f 944/373/134 946/374/134 947/375/134
f 950/376/135 948/377/135 947/378/135
f 952/379/136 955/380/136 948/381/136
f 955/382/137 945/383/137 948/384/137
f 950/385/138 913/386/138 917/387/138
f 949/388/139 950/389/139 917/390/139
f 942/391/140 949/392/140 917/393/140
f 943/394/141 953/395/141 949/396/141
f 952/397/142 951/398/142 949/399/142
f 941/400/143 943/401/143 942/402/143
f 892/403/144 954/404/144 955/405/144
f 941/406/145 892/407/145 953/408/145
f 963/409/146 924/410/146 956/411/146
f 958/412/147 963/413/147 956/414/147
f 957/415/148 956/416/148 924/417/148
f 958/418/149 956/419/149 957/420/149
f 957/421/150 926/422/150 961/423/150
f 960/424/151 957/425/151 966/426/151
f 960/427/152 958/428/152 957/429/152
f 959/430/153 958/431/153 968/432/153
f 931/433/154 896/434/154 891/435/154
f 963/436/155 897/437/155 896/438/155
f 932/439/156 896/440/156 931/441/156
f 963/442/157 896/443/157 932/444/157
f 963/445/158 932/446/158 924/447/158
f 964/448/159 962/449/74 959/450/76
f 959/451/160 963/452/160 958/453/160
f 964/454/161 959/455/161 965/456/161
f 898/457/162 897/458/162 962/459/162
f 964/460/163 898/461/163 962/462/163
f 961/463/164 928/464/164 936/465/164
f 971/466/165 961/467/165 936/468/165
f 968/469/166 960/470/166 967/471/166
f 971/472/167 936/473/167 970/474/167
f 967/475/168 966/476/168 971/477/168
f 969/478/169 968/479/169 967/480/169
f 967/481/170 971/482/170 970/483/170
f 967/484/171 970/485/171 944/486/171
f 945/487/81 967/488/80 948/489/172
f 972/490/173 969/491/173 945/492/173
f 965/493/174 969/494/174 972/495/174
f 975/1/175 976/3/175 974/2/175
f 977/4/176 976/6/177 975/5/178
f 885/7/179 978/9/180 977/8/176
f 976/10/181 979/12/181 974/11/181
f 977/13/182 981/15/182 976/14/182
f 980/16/183 981/18/183 977/17/183
f 982/19/184 981/21/184 980/20/184
f 980/22/185 984/24/185 982/23/185
f 885/25/179 983/27/186 978/26/180
f 985/28/187 986/30/187 982/29/187
f 985/31/188 987/33/188 986/32/188
f 898/34/189 985/36/189 978/35/189
f 991/37/190 992/39/190 990/38/190
f 990/40/191 993/42/191 973/41/191
f 999/43/192 998/45/192 992/44/192
f 999/46/193 992/48/193 997/47/193
f 999/49/194 997/51/194 994/50/194
f 1001/52/195 998/54/195 999/53/195
f 1000/55/196 995/57/196 999/56/196
f 995/58/357 1002/60/357 1005/59/357
f 1003/61/198 993/63/198 992/62/198
f 1003/64/199 992/66/199 998/65/199
f 1007/67/374 1009/69/374 974/68/374
f 1012/70/201 1009/72/354 1007/71/203
f 1010/73/204 1007/75/204 974/74/204
f 1010/76/205 1008/78/359 1007/77/203
f 1011/79/207 1013/81/207 1014/80/207
f 1014/82/208 1016/84/208 1012/83/208
f 1013/85/209 1015/87/209 1014/86/209
f 1024/88/210 1016/90/210 1014/89/210
f 982/91/211 1018/93/211 979/92/211
f 979/94/212 1018/96/212 974/95/212
f 1019/97/213 1008/99/213 1018/98/213
f 1023/100/214 991/102/214 990/101/214
f 1026/103/215 1022/105/215 1012/104/215
f 1017/106/216 1025/108/216 1024/107/216
f 1016/109/375 1027/111/375 1026/110/375
f 1024/112/218 1027/114/218 1016/113/218
f 1028/115/219 1029/117/219 1024/116/219
f 1026/118/220 991/120/220 1022/119/220
f 1027/121/221 994/123/221 991/122/221
f 1000/124/222 994/126/222 1027/125/222
f 1028/127/223 1000/129/223 1029/128/223
f 1025/130/224 995/132/224 1000/131/224
f 1025/133/225 1000/135/225 1028/134/225
f 1006/136/226 1030/138/226 988/137/226
f 1031/139/227 1030/141/227 1037/140/227
f 1055/142/228 1034/144/228 996/143/228
f 996/145/229 1034/147/229 995/146/229
f 1035/148/230 1002/150/230 1034/149/230
f 1036/151/231 1035/153/231 1032/152/231
f 1036/154/232 1040/156/232 1038/155/232
f 1035/157/233 1038/159/233 1002/158/233
f 1039/160/234 1037/162/234 1038/161/234
f 1040/163/235 1039/165/235 1038/164/235
f 1040/166/236 1041/168/236 1037/167/236
f 941/169/237 1031/171/237 1041/170/237
f 954/172/238 1042/174/238 1033/173/238
f 1042/175/239 1041/177/239 1040/176/239
f 892/178/240 1041/180/240 1042/179/240
f 1044/181/241 1015/183/241 1013/182/241
f 1051/184/242 1048/186/242 1044/185/242
f 1045/187/243 1053/189/243 1047/188/243
f 1015/190/244 1048/192/244 1017/191/244
f 1051/193/245 1056/195/245 1048/194/245
f 1046/196/246 1054/198/246 1053/197/246
f 1049/199/247 1050/201/247 987/200/247
f 1021/202/248 1013/204/248 1011/203/248
f 1049/205/249 1046/207/250 1050/206/251
f 965/208/252 1054/210/252 1046/209/252
f 1047/211/253 1052/213/253 1051/212/253
f 1054/214/254 1033/216/255 1052/215/256
f 1055/217/257 996/219/257 1025/218/257
f 1055/220/258 1032/222/258 1034/221/258
f 1036/223/259 1032/225/259 1052/224/259
f 954/226/260 1033/228/260 972/227/260
f 885/229/179 977/231/176 975/230/178
f 980/232/261 977/234/261 978/233/261
f 981/235/262 979/237/262 976/236/262
f 979/238/263 981/240/263 982/239/263
f 984/241/264 980/243/264 978/242/264
f 985/244/265 984/246/265 978/245/265
f 985/247/266 982/249/266 984/248/266
f 898/250/267 978/252/180 983/251/186
f 898/253/268 987/255/268 985/254/268
f 988/256/269 973/258/269 989/257/269
f 993/259/270 990/261/270 992/260/270
f 973/262/271 993/264/271 989/263/271
f 1004/265/272 988/267/272 989/266/272
f 1006/268/273 988/270/273 1004/269/273
f 997/271/274 992/273/274 991/272/274
f 994/274/376 997/276/376 991/275/376
f 999/277/276 994/279/276 1000/278/276
f 995/280/277 1001/282/277 999/281/277
f 995/283/278 1005/285/278 1001/284/278
f 1004/286/279 1003/288/279 1005/287/279
f 1005/289/280 1003/291/280 998/290/280
f 1005/292/281 998/294/281 1001/293/281
f 1006/295/282 1004/297/282 1005/296/282
f 1006/298/283 1005/300/283 1002/299/283
f 989/301/284 993/303/285 1003/302/286
f 989/304/284 1003/306/286 1004/305/287
f 1012/307/201 1007/309/203 1008/308/359
f 1014/310/288 1012/312/201 1008/311/359
f 1014/313/289 1008/315/289 1011/314/289
f 1014/316/290 1017/318/290 1024/317/290
f 1015/319/291 1017/321/291 1014/320/291
f 1016/322/292 1026/324/292 1012/323/292
f 1019/325/293 1018/327/293 982/326/293
f 1021/328/294 1019/330/294 982/329/294
f 1021/331/295 982/333/295 1020/332/295
f 1018/334/296 1010/336/296 974/335/296
f 1008/337/297 1010/339/297 1018/338/297
f 1019/340/298 1011/342/298 1008/341/298
f 1021/343/299 1011/345/299 1019/344/299
f 1022/346/300 1009/348/354 1012/347/201
f 1023/349/301 1009/351/301 1022/350/301
f 1022/352/302 991/354/302 1023/353/302
f 1029/355/303 1027/357/303 1024/356/303
f 1025/358/304 1028/360/304 1024/359/304
f 1027/361/305 991/363/305 1026/362/305
f 1000/364/306 1027/366/306 1029/365/306
f 996/367/307 995/369/307 1025/368/307
f 1034/370/308 1002/372/308 995/371/308
f 1032/373/309 1035/375/309 1034/374/309
f 1038/376/310 1035/378/310 1036/377/310
f 1040/379/311 1036/381/311 1042/380/311
f 1042/382/312 1036/384/312 1033/383/312
f 1038/385/313 1006/387/313 1002/386/313
f 1037/388/314 1006/390/314 1038/389/314
f 1030/391/315 1006/393/315 1037/392/315
f 1031/394/316 1037/396/316 1041/395/316
f 1040/397/317 1037/399/317 1039/398/317
f 941/400/318 1030/402/318 1031/401/318
f 892/403/319 1042/405/319 954/404/319
f 941/406/320 1041/408/320 892/407/320
f 1050/409/321 1043/411/321 1013/410/321
f 1045/412/322 1043/414/322 1050/413/322
f 1044/415/323 1013/417/323 1043/416/323
f 1045/418/324 1044/420/324 1043/419/324
f 1044/421/325 1048/423/325 1015/422/325
f 1047/424/326 1051/426/326 1044/425/326
f 1047/427/355 1044/429/355 1045/428/355
f 1046/430/328 1053/432/328 1045/431/328
f 1020/433/329 982/435/329 986/434/329
f 1050/436/330 986/438/330 987/437/330
f 1021/439/331 1020/441/331 986/440/331
f 1050/442/332 1021/444/332 986/443/332
f 1050/445/333 1013/447/333 1021/446/333
f 964/448/334 1046/450/250 1049/449/249
f 1046/451/335 1045/453/335 1050/452/335
f 964/454/336 965/456/336 1046/455/336
f 898/457/337 1049/459/337 987/458/337
f 964/460/338 1049/462/338 898/461/338
f 1048/463/339 1025/465/339 1017/464/339
f 1056/466/340 1025/468/340 1048/467/340
f 1053/469/341 1052/471/341 1047/470/341
f 1056/472/342 1055/474/342 1025/473/342
f 1052/475/343 1056/477/343 1051/476/343
f 1054/478/344 1052/480/344 1053/479/344
f 1052/481/345 1055/483/345 1056/482/345
f 1052/484/346 1032/486/346 1055/485/346
f 1033/487/255 1036/489/347 1052/488/256
f 972/490/348 1033/492/348 1054/491/348
f 965/493/349 972/495/349 1054/494/349
f 1059/1/1 1058/2/1 1060/3/1
f 1062/4/2 1059/5/2 1060/6/2
f 1061/7/3 1062/8/4 1063/9/5
f 1060/10/6 1058/11/6 1064/12/6
f 1062/13/7 1060/14/7 1066/15/7
f 1065/16/8 1062/17/8 1066/18/8
f 1067/19/9 1065/20/9 1066/21/9
f 1065/22/10 1067/23/10 1070/24/10
f 1061/25/3 1063/26/5 1069/27/11
f 1071/28/12 1067/29/12 1072/30/12
f 1071/31/13 1072/32/13 1073/33/13
f 1074/34/14 1063/35/14 1071/36/14
f 1078/37/15 1077/38/15 1079/39/15
f 1077/40/16 1057/41/16 1080/42/16
f 1086/43/17 1079/44/17 1085/45/17
f 1086/46/18 1084/47/18 1079/48/18
f 1086/49/19 1081/50/19 1084/51/19
f 1088/52/20 1086/53/20 1085/54/20
f 1087/55/21 1086/56/21 1082/57/21
f 1082/58/22 1092/59/22 1089/60/22
f 1090/61/23 1079/62/23 1080/63/23
f 1090/64/24 1085/65/24 1079/66/24
f 1094/67/377 1058/68/377 1096/69/377
f 1099/70/26 1094/71/27 1096/72/378
f 1097/73/379 1058/74/379 1094/75/379
f 1097/76/30 1094/77/27 1095/78/31
f 1098/79/32 1101/80/32 1100/81/32
f 1101/82/33 1099/83/33 1103/84/33
f 1100/85/34 1101/86/34 1102/87/34
f 1111/88/35 1101/89/35 1103/90/35
f 1067/91/36 1064/92/36 1105/93/36
f 1064/94/37 1058/95/37 1105/96/37
f 1106/97/38 1105/98/38 1095/99/38
f 1110/100/39 1077/101/39 1078/102/39
f 1113/103/40 1099/104/40 1109/105/40
f 1104/106/41 1111/107/41 1112/108/41
f 1103/109/380 1113/110/380 1114/111/380
f 1111/112/43 1103/113/43 1114/114/43
f 1115/115/356 1111/116/356 1116/117/356
f 1113/118/45 1109/119/45 1078/120/45
f 1114/121/46 1078/122/46 1081/123/46
f 1087/124/47 1114/125/47 1081/126/47
f 1115/127/48 1116/128/48 1087/129/48
f 1112/130/49 1087/131/49 1082/132/49
f 1112/133/50 1115/134/50 1087/135/50
f 1093/136/51 1075/137/51 1118/138/51
f 1119/139/52 1125/140/52 1118/141/52
f 1146/142/53 1083/143/53 1122/144/53
f 1083/145/54 1082/146/54 1122/147/54
f 1123/148/55 1122/149/55 1089/150/55
f 1124/151/56 1120/152/56 1123/153/56
f 1124/154/57 1126/155/57 1128/156/57
f 1123/157/58 1089/158/58 1126/159/58
f 1127/160/59 1126/161/59 1125/162/59
f 1128/163/60 1126/164/60 1127/165/60
f 1128/166/61 1125/167/61 1129/168/61
f 1117/169/62 1129/170/62 1119/171/62
f 1130/172/63 1121/173/63 1131/174/63
f 1131/175/64 1128/176/64 1129/177/64
f 1068/178/65 1131/179/65 1129/180/65
f 1133/181/66 1100/182/66 1102/183/66
f 1142/184/67 1133/185/67 1137/186/67
f 1134/187/68 1136/188/68 1144/189/68
f 1102/190/69 1104/191/69 1137/192/69
f 1142/193/70 1137/194/70 1147/195/70
f 1135/196/71 1144/197/71 1145/198/71
f 1138/199/72 1073/200/72 1139/201/72
f 1108/202/73 1098/203/73 1100/204/73
f 1138/205/364 1139/206/75 1135/207/76
f 1141/208/77 1135/209/77 1145/210/77
f 1136/211/78 1142/212/78 1143/213/78
f 1145/214/79 1143/215/80 1121/216/81
f 1146/217/82 1112/218/82 1083/219/82
f 1146/220/83 1122/221/83 1120/222/83
f 1124/223/84 1143/224/84 1120/225/84
f 1130/226/85 1148/227/85 1121/228/85
f 1061/229/3 1059/230/4 1062/231/4
f 1065/232/86 1063/233/86 1062/234/86
f 1066/235/87 1060/236/87 1064/237/87
f 1064/238/88 1067/239/88 1066/240/88
f 1070/241/89 1063/242/89 1065/243/89
f 1071/244/90 1063/245/90 1070/246/90
f 1071/247/91 1070/248/91 1067/249/91
f 1074/250/92 1069/251/11 1063/252/5
f 1074/253/93 1071/254/93 1073/255/93
f 1075/256/94 1076/257/94 1057/258/94
f 1080/259/95 1079/260/95 1077/261/95
f 1057/262/96 1076/263/96 1080/264/96
f 1091/265/97 1076/266/97 1075/267/97
f 1093/268/98 1091/269/98 1075/270/98
f 1084/271/99 1078/272/99 1079/273/99
f 1081/274/381 1078/275/381 1084/276/381
f 1086/277/101 1087/278/101 1081/279/101
f 1082/280/102 1086/281/102 1088/282/102
f 1082/283/103 1088/284/103 1092/285/103
f 1091/286/104 1092/287/104 1090/288/104
f 1092/289/105 1085/290/105 1090/291/105
f 1092/292/106 1088/293/106 1085/294/106
f 1093/295/107 1092/296/107 1091/297/107
f 1093/298/108 1089/299/108 1092/300/108
f 1076/301/109 1090/302/110 1080/303/111
f 1076/304/109 1091/305/112 1090/306/110
f 1099/307/26 1095/308/31 1094/309/27
f 1101/310/113 1095/311/31 1099/312/26
f 1101/313/114 1098/314/114 1095/315/114
f 1101/316/115 1111/317/115 1104/318/115
f 1102/319/116 1101/320/116 1104/321/116
f 1103/322/117 1099/323/117 1113/324/117
f 1106/325/118 1067/326/118 1105/327/118
f 1108/328/119 1067/329/119 1106/330/119
f 1108/331/120 1107/332/120 1067/333/120
f 1105/334/121 1058/335/121 1097/336/121
f 1095/337/122 1105/338/122 1097/339/122
f 1106/340/123 1095/341/123 1098/342/123
f 1108/343/124 1106/344/124 1098/345/124
f 1109/346/125 1099/347/26 1096/348/378
f 1110/349/126 1109/350/126 1096/351/126
f 1109/352/127 1110/353/127 1078/354/127
f 1116/355/128 1111/356/128 1114/357/128
f 1112/358/129 1111/359/129 1115/360/129
f 1114/361/130 1113/362/130 1078/363/130
f 1087/364/131 1116/365/131 1114/366/131
f 1083/367/132 1112/368/132 1082/369/132
f 1122/370/133 1082/371/133 1089/372/133
f 1120/373/134 1122/374/134 1123/375/134
f 1126/376/135 1124/377/135 1123/378/135
f 1128/379/136 1131/380/136 1124/381/136
f 1131/382/137 1121/383/137 1124/384/137
f 1126/385/138 1089/386/138 1093/387/138
f 1125/388/139 1126/389/139 1093/390/139
f 1118/391/140 1125/392/140 1093/393/140
f 1119/394/141 1129/395/141 1125/396/141
f 1128/397/142 1127/398/142 1125/399/142
f 1117/400/143 1119/401/143 1118/402/143
f 1068/403/144 1130/404/144 1131/405/144
f 1117/406/145 1068/407/145 1129/408/145
f 1139/409/146 1100/410/146 1132/411/146
f 1134/412/147 1139/413/147 1132/414/147
f 1133/415/148 1132/416/148 1100/417/148
f 1134/418/149 1132/419/149 1133/420/149
f 1133/421/150 1102/422/150 1137/423/150
f 1136/424/151 1133/425/151 1142/426/151
f 1136/427/382 1134/428/382 1133/429/382
f 1135/430/153 1134/431/153 1144/432/153
f 1107/433/154 1072/434/154 1067/435/154
f 1139/436/155 1073/437/155 1072/438/155
f 1108/439/156 1072/440/156 1107/441/156
f 1139/442/157 1072/443/157 1108/444/157
f 1139/445/158 1108/446/158 1100/447/158
f 1140/448/159 1138/449/364 1135/450/76
f 1135/451/160 1139/452/160 1134/453/160
f 1140/454/161 1135/455/161 1141/456/161
f 1074/457/162 1073/458/162 1138/459/162
f 1140/460/163 1074/461/163 1138/462/163
f 1137/463/164 1104/464/164 1112/465/164
f 1147/466/165 1137/467/165 1112/468/165
f 1144/469/166 1136/470/166 1143/471/166
f 1147/472/167 1112/473/167 1146/474/167
f 1143/475/168 1142/476/168 1147/477/168
f 1145/478/169 1144/479/169 1143/480/169
f 1143/481/170 1147/482/170 1146/483/170
f 1143/484/171 1146/485/171 1120/486/171
f 1121/487/81 1143/488/80 1124/489/172
f 1148/490/173 1145/491/173 1121/492/173
f 1141/493/174 1145/494/174 1148/495/174
f 1151/1/175 1152/3/175 1150/2/175
f 1153/4/176 1152/6/177 1151/5/178
f 1061/7/179 1154/9/180 1153/8/176
f 1152/10/181 1155/12/181 1150/11/181
f 1153/13/182 1157/15/182 1152/14/182
f 1156/16/183 1157/18/183 1153/17/183
f 1158/19/184 1157/21/184 1156/20/184
f 1156/22/185 1160/24/185 1158/23/185
f 1061/25/179 1159/27/186 1154/26/180
f 1161/28/187 1162/30/187 1158/29/187
f 1161/31/188 1163/33/188 1162/32/188
f 1074/34/189 1161/36/189 1154/35/189
f 1167/37/190 1168/39/190 1166/38/190
f 1166/40/191 1169/42/191 1149/41/191
f 1175/43/192 1174/45/192 1168/44/192
f 1175/46/193 1168/48/193 1173/47/193
f 1175/49/194 1173/51/194 1170/50/194
f 1177/52/195 1174/54/195 1175/53/195
f 1176/55/196 1171/57/196 1175/56/196
f 1171/58/197 1178/60/197 1181/59/197
f 1179/61/198 1169/63/198 1168/62/198
f 1179/64/199 1168/66/199 1174/65/199
f 1183/67/200 1185/69/200 1150/68/200
f 1188/70/201 1185/72/202 1183/71/203
f 1186/73/204 1183/75/204 1150/74/204
f 1186/76/205 1184/78/359 1183/77/203
f 1187/79/207 1189/81/207 1190/80/207
f 1190/82/208 1192/84/208 1188/83/208
f 1189/85/209 1191/87/209 1190/86/209
f 1200/88/210 1192/90/210 1190/89/210
f 1158/91/211 1194/93/211 1155/92/211
f 1155/94/212 1194/96/212 1150/95/212
f 1195/97/213 1184/99/213 1194/98/213
f 1199/100/214 1167/102/214 1166/101/214
f 1202/103/215 1198/105/215 1188/104/215
f 1193/106/216 1201/108/216 1200/107/216
f 1192/109/375 1203/111/375 1202/110/375
f 1200/112/218 1203/114/218 1192/113/218
f 1204/115/368 1205/117/368 1200/116/368
f 1202/118/220 1167/120/220 1198/119/220
f 1203/121/221 1170/123/221 1167/122/221
f 1176/124/222 1170/126/222 1203/125/222
f 1204/127/223 1176/129/223 1205/128/223
f 1201/130/224 1171/132/224 1176/131/224
f 1201/133/225 1176/135/225 1204/134/225
f 1182/136/226 1206/138/226 1164/137/226
f 1207/139/227 1206/141/227 1213/140/227
f 1231/142/228 1210/144/228 1172/143/228
f 1172/145/229 1210/147/229 1171/146/229
f 1211/148/230 1178/150/230 1210/149/230
f 1212/151/231 1211/153/231 1208/152/231
f 1212/154/232 1216/156/232 1214/155/232
f 1211/157/233 1214/159/233 1178/158/233
f 1215/160/234 1213/162/234 1214/161/234
f 1216/163/235 1215/165/235 1214/164/235
f 1216/166/236 1217/168/236 1213/167/236
f 1117/169/237 1207/171/237 1217/170/237
f 1130/172/238 1218/174/238 1209/173/238
f 1218/175/239 1217/177/239 1216/176/239
f 1068/178/240 1217/180/240 1218/179/240
f 1220/181/241 1191/183/241 1189/182/241
f 1227/184/242 1224/186/242 1220/185/242
f 1221/187/243 1229/189/243 1223/188/243
f 1191/190/244 1224/192/244 1193/191/244
f 1227/193/245 1232/195/245 1224/194/245
f 1222/196/246 1230/198/246 1229/197/246
f 1225/199/247 1226/201/247 1163/200/247
f 1197/202/248 1189/204/248 1187/203/248
f 1225/205/249 1222/207/250 1226/206/251
f 1141/208/252 1230/210/252 1222/209/252
f 1223/211/253 1228/213/253 1227/212/253
f 1230/214/254 1209/216/255 1228/215/256
f 1231/217/257 1172/219/257 1201/218/257
f 1231/220/258 1208/222/258 1210/221/258
f 1212/223/259 1208/225/259 1228/224/259
f 1130/226/260 1209/228/260 1148/227/260
f 1061/229/179 1153/231/176 1151/230/178
f 1156/232/261 1153/234/261 1154/233/261
f 1157/235/262 1155/237/262 1152/236/262
f 1155/238/263 1157/240/263 1158/239/263
f 1160/241/264 1156/243/264 1154/242/264
f 1161/244/265 1160/246/265 1154/245/265
f 1161/247/266 1158/249/266 1160/248/266
f 1074/250/267 1154/252/180 1159/251/186
f 1074/253/268 1163/255/268 1161/254/268
f 1164/256/269 1149/258/269 1165/257/269
f 1169/259/270 1166/261/270 1168/260/270
f 1149/262/271 1169/264/271 1165/263/271
f 1180/265/272 1164/267/272 1165/266/272
f 1182/268/273 1164/270/273 1180/269/273
f 1173/271/274 1168/273/274 1167/272/274
f 1170/274/376 1173/276/376 1167/275/376
f 1175/277/276 1170/279/276 1176/278/276
f 1171/280/277 1177/282/277 1175/281/277
f 1171/283/278 1181/285/278 1177/284/278
f 1180/286/279 1179/288/279 1181/287/279
f 1181/289/280 1179/291/280 1174/290/280
f 1181/292/281 1174/294/281 1177/293/281
f 1182/295/282 1180/297/282 1181/296/282
f 1182/298/283 1181/300/283 1178/299/283
f 1165/301/284 1169/303/285 1179/302/286
f 1165/304/284 1179/306/286 1180/305/287
f 1188/307/201 1183/309/203 1184/308/359
f 1190/310/288 1188/312/201 1184/311/359
f 1190/313/289 1184/315/289 1187/314/289
f 1190/316/290 1193/318/290 1200/317/290
f 1191/319/291 1193/321/291 1190/320/291
f 1192/322/292 1202/324/292 1188/323/292
f 1195/325/293 1194/327/293 1158/326/293
f 1197/328/294 1195/330/294 1158/329/294
f 1197/331/295 1158/333/295 1196/332/295
f 1194/334/296 1186/336/296 1150/335/296
f 1184/337/297 1186/339/297 1194/338/297
f 1195/340/298 1187/342/298 1184/341/298
f 1197/343/299 1187/345/299 1195/344/299
f 1198/346/300 1185/348/202 1188/347/201
f 1199/349/301 1185/351/301 1198/350/301
f 1198/352/302 1167/354/302 1199/353/302
f 1205/355/303 1203/357/303 1200/356/303
f 1201/358/304 1204/360/304 1200/359/304
f 1203/361/305 1167/363/305 1202/362/305
f 1176/364/306 1203/366/306 1205/365/306
f 1172/367/307 1171/369/307 1201/368/307
f 1210/370/308 1178/372/308 1171/371/308
f 1208/373/309 1211/375/309 1210/374/309
f 1214/376/310 1211/378/310 1212/377/310
f 1216/379/311 1212/381/311 1218/380/311
f 1218/382/312 1212/384/312 1209/383/312
f 1214/385/313 1182/387/313 1178/386/313
f 1213/388/314 1182/390/314 1214/389/314
f 1206/391/315 1182/393/315 1213/392/315
f 1207/394/316 1213/396/316 1217/395/316
f 1216/397/317 1213/399/317 1215/398/317
f 1117/400/318 1206/402/318 1207/401/318
f 1068/403/319 1218/405/319 1130/404/319
f 1117/406/320 1217/408/320 1068/407/320
f 1226/409/321 1219/411/321 1189/410/321
f 1221/412/322 1219/414/322 1226/413/322
f 1220/415/323 1189/417/323 1219/416/323
f 1221/418/324 1220/420/324 1219/419/324
f 1220/421/325 1224/423/325 1191/422/325
f 1223/424/326 1227/426/326 1220/425/326
f 1223/427/355 1220/429/355 1221/428/355
f 1222/430/328 1229/432/328 1221/431/328
f 1196/433/329 1158/435/329 1162/434/329
f 1226/436/330 1162/438/330 1163/437/330
f 1197/439/331 1196/441/331 1162/440/331
f 1226/442/332 1197/444/332 1162/443/332
f 1226/445/333 1189/447/333 1197/446/333
f 1140/448/334 1222/450/250 1225/449/249
f 1222/451/335 1221/453/335 1226/452/335
f 1140/454/336 1141/456/336 1222/455/336
f 1074/457/337 1225/459/337 1163/458/337
f 1140/460/383 1225/462/383 1074/461/383
f 1224/463/339 1201/465/339 1193/464/339
f 1232/466/340 1201/468/340 1224/467/340
f 1229/469/341 1228/471/341 1223/470/341
f 1232/472/342 1231/474/342 1201/473/342
f 1228/475/343 1232/477/343 1227/476/343
f 1230/478/344 1228/480/344 1229/479/344
f 1228/481/345 1231/483/345 1232/482/345
f 1228/484/346 1208/486/346 1231/485/346
f 1209/487/255 1212/489/347 1228/488/256
f 1148/490/348 1209/492/348 1230/491/348
f 1141/493/349 1148/495/349 1230/494/349
f 1235/1/1 1234/2/1 1236/3/1
f 1238/4/2 1235/5/2 1236/6/2
f 1237/7/3 1238/8/4 1239/9/5
f 1236/10/6 1234/11/6 1240/12/6
f 1238/13/7 1236/14/7 1242/15/7
f 1241/16/8 1238/17/8 1242/18/8
f 1243/19/9 1241/20/9 1242/21/9
f 1241/22/10 1243/23/10 1246/24/10
f 1237/25/3 1239/26/5 1245/27/11
f 1247/28/12 1243/29/12 1248/30/12
f 1247/31/13 1248/32/13 1249/33/13
f 1250/34/14 1239/35/14 1247/36/14
f 1254/37/15 1253/38/15 1255/39/15
f 1253/40/16 1233/41/16 1256/42/16
f 1262/43/17 1255/44/17 1261/45/17
f 1262/46/18 1260/47/18 1255/48/18
f 1262/49/19 1257/50/19 1260/51/19
f 1264/52/20 1262/53/20 1261/54/20
f 1263/55/21 1262/56/21 1258/57/21
f 1258/58/22 1268/59/22 1265/60/22
f 1266/61/23 1255/62/23 1256/63/23
f 1266/64/24 1261/65/24 1255/66/24
f 1270/67/25 1234/68/25 1272/69/25
f 1275/70/26 1270/71/27 1272/72/350
f 1273/73/384 1234/74/384 1270/75/384
f 1273/76/30 1270/77/27 1271/78/31
f 1274/79/32 1277/80/32 1276/81/32
f 1277/82/33 1275/83/33 1279/84/33
f 1276/85/34 1277/86/34 1278/87/34
f 1287/88/35 1277/89/35 1279/90/35
f 1243/91/36 1240/92/36 1281/93/36
f 1240/94/37 1234/95/37 1281/96/37
f 1282/97/38 1281/98/38 1271/99/38
f 1286/100/39 1253/101/39 1254/102/39
f 1289/103/40 1275/104/40 1285/105/40
f 1280/106/41 1287/107/41 1288/108/41
f 1279/109/380 1289/110/380 1290/111/380
f 1287/112/43 1279/113/43 1290/114/43
f 1291/115/356 1287/116/356 1292/117/356
f 1289/118/45 1285/119/45 1254/120/45
f 1290/121/46 1254/122/46 1257/123/46
f 1263/124/47 1290/125/47 1257/126/47
f 1291/127/48 1292/128/48 1263/129/48
f 1288/130/49 1263/131/49 1258/132/49
f 1288/133/50 1291/134/50 1263/135/50
f 1269/136/51 1251/137/51 1294/138/51
f 1295/139/52 1301/140/52 1294/141/52
f 1322/142/53 1259/143/53 1298/144/53
f 1259/145/54 1258/146/54 1298/147/54
f 1299/148/55 1298/149/55 1265/150/55
f 1300/151/56 1296/152/56 1299/153/56
f 1300/154/57 1302/155/57 1304/156/57
f 1299/157/58 1265/158/58 1302/159/58
f 1303/160/59 1302/161/59 1301/162/59
f 1304/163/60 1302/164/60 1303/165/60
f 1304/166/61 1301/167/61 1305/168/61
f 1293/169/62 1305/170/62 1295/171/62
f 1306/172/63 1297/173/63 1307/174/63
f 1307/175/64 1304/176/64 1305/177/64
f 1244/178/65 1307/179/65 1305/180/65
f 1309/181/66 1276/182/66 1278/183/66
f 1318/184/67 1309/185/67 1313/186/67
f 1310/187/68 1312/188/68 1320/189/68
f 1278/190/69 1280/191/69 1313/192/69
f 1318/193/70 1313/194/70 1323/195/70
f 1311/196/71 1320/197/71 1321/198/71
f 1314/199/72 1249/200/72 1315/201/72
f 1284/202/73 1274/203/73 1276/204/73
f 1314/205/364 1315/206/75 1311/207/76
f 1317/208/77 1311/209/77 1321/210/77
f 1312/211/78 1318/212/78 1319/213/78
f 1321/214/79 1319/215/80 1297/216/81
f 1322/217/82 1288/218/82 1259/219/82
f 1322/220/83 1298/221/83 1296/222/83
f 1300/223/84 1319/224/84 1296/225/84
f 1306/226/85 1324/227/85 1297/228/85
f 1237/229/3 1235/230/4 1238/231/4
f 1241/232/86 1239/233/86 1238/234/86
f 1242/235/87 1236/236/87 1240/237/87
f 1240/238/88 1243/239/88 1242/240/88
f 1246/241/89 1239/242/89 1241/243/89
f 1247/244/90 1239/245/90 1246/246/90
f 1247/247/91 1246/248/91 1243/249/91
f 1250/250/92 1245/251/11 1239/252/5
f 1250/253/93 1247/254/93 1249/255/93
f 1251/256/94 1252/257/94 1233/258/94
f 1256/259/95 1255/260/95 1253/261/95
f 1233/262/96 1252/263/96 1256/264/96
f 1267/265/97 1252/266/97 1251/267/97
f 1269/268/98 1267/269/98 1251/270/98
f 1260/271/99 1254/272/99 1255/273/99
f 1257/274/381 1254/275/381 1260/276/381
f 1262/277/101 1263/278/101 1257/279/101
f 1258/280/102 1262/281/102 1264/282/102
f 1258/283/103 1264/284/103 1268/285/103
f 1267/286/104 1268/287/104 1266/288/104
f 1268/289/105 1261/290/105 1266/291/105
f 1268/292/106 1264/293/106 1261/294/106
f 1269/295/107 1268/296/107 1267/297/107
f 1269/298/108 1265/299/108 1268/300/108
f 1252/301/109 1266/302/110 1256/303/111
f 1252/304/109 1267/305/112 1266/306/110
f 1275/307/26 1271/308/31 1270/309/27
f 1277/310/113 1271/311/31 1275/312/26
f 1277/313/114 1274/314/114 1271/315/114
f 1277/316/115 1287/317/115 1280/318/115
f 1278/319/116 1277/320/116 1280/321/116
f 1279/322/117 1275/323/117 1289/324/117
f 1282/325/118 1243/326/118 1281/327/118
f 1284/328/119 1243/329/119 1282/330/119
f 1284/331/120 1283/332/120 1243/333/120
f 1281/334/121 1234/335/121 1273/336/121
f 1271/337/122 1281/338/122 1273/339/122
f 1282/340/123 1271/341/123 1274/342/123
f 1284/343/124 1282/344/124 1274/345/124
f 1285/346/125 1275/347/26 1272/348/350
f 1286/349/126 1285/350/126 1272/351/126
f 1285/352/127 1286/353/127 1254/354/127
f 1292/355/128 1287/356/128 1290/357/128
f 1288/358/129 1287/359/129 1291/360/129
f 1290/361/130 1289/362/130 1254/363/130
f 1263/364/131 1292/365/131 1290/366/131
f 1259/367/132 1288/368/132 1258/369/132
f 1298/370/133 1258/371/133 1265/372/133
f 1296/373/134 1298/374/134 1299/375/134
f 1302/376/135 1300/377/135 1299/378/135
f 1304/379/136 1307/380/136 1300/381/136
f 1307/382/137 1297/383/137 1300/384/137
f 1302/385/138 1265/386/138 1269/387/138
f 1301/388/139 1302/389/139 1269/390/139
f 1294/391/140 1301/392/140 1269/393/140
f 1295/394/141 1305/395/141 1301/396/141
f 1304/397/142 1303/398/142 1301/399/142
f 1293/400/143 1295/401/143 1294/402/143
f 1244/403/144 1306/404/144 1307/405/144
f 1293/406/145 1244/407/145 1305/408/145
f 1315/409/146 1276/410/146 1308/411/146
f 1310/412/147 1315/413/147 1308/414/147
f 1309/415/148 1308/416/148 1276/417/148
f 1310/418/149 1308/419/149 1309/420/149
f 1309/421/150 1278/422/150 1313/423/150
f 1312/424/151 1309/425/151 1318/426/151
f 1312/427/382 1310/428/382 1309/429/382
f 1311/430/153 1310/431/153 1320/432/153
f 1283/433/154 1248/434/154 1243/435/154
f 1315/436/155 1249/437/155 1248/438/155
f 1284/439/156 1248/440/156 1283/441/156
f 1315/442/157 1248/443/157 1284/444/157
f 1315/445/158 1284/446/158 1276/447/158
f 1316/448/159 1314/449/364 1311/450/76
f 1311/451/160 1315/452/160 1310/453/160
f 1316/454/161 1311/455/161 1317/456/161
f 1250/457/162 1249/458/162 1314/459/162
f 1316/460/163 1250/461/163 1314/462/163
f 1313/463/164 1280/464/164 1288/465/164
f 1323/466/165 1313/467/165 1288/468/165
f 1320/469/166 1312/470/166 1319/471/166
f 1323/472/167 1288/473/167 1322/474/167
f 1319/475/168 1318/476/168 1323/477/168
f 1321/478/169 1320/479/169 1319/480/169
f 1319/481/170 1323/482/170 1322/483/170
f 1319/484/171 1322/485/171 1296/486/171
f 1297/487/81 1319/488/80 1300/489/172
f 1324/490/173 1321/491/173 1297/492/173
f 1317/493/174 1321/494/174 1324/495/174
f 1327/1/175 1328/3/175 1326/2/175
f 1329/4/176 1328/6/177 1327/5/178
f 1237/7/179 1330/9/180 1329/8/176
f 1328/10/181 1331/12/181 1326/11/181
f 1329/13/182 1333/15/182 1328/14/182
f 1332/16/183 1333/18/183 1329/17/183
f 1334/19/184 1333/21/184 1332/20/184
f 1332/22/185 1336/24/185 1334/23/185
f 1237/25/179 1335/27/186 1330/26/180
f 1337/28/187 1338/30/187 1334/29/187
f 1337/31/188 1339/33/188 1338/32/188
f 1250/34/189 1337/36/189 1330/35/189
f 1343/37/190 1344/39/190 1342/38/190
f 1342/40/191 1345/42/191 1325/41/191
f 1351/43/192 1350/45/192 1344/44/192
f 1351/46/193 1344/48/193 1349/47/193
f 1351/49/194 1349/51/194 1346/50/194
f 1353/52/195 1350/54/195 1351/53/195
f 1352/55/196 1347/57/196 1351/56/196
f 1347/58/357 1354/60/357 1357/59/357
f 1355/61/198 1345/63/198 1344/62/198
f 1355/64/199 1344/66/199 1350/65/199
f 1359/67/200 1361/69/200 1326/68/200
f 1364/70/201 1361/72/202 1359/71/203
f 1362/73/204 1359/75/204 1326/74/204
f 1362/76/205 1360/78/359 1359/77/203
f 1363/79/207 1365/81/207 1366/80/207
f 1366/82/208 1368/84/208 1364/83/208
f 1365/85/209 1367/87/209 1366/86/209
f 1376/88/210 1368/90/210 1366/89/210
f 1334/91/211 1370/93/211 1331/92/211
f 1331/94/212 1370/96/212 1326/95/212
f 1371/97/213 1360/99/213 1370/98/213
f 1375/100/214 1343/102/214 1342/101/214
f 1378/103/215 1374/105/215 1364/104/215
f 1369/106/216 1377/108/216 1376/107/216
f 1368/109/375 1379/111/375 1378/110/375
f 1376/112/218 1379/114/218 1368/113/218
f 1380/115/219 1381/117/219 1376/116/219
f 1378/118/220 1343/120/220 1374/119/220
f 1379/121/221 1346/123/221 1343/122/221
f 1352/124/222 1346/126/222 1379/125/222
f 1380/127/223 1352/129/223 1381/128/223
f 1377/130/224 1347/132/224 1352/131/224
f 1377/133/225 1352/135/225 1380/134/225
f 1358/136/226 1382/138/226 1340/137/226
f 1383/139/227 1382/141/227 1389/140/227
f 1407/142/228 1386/144/228 1348/143/228
f 1348/145/229 1386/147/229 1347/146/229
f 1387/148/230 1354/150/230 1386/149/230
f 1388/151/231 1387/153/231 1384/152/231
f 1388/154/232 1392/156/232 1390/155/232
f 1387/157/233 1390/159/233 1354/158/233
f 1391/160/234 1389/162/234 1390/161/234
f 1392/163/235 1391/165/235 1390/164/235
f 1392/166/236 1393/168/236 1389/167/236
f 1293/169/237 1383/171/237 1393/170/237
f 1306/172/238 1394/174/238 1385/173/238
f 1394/175/239 1393/177/239 1392/176/239
f 1244/178/240 1393/180/240 1394/179/240
f 1396/181/241 1367/183/241 1365/182/241
f 1403/184/242 1400/186/242 1396/185/242
f 1397/187/243 1405/189/243 1399/188/243
f 1367/190/244 1400/192/244 1369/191/244
f 1403/193/245 1408/195/245 1400/194/245
f 1398/196/246 1406/198/246 1405/197/246
f 1401/199/385 1402/201/385 1339/200/385
f 1373/202/248 1365/204/248 1363/203/248
f 1401/205/249 1398/207/250 1402/206/251
f 1317/208/252 1406/210/252 1398/209/252
f 1399/211/253 1404/213/253 1403/212/253
f 1406/214/254 1385/216/255 1404/215/256
f 1407/217/257 1348/219/257 1377/218/257
f 1407/220/258 1384/222/258 1386/221/258
f 1388/223/259 1384/225/259 1404/224/259
f 1306/226/260 1385/228/260 1324/227/260
f 1237/229/179 1329/231/176 1327/230/178
f 1332/232/261 1329/234/261 1330/233/261
f 1333/235/262 1331/237/262 1328/236/262
f 1331/238/263 1333/240/263 1334/239/263
f 1336/241/264 1332/243/264 1330/242/264
f 1337/244/265 1336/246/265 1330/245/265
f 1337/247/266 1334/249/266 1336/248/266
f 1250/250/267 1330/252/180 1335/251/186
f 1250/253/268 1339/255/268 1337/254/268
f 1340/256/269 1325/258/269 1341/257/269
f 1345/259/270 1342/261/270 1344/260/270
f 1325/262/271 1345/264/271 1341/263/271
f 1356/265/272 1340/267/272 1341/266/272
f 1358/268/386 1340/270/386 1356/269/386
f 1349/271/274 1344/273/274 1343/272/274
f 1346/274/376 1349/276/376 1343/275/376
f 1351/277/276 1346/279/276 1352/278/276
f 1347/280/277 1353/282/277 1351/281/277
f 1347/283/278 1357/285/278 1353/284/278
f 1356/286/279 1355/288/279 1357/287/279
f 1357/289/280 1355/291/280 1350/290/280
f 1357/292/281 1350/294/281 1353/293/281
f 1358/295/387 1356/297/387 1357/296/387
f 1358/298/283 1357/300/283 1354/299/283
f 1341/301/284 1345/303/285 1355/302/286
f 1341/304/284 1355/306/286 1356/305/287
f 1364/307/201 1359/309/203 1360/308/359
f 1366/310/288 1364/312/201 1360/311/359
f 1366/313/289 1360/315/289 1363/314/289
f 1366/316/290 1369/318/290 1376/317/290
f 1367/319/291 1369/321/291 1366/320/291
f 1368/322/292 1378/324/292 1364/323/292
f 1371/325/293 1370/327/293 1334/326/293
f 1373/328/294 1371/330/294 1334/329/294
f 1373/331/295 1334/333/295 1372/332/295
f 1370/334/296 1362/336/296 1326/335/296
f 1360/337/297 1362/339/297 1370/338/297
f 1371/340/298 1363/342/298 1360/341/298
f 1373/343/299 1363/345/299 1371/344/299
f 1374/346/300 1361/348/202 1364/347/201
f 1375/349/301 1361/351/301 1374/350/301
f 1374/352/302 1343/354/302 1375/353/302
f 1381/355/303 1379/357/303 1376/356/303
f 1377/358/304 1380/360/304 1376/359/304
f 1379/361/305 1343/363/305 1378/362/305
f 1352/364/306 1379/366/306 1381/365/306
f 1348/367/307 1347/369/307 1377/368/307
f 1386/370/308 1354/372/308 1347/371/308
f 1384/373/309 1387/375/309 1386/374/309
f 1390/376/310 1387/378/310 1388/377/310
f 1392/379/311 1388/381/311 1394/380/311
f 1394/382/312 1388/384/312 1385/383/312
f 1390/385/313 1358/387/313 1354/386/313
f 1389/388/314 1358/390/314 1390/389/314
f 1382/391/315 1358/393/315 1389/392/315
f 1383/394/316 1389/396/316 1393/395/316
f 1392/397/317 1389/399/317 1391/398/317
f 1293/400/318 1382/402/318 1383/401/318
f 1244/403/319 1394/405/319 1306/404/319
f 1293/406/320 1393/408/320 1244/407/320
f 1402/409/321 1395/411/321 1365/410/321
f 1397/412/322 1395/414/322 1402/413/322
f 1396/415/323 1365/417/323 1395/416/323
f 1397/418/324 1396/420/324 1395/419/324
f 1396/421/325 1400/423/325 1367/422/325
f 1399/424/388 1403/426/388 1396/425/388
f 1399/427/355 1396/429/355 1397/428/355
f 1398/430/328 1405/432/328 1397/431/328
f 1372/433/329 1334/435/329 1338/434/329
f 1402/436/330 1338/438/330 1339/437/330
f 1373/439/331 1372/441/331 1338/440/331
f 1402/442/332 1373/444/332 1338/443/332
f 1402/445/333 1365/447/333 1373/446/333
f 1316/448/334 1398/450/250 1401/449/249
f 1398/451/335 1397/453/335 1402/452/335
f 1316/454/336 1317/456/336 1398/455/336
f 1250/457/337 1401/459/337 1339/458/337
f 1316/460/338 1401/462/338 1250/461/338
f 1400/463/339 1377/465/339 1369/464/339
f 1408/466/340 1377/468/340 1400/467/340
f 1405/469/341 1404/471/341 1399/470/341
f 1408/472/342 1407/474/342 1377/473/342
f 1404/475/343 1408/477/343 1403/476/343
f 1406/478/344 1404/480/344 1405/479/344
f 1404/481/345 1407/483/345 1408/482/345
f 1404/484/346 1384/486/346 1407/485/346
f 1385/487/255 1388/489/347 1404/488/256
f 1324/490/348 1385/492/348 1406/491/348
f 1317/493/349 1324/495/349 1406/494/349
f 1411/1/1 1410/2/1 1412/3/1
f 1414/4/2 1411/5/2 1412/6/2
f 1413/7/3 1414/8/4 1415/9/5
f 1412/10/6 1410/11/6 1416/12/6
f 1414/13/7 1412/14/7 1418/15/7
f 1417/16/8 1414/17/8 1418/18/8
f 1419/19/9 1417/20/9 1418/21/9
f 1417/22/10 1419/23/10 1422/24/10
f 1413/25/3 1415/26/5 1421/27/11
f 1423/28/12 1419/29/12 1424/30/12
f 1423/31/13 1424/32/13 1425/33/13
f 1426/34/14 1415/35/14 1423/36/14
f 1430/37/15 1429/38/15 1431/39/15
f 1429/40/16 1409/41/16 1432/42/16
f 1438/43/17 1431/44/17 1437/45/17
f 1438/46/18 1436/47/18 1431/48/18
f 1438/49/19 1433/50/19 1436/51/19
f 1440/52/20 1438/53/20 1437/54/20
f 1439/55/21 1438/56/21 1434/57/21
f 1434/58/372 1444/59/372 1441/60/372
f 1442/61/23 1431/62/23 1432/63/23
f 1442/64/24 1437/65/24 1431/66/24
f 1446/67/25 1410/68/25 1448/69/25
f 1451/70/26 1446/71/27 1448/72/28
f 1449/73/29 1410/74/29 1446/75/29
f 1449/76/30 1446/77/27 1447/78/31
f 1450/79/32 1453/80/32 1452/81/32
f 1453/82/33 1451/83/33 1455/84/33
f 1452/85/34 1453/86/34 1454/87/34
f 1463/88/35 1453/89/35 1455/90/35
f 1419/91/36 1416/92/36 1457/93/36
f 1416/94/37 1410/95/37 1457/96/37
f 1458/97/38 1457/98/38 1447/99/38
f 1462/100/39 1429/101/39 1430/102/39
f 1465/103/40 1451/104/40 1461/105/40
f 1456/106/41 1463/107/41 1464/108/41
f 1455/109/380 1465/110/380 1466/111/380
f 1463/112/43 1455/113/43 1466/114/43
f 1467/115/44 1463/116/44 1468/117/44
f 1465/118/45 1461/119/45 1430/120/45
f 1466/121/46 1430/122/46 1433/123/46
f 1439/124/47 1466/125/47 1433/126/47
f 1467/127/48 1468/128/48 1439/129/48
f 1464/130/49 1439/131/49 1434/132/49
f 1464/133/50 1467/134/50 1439/135/50
f 1445/136/51 1427/137/51 1470/138/51
f 1471/139/52 1477/140/52 1470/141/52
f 1498/142/53 1435/143/53 1474/144/53
f 1435/145/54 1434/146/54 1474/147/54
f 1475/148/55 1474/149/55 1441/150/55
f 1476/151/56 1472/152/56 1475/153/56
f 1476/154/57 1478/155/57 1480/156/57
f 1475/157/58 1441/158/58 1478/159/58
f 1479/160/59 1478/161/59 1477/162/59
f 1480/163/60 1478/164/60 1479/165/60
f 1480/166/61 1477/167/61 1481/168/61
f 1469/169/62 1481/170/62 1471/171/62
f 1482/172/63 1473/173/63 1483/174/63
f 1483/175/64 1480/176/64 1481/177/64
f 1420/178/65 1483/179/65 1481/180/65
f 1485/181/66 1452/182/66 1454/183/66
f 1494/184/67 1485/185/67 1489/186/67
f 1486/187/68 1488/188/68 1496/189/68
f 1454/190/69 1456/191/69 1489/192/69
f 1494/193/70 1489/194/70 1499/195/70
f 1487/196/71 1496/197/71 1497/198/71
f 1490/199/389 1425/200/389 1491/201/389
f 1460/202/73 1450/203/73 1452/204/73
f 1490/205/74 1491/206/75 1487/207/76
f 1493/208/77 1487/209/77 1497/210/77
f 1488/211/78 1494/212/78 1495/213/78
f 1497/214/79 1495/215/80 1473/216/81
f 1498/217/82 1464/218/82 1435/219/82
f 1498/220/83 1474/221/83 1472/222/83
f 1476/223/84 1495/224/84 1472/225/84
f 1482/226/85 1500/227/85 1473/228/85
f 1413/229/3 1411/230/4 1414/231/4
f 1417/232/86 1415/233/86 1414/234/86
f 1418/235/87 1412/236/87 1416/237/87
f 1416/238/88 1419/239/88 1418/240/88
f 1422/241/89 1415/242/89 1417/243/89
f 1423/244/90 1415/245/90 1422/246/90
f 1423/247/91 1422/248/91 1419/249/91
f 1426/250/92 1421/251/11 1415/252/5
f 1426/253/93 1423/254/93 1425/255/93
f 1427/256/94 1428/257/94 1409/258/94
f 1432/259/95 1431/260/95 1429/261/95
f 1409/262/96 1428/263/96 1432/264/96
f 1443/265/97 1428/266/97 1427/267/97
f 1445/268/98 1443/269/98 1427/270/98
f 1436/271/99 1430/272/99 1431/273/99
f 1433/274/381 1430/275/381 1436/276/381
f 1438/277/101 1439/278/101 1433/279/101
f 1434/280/102 1438/281/102 1440/282/102
f 1434/283/103 1440/284/103 1444/285/103
f 1443/286/104 1444/287/104 1442/288/104
f 1444/289/105 1437/290/105 1442/291/105
f 1444/292/106 1440/293/106 1437/294/106
f 1445/295/107 1444/296/107 1443/297/107
f 1445/298/108 1441/299/108 1444/300/108
f 1428/301/109 1442/302/110 1432/303/111
f 1428/304/109 1443/305/112 1442/306/110
f 1451/307/26 1447/308/31 1446/309/27
f 1453/310/113 1447/311/31 1451/312/26
f 1453/313/114 1450/314/114 1447/315/114
f 1453/316/115 1463/317/115 1456/318/115
f 1454/319/116 1453/320/116 1456/321/116
f 1455/322/117 1451/323/117 1465/324/117
f 1458/325/118 1419/326/118 1457/327/118
f 1460/328/119 1419/329/119 1458/330/119
f 1460/331/120 1459/332/120 1419/333/120
f 1457/334/121 1410/335/121 1449/336/121
f 1447/337/122 1457/338/122 1449/339/122
f 1458/340/123 1447/341/123 1450/342/123
f 1460/343/124 1458/344/124 1450/345/124
f 1461/346/125 1451/347/26 1448/348/28
f 1462/349/126 1461/350/126 1448/351/126
f 1461/352/127 1462/353/127 1430/354/127
f 1468/355/128 1463/356/128 1466/357/128
f 1464/358/129 1463/359/129 1467/360/129
f 1466/361/130 1465/362/130 1430/363/130
f 1439/364/131 1468/365/131 1466/366/131
f 1435/367/132 1464/368/132 1434/369/132
f 1474/370/133 1434/371/133 1441/372/133
f 1472/373/134 1474/374/134 1475/375/134
f 1478/376/135 1476/377/135 1475/378/135
f 1480/379/136 1483/380/136 1476/381/136
f 1483/382/137 1473/383/137 1476/384/137
f 1478/385/138 1441/386/138 1445/387/138
f 1477/388/139 1478/389/139 1445/390/139
f 1470/391/140 1477/392/140 1445/393/140
f 1471/394/141 1481/395/141 1477/396/141
f 1480/397/142 1479/398/142 1477/399/142
f 1469/400/143 1471/401/143 1470/402/143
f 1420/403/144 1482/404/144 1483/405/144
f 1469/406/145 1420/407/145 1481/408/145
f 1491/409/146 1452/410/146 1484/411/146
f 1486/412/147 1491/413/147 1484/414/147
f 1485/415/148 1484/416/148 1452/417/148
f 1486/418/149 1484/419/149 1485/420/149
f 1485/421/150 1454/422/150 1489/423/150
f 1488/424/151 1485/425/151 1494/426/151
f 1488/427/382 1486/428/382 1485/429/382
f 1487/430/153 1486/431/153 1496/432/153
f 1459/433/154 1424/434/154 1419/435/154
f 1491/436/155 1425/437/155 1424/438/155
f 1460/439/156 1424/440/156 1459/441/156
f 1491/442/157 1424/443/157 1460/444/157
f 1491/445/158 1460/446/158 1452/447/158
f 1492/448/159 1490/449/74 1487/450/76
f 1487/451/160 1491/452/160 1486/453/160
f 1492/454/161 1487/455/161 1493/456/161
f 1426/457/162 1425/458/162 1490/459/162
f 1492/460/163 1426/461/163 1490/462/163
f 1489/463/164 1456/464/164 1464/465/164
f 1499/466/165 1489/467/165 1464/468/165
f 1496/469/166 1488/470/166 1495/471/166
f 1499/472/167 1464/473/167 1498/474/167
f 1495/475/168 1494/476/168 1499/477/168
f 1497/478/169 1496/479/169 1495/480/169
f 1495/481/170 1499/482/170 1498/483/170
f 1495/484/171 1498/485/171 1472/486/171
f 1473/487/81 1495/488/80 1476/489/172
f 1500/490/173 1497/491/173 1473/492/173
f 1493/493/174 1497/494/174 1500/495/174
f 1503/1/175 1504/3/175 1502/2/175
f 1505/4/176 1504/6/177 1503/5/178
f 1413/7/179 1506/9/180 1505/8/176
f 1504/10/181 1507/12/181 1502/11/181
f 1505/13/182 1509/15/182 1504/14/182
f 1508/16/183 1509/18/183 1505/17/183
f 1510/19/184 1509/21/184 1508/20/184
f 1508/22/185 1512/24/185 1510/23/185
f 1413/25/179 1511/27/186 1506/26/180
f 1513/28/187 1514/30/187 1510/29/187
f 1513/31/188 1515/33/188 1514/32/188
f 1426/34/189 1513/36/189 1506/35/189
f 1519/37/190 1520/39/190 1518/38/190
f 1518/40/191 1521/42/191 1501/41/191
f 1527/43/192 1526/45/192 1520/44/192
f 1527/46/193 1520/48/193 1525/47/193
f 1527/49/194 1525/51/194 1522/50/194
f 1529/52/195 1526/54/195 1527/53/195
f 1528/55/196 1523/57/196 1527/56/196
f 1523/58/357 1530/60/357 1533/59/357
f 1531/61/198 1521/63/198 1520/62/198
f 1531/64/199 1520/66/199 1526/65/199
f 1535/67/200 1537/69/200 1502/68/200
f 1540/70/201 1537/72/354 1535/71/203
f 1538/73/390 1535/75/390 1502/74/390
f 1538/76/205 1536/78/206 1535/77/203
f 1539/79/207 1541/81/207 1542/80/207
f 1542/82/208 1544/84/208 1540/83/208
f 1541/85/209 1543/87/209 1542/86/209
f 1552/88/210 1544/90/210 1542/89/210
f 1510/91/211 1546/93/211 1507/92/211
f 1507/94/212 1546/96/212 1502/95/212
f 1547/97/213 1536/99/213 1546/98/213
f 1551/100/214 1519/102/214 1518/101/214
f 1554/103/215 1550/105/215 1540/104/215
f 1545/106/216 1553/108/216 1552/107/216
f 1544/109/375 1555/111/375 1554/110/375
f 1552/112/218 1555/114/218 1544/113/218
f 1556/115/368 1557/117/368 1552/116/368
f 1554/118/220 1519/120/220 1550/119/220
f 1555/121/221 1522/123/221 1519/122/221
f 1528/124/222 1522/126/222 1555/125/222
f 1556/127/223 1528/129/223 1557/128/223
f 1553/130/224 1523/132/224 1528/131/224
f 1553/133/225 1528/135/225 1556/134/225
f 1534/136/226 1558/138/226 1516/137/226
f 1559/139/227 1558/141/227 1565/140/227
f 1583/142/228 1562/144/228 1524/143/228
f 1524/145/229 1562/147/229 1523/146/229
f 1563/148/230 1530/150/230 1562/149/230
f 1564/151/231 1563/153/231 1560/152/231
f 1564/154/232 1568/156/232 1566/155/232
f 1563/157/233 1566/159/233 1530/158/233
f 1567/160/234 1565/162/234 1566/161/234
f 1568/163/235 1567/165/235 1566/164/235
f 1568/166/236 1569/168/236 1565/167/236
f 1469/169/237 1559/171/237 1569/170/237
f 1482/172/238 1570/174/238 1561/173/238
f 1570/175/239 1569/177/239 1568/176/239
f 1420/178/240 1569/180/240 1570/179/240
f 1572/181/241 1543/183/241 1541/182/241
f 1579/184/242 1576/186/242 1572/185/242
f 1573/187/243 1581/189/243 1575/188/243
f 1543/190/244 1576/192/244 1545/191/244
f 1579/193/245 1584/195/245 1576/194/245
f 1574/196/246 1582/198/246 1581/197/246
f 1577/199/247 1578/201/247 1515/200/247
f 1549/202/248 1541/204/248 1539/203/248
f 1577/205/249 1574/207/250 1578/206/251
f 1493/208/252 1582/210/252 1574/209/252
f 1575/211/253 1580/213/253 1579/212/253
f 1582/214/254 1561/216/255 1580/215/256
f 1583/217/257 1524/219/257 1553/218/257
f 1583/220/258 1560/222/258 1562/221/258
f 1564/223/259 1560/225/259 1580/224/259
f 1482/226/260 1561/228/260 1500/227/260
f 1413/229/179 1505/231/176 1503/230/178
f 1508/232/261 1505/234/261 1506/233/261
f 1509/235/262 1507/237/262 1504/236/262
f 1507/238/263 1509/240/263 1510/239/263
f 1512/241/264 1508/243/264 1506/242/264
f 1513/244/265 1512/246/265 1506/245/265
f 1513/247/266 1510/249/266 1512/248/266
f 1426/250/267 1506/252/180 1511/251/186
f 1426/253/268 1515/255/268 1513/254/268
f 1516/256/269 1501/258/269 1517/257/269
f 1521/259/270 1518/261/270 1520/260/270
f 1501/262/271 1521/264/271 1517/263/271
f 1532/265/272 1516/267/272 1517/266/272
f 1534/268/273 1516/270/273 1532/269/273
f 1525/271/274 1520/273/274 1519/272/274
f 1522/274/376 1525/276/376 1519/275/376
f 1527/277/276 1522/279/276 1528/278/276
f 1523/280/277 1529/282/277 1527/281/277
f 1523/283/278 1533/285/278 1529/284/278
f 1532/286/279 1531/288/279 1533/287/279
f 1533/289/280 1531/291/280 1526/290/280
f 1533/292/281 1526/294/281 1529/293/281
f 1534/295/282 1532/297/282 1533/296/282
f 1534/298/283 1533/300/283 1530/299/283
f 1517/301/284 1521/303/285 1531/302/286
f 1517/304/284 1531/306/286 1532/305/287
f 1540/307/201 1535/309/203 1536/308/206
f 1542/310/288 1540/312/201 1536/311/206
f 1542/313/289 1536/315/289 1539/314/289
f 1542/316/290 1545/318/290 1552/317/290
f 1543/319/291 1545/321/291 1542/320/291
f 1544/322/292 1554/324/292 1540/323/292
f 1547/325/293 1546/327/293 1510/326/293
f 1549/328/294 1547/330/294 1510/329/294
f 1549/331/295 1510/333/295 1548/332/295
f 1546/334/296 1538/336/296 1502/335/296
f 1536/337/297 1538/339/297 1546/338/297
f 1547/340/298 1539/342/298 1536/341/298
f 1549/343/299 1539/345/299 1547/344/299
f 1550/346/300 1537/348/354 1540/347/201
f 1551/349/301 1537/351/301 1550/350/301
f 1550/352/302 1519/354/302 1551/353/302
f 1557/355/303 1555/357/303 1552/356/303
f 1553/358/304 1556/360/304 1552/359/304
f 1555/361/305 1519/363/305 1554/362/305
f 1528/364/306 1555/366/306 1557/365/306
f 1524/367/307 1523/369/307 1553/368/307
f 1562/370/308 1530/372/308 1523/371/308
f 1560/373/309 1563/375/309 1562/374/309
f 1566/376/310 1563/378/310 1564/377/310
f 1568/379/311 1564/381/311 1570/380/311
f 1570/382/312 1564/384/312 1561/383/312
f 1566/385/313 1534/387/313 1530/386/313
f 1565/388/314 1534/390/314 1566/389/314
f 1558/391/315 1534/393/315 1565/392/315
f 1559/394/316 1565/396/316 1569/395/316
f 1568/397/317 1565/399/317 1567/398/317
f 1469/400/318 1558/402/318 1559/401/318
f 1420/403/319 1570/405/319 1482/404/319
f 1469/406/320 1569/408/320 1420/407/320
f 1578/409/321 1571/411/321 1541/410/321
f 1573/412/322 1571/414/322 1578/413/322
f 1572/415/323 1541/417/323 1571/416/323
f 1573/418/324 1572/420/324 1571/419/324
f 1572/421/325 1576/423/325 1543/422/325
f 1575/424/388 1579/426/388 1572/425/388
f 1575/427/355 1572/429/355 1573/428/355
f 1574/430/328 1581/432/328 1573/431/328
f 1548/433/329 1510/435/329 1514/434/329
f 1578/436/330 1514/438/330 1515/437/330
f 1549/439/331 1548/441/331 1514/440/331
f 1578/442/332 1549/444/332 1514/443/332
f 1578/445/333 1541/447/333 1549/446/333
f 1492/448/334 1574/450/250 1577/449/249
f 1574/451/335 1573/453/335 1578/452/335
f 1492/454/336 1493/456/336 1574/455/336
f 1426/457/337 1577/459/337 1515/458/337
f 1492/460/338 1577/462/338 1426/461/338
f 1576/463/339 1553/465/339 1545/464/339
f 1584/466/340 1553/468/340 1576/467/340
f 1581/469/341 1580/471/341 1575/470/341
f 1584/472/342 1583/474/342 1553/473/342
f 1580/475/343 1584/477/343 1579/476/343
f 1582/478/344 1580/480/344 1581/479/344
f 1580/481/345 1583/483/345 1584/482/345
f 1580/484/346 1560/486/346 1583/485/346
f 1561/487/255 1564/489/347 1580/488/256
f 1500/490/348 1561/492/348 1582/491/348
f 1493/493/349 1500/495/349 1582/494/349
f 1587/1/1 1586/2/1 1588/3/1
f 1590/4/2 1587/5/2 1588/6/2
f 1589/7/3 1590/8/4 1591/9/5
f 1588/10/6 1586/11/6 1592/12/6
f 1590/13/7 1588/14/7 1594/15/7
f 1593/16/8 1590/17/8 1594/18/8
f 1595/19/9 1593/20/9 1594/21/9
f 1593/22/10 1595/23/10 1598/24/10
f 1589/25/3 1591/26/5 1597/27/11
f 1599/28/12 1595/29/12 1600/30/12
f 1599/31/13 1600/32/13 1601/33/13
f 1602/34/14 1591/35/14 1599/36/14
f 1606/37/15 1605/38/15 1607/39/15
f 1605/40/16 1585/41/16 1608/42/16
f 1614/43/17 1607/44/17 1613/45/17
f 1614/46/18 1612/47/18 1607/48/18
f 1614/49/19 1609/50/19 1612/51/19
f 1616/52/20 1614/53/20 1613/54/20
f 1615/55/21 1614/56/21 1610/57/21
f 1610/58/22 1620/59/22 1617/60/22
f 1618/61/23 1607/62/23 1608/63/23
f 1618/64/24 1613/65/24 1607/66/24
f 1622/67/25 1586/68/25 1624/69/25
f 1627/70/26 1622/71/27 1624/72/350
f 1625/73/29 1586/74/29 1622/75/29
f 1625/76/30 1622/77/27 1623/78/351
f 1626/79/32 1629/80/32 1628/81/32
f 1629/82/33 1627/83/33 1631/84/33
f 1628/85/34 1629/86/34 1630/87/34
f 1639/88/35 1629/89/35 1631/90/35
f 1595/91/36 1592/92/36 1633/93/36
f 1592/94/37 1586/95/37 1633/96/37
f 1634/97/38 1633/98/38 1623/99/38
f 1638/100/39 1605/101/39 1606/102/39
f 1641/103/40 1627/104/40 1637/105/40
f 1632/106/41 1639/107/41 1640/108/41
f 1631/109/380 1641/110/380 1642/111/380
f 1639/112/43 1631/113/43 1642/114/43
f 1643/115/356 1639/116/356 1644/117/356
f 1641/118/45 1637/119/45 1606/120/45
f 1642/121/46 1606/122/46 1609/123/46
f 1615/124/47 1642/125/47 1609/126/47
f 1643/127/48 1644/128/48 1615/129/48
f 1640/130/49 1615/131/49 1610/132/49
f 1640/133/50 1643/134/50 1615/135/50
f 1621/136/51 1603/137/51 1646/138/51
f 1647/139/52 1653/140/52 1646/141/52
f 1674/142/53 1611/143/53 1650/144/53
f 1611/145/54 1610/146/54 1650/147/54
f 1651/148/55 1650/149/55 1617/150/55
f 1652/151/56 1648/152/56 1651/153/56
f 1652/154/57 1654/155/57 1656/156/57
f 1651/157/58 1617/158/58 1654/159/58
f 1655/160/59 1654/161/59 1653/162/59
f 1656/163/60 1654/164/60 1655/165/60
f 1656/166/61 1653/167/61 1657/168/61
f 1645/169/62 1657/170/62 1647/171/62
f 1658/172/63 1649/173/63 1659/174/63
f 1659/175/64 1656/176/64 1657/177/64
f 1596/178/65 1659/179/65 1657/180/65
f 1661/181/66 1628/182/66 1630/183/66
f 1670/184/67 1661/185/67 1665/186/67
f 1662/187/68 1664/188/68 1672/189/68
f 1630/190/69 1632/191/69 1665/192/69
f 1670/193/70 1665/194/70 1675/195/70
f 1663/196/71 1672/197/71 1673/198/71
f 1666/199/72 1601/200/72 1667/201/72
f 1636/202/73 1626/203/73 1628/204/73
f 1666/205/74 1667/206/391 1663/207/76
f 1669/208/77 1663/209/77 1673/210/77
f 1664/211/78 1670/212/78 1671/213/78
f 1673/214/79 1671/215/80 1649/216/81
f 1674/217/82 1640/218/82 1611/219/82
f 1674/220/83 1650/221/83 1648/222/83
f 1652/223/84 1671/224/84 1648/225/84
f 1658/226/85 1676/227/85 1649/228/85
f 1589/229/3 1587/230/4 1590/231/4
f 1593/232/86 1591/233/86 1590/234/86
f 1594/235/87 1588/236/87 1592/237/87
f 1592/238/88 1595/239/88 1594/240/88
f 1598/241/89 1591/242/89 1593/243/89
f 1599/244/90 1591/245/90 1598/246/90
f 1599/247/91 1598/248/91 1595/249/91
f 1602/250/92 1597/251/11 1591/252/5
f 1602/253/93 1599/254/93 1601/255/93
f 1603/256/94 1604/257/94 1585/258/94
f 1608/259/95 1607/260/95 1605/261/95
f 1585/262/96 1604/263/96 1608/264/96
f 1619/265/97 1604/266/97 1603/267/97
f 1621/268/98 1619/269/98 1603/270/98
f 1612/271/99 1606/272/99 1607/273/99
f 1609/274/100 1606/275/100 1612/276/100
f 1614/277/101 1615/278/101 1609/279/101
f 1610/280/102 1614/281/102 1616/282/102
f 1610/283/103 1616/284/103 1620/285/103
f 1619/286/104 1620/287/104 1618/288/104
f 1620/289/105 1613/290/105 1618/291/105
f 1620/292/106 1616/293/106 1613/294/106
f 1621/295/107 1620/296/107 1619/297/107
f 1621/298/108 1617/299/108 1620/300/108
f 1604/301/109 1618/302/110 1608/303/111
f 1604/304/109 1619/305/112 1618/306/110
f 1627/307/26 1623/308/351 1622/309/27
f 1629/310/113 1623/311/351 1627/312/26
f 1629/313/114 1626/314/114 1623/315/114
f 1629/316/115 1639/317/115 1632/318/115
f 1630/319/116 1629/320/116 1632/321/116
f 1631/322/117 1627/323/117 1641/324/117
f 1634/325/118 1595/326/118 1633/327/118
f 1636/328/119 1595/329/119 1634/330/119
f 1636/331/120 1635/332/120 1595/333/120
f 1633/334/121 1586/335/121 1625/336/121
f 1623/337/122 1633/338/122 1625/339/122
f 1634/340/123 1623/341/123 1626/342/123
f 1636/343/124 1634/344/124 1626/345/124
f 1637/346/125 1627/347/26 1624/348/350
f 1638/349/126 1637/350/126 1624/351/126
f 1637/352/127 1638/353/127 1606/354/127
f 1644/355/128 1639/356/128 1642/357/128
f 1640/358/129 1639/359/129 1643/360/129
f 1642/361/130 1641/362/130 1606/363/130
f 1615/364/131 1644/365/131 1642/366/131
f 1611/367/132 1640/368/132 1610/369/132
f 1650/370/133 1610/371/133 1617/372/133
f 1648/373/134 1650/374/134 1651/375/134
f 1654/376/135 1652/377/135 1651/378/135
f 1656/379/136 1659/380/136 1652/381/136
f 1659/382/137 1649/383/137 1652/384/137
f 1654/385/138 1617/386/138 1621/387/138
f 1653/388/139 1654/389/139 1621/390/139
f 1646/391/140 1653/392/140 1621/393/140
f 1647/394/141 1657/395/141 1653/396/141
f 1656/397/142 1655/398/142 1653/399/142
f 1645/400/143 1647/401/143 1646/402/143
f 1596/403/144 1658/404/144 1659/405/144
f 1645/406/145 1596/407/145 1657/408/145
f 1667/409/146 1628/410/146 1660/411/146
f 1662/412/147 1667/413/147 1660/414/147
f 1661/415/148 1660/416/148 1628/417/148
f 1662/418/149 1660/419/149 1661/420/149
f 1661/421/150 1630/422/150 1665/423/150
f 1664/424/392 1661/425/392 1670/426/392
f 1664/427/382 1662/428/382 1661/429/382
f 1663/430/153 1662/431/153 1672/432/153
f 1635/433/154 1600/434/154 1595/435/154
f 1667/436/155 1601/437/155 1600/438/155
f 1636/439/156 1600/440/156 1635/441/156
f 1667/442/157 1600/443/157 1636/444/157
f 1667/445/158 1636/446/158 1628/447/158
f 1668/448/159 1666/449/74 1663/450/76
f 1663/451/160 1667/452/160 1662/453/160
f 1668/454/161 1663/455/161 1669/456/161
f 1602/457/162 1601/458/162 1666/459/162
f 1668/460/163 1602/461/163 1666/462/163
f 1665/463/164 1632/464/164 1640/465/164
f 1675/466/165 1665/467/165 1640/468/165
f 1672/469/166 1664/470/166 1671/471/166
f 1675/472/167 1640/473/167 1674/474/167
f 1671/475/168 1670/476/168 1675/477/168
f 1673/478/169 1672/479/169 1671/480/169
f 1671/481/170 1675/482/170 1674/483/170
f 1671/484/171 1674/485/171 1648/486/171
f 1649/487/81 1671/488/80 1652/489/172
f 1676/490/173 1673/491/173 1649/492/173
f 1669/493/174 1673/494/174 1676/495/174
f 1679/1/175 1680/3/175 1678/2/175
f 1681/4/176 1680/6/177 1679/5/178
f 1589/7/179 1682/9/180 1681/8/176
f 1680/10/181 1683/12/181 1678/11/181
f 1681/13/182 1685/15/182 1680/14/182
f 1684/16/183 1685/18/183 1681/17/183
f 1686/19/184 1685/21/184 1684/20/184
f 1684/22/185 1688/24/185 1686/23/185
f 1589/25/179 1687/27/186 1682/26/180
f 1689/28/187 1690/30/187 1686/29/187
f 1689/31/188 1691/33/188 1690/32/188
f 1602/34/189 1689/36/189 1682/35/189
f 1695/37/190 1696/39/190 1694/38/190
f 1694/40/191 1697/42/191 1677/41/191
f 1703/43/192 1702/45/192 1696/44/192
f 1703/46/193 1696/48/193 1701/47/193
f 1703/49/194 1701/51/194 1698/50/194
f 1705/52/195 1702/54/195 1703/53/195
f 1704/55/196 1699/57/196 1703/56/196
f 1699/58/357 1706/60/357 1709/59/357
f 1707/61/198 1697/63/198 1696/62/198
f 1707/64/199 1696/66/199 1702/65/199
f 1711/67/200 1713/69/200 1678/68/200
f 1716/70/201 1713/72/354 1711/71/203
f 1714/73/204 1711/75/204 1678/74/204
f 1714/76/205 1712/78/359 1711/77/203
f 1715/79/207 1717/81/207 1718/80/207
f 1718/82/208 1720/84/208 1716/83/208
f 1717/85/209 1719/87/209 1718/86/209
f 1728/88/210 1720/90/210 1718/89/210
f 1686/91/211 1722/93/211 1683/92/211
f 1683/94/212 1722/96/212 1678/95/212
f 1723/97/213 1712/99/213 1722/98/213
f 1727/100/214 1695/102/214 1694/101/214
f 1730/103/215 1726/105/215 1716/104/215
f 1721/106/216 1729/108/216 1728/107/216
f 1720/109/375 1731/111/375 1730/110/375
f 1728/112/218 1731/114/218 1720/113/218
f 1732/115/368 1733/117/368 1728/116/368
f 1730/118/220 1695/120/220 1726/119/220
f 1731/121/221 1698/123/221 1695/122/221
f 1704/124/222 1698/126/222 1731/125/222
f 1732/127/223 1704/129/223 1733/128/223
f 1729/130/224 1699/132/224 1704/131/224
f 1729/133/225 1704/135/225 1732/134/225
f 1710/136/226 1734/138/226 1692/137/226
f 1735/139/227 1734/141/227 1741/140/227
f 1759/142/228 1738/144/228 1700/143/228
f 1700/145/229 1738/147/229 1699/146/229
f 1739/148/230 1706/150/230 1738/149/230
f 1740/151/231 1739/153/231 1736/152/231
f 1740/154/232 1744/156/232 1742/155/232
f 1739/157/233 1742/159/233 1706/158/233
f 1743/160/234 1741/162/234 1742/161/234
f 1744/163/235 1743/165/235 1742/164/235
f 1744/166/236 1745/168/236 1741/167/236
f 1645/169/237 1735/171/237 1745/170/237
f 1658/172/238 1746/174/238 1737/173/238
f 1746/175/239 1745/177/239 1744/176/239
f 1596/178/240 1745/180/240 1746/179/240
f 1748/181/241 1719/183/241 1717/182/241
f 1755/184/242 1752/186/242 1748/185/242
f 1749/187/243 1757/189/243 1751/188/243
f 1719/190/244 1752/192/244 1721/191/244
f 1755/193/245 1760/195/245 1752/194/245
f 1750/196/246 1758/198/246 1757/197/246
f 1753/199/385 1754/201/385 1691/200/385
f 1725/202/248 1717/204/248 1715/203/248
f 1753/205/369 1750/207/250 1754/206/251
f 1669/208/252 1758/210/252 1750/209/252
f 1751/211/253 1756/213/253 1755/212/253
f 1758/214/254 1737/216/255 1756/215/256
f 1759/217/257 1700/219/257 1729/218/257
f 1759/220/258 1736/222/258 1738/221/258
f 1740/223/259 1736/225/259 1756/224/259
f 1658/226/260 1737/228/260 1676/227/260
f 1589/229/179 1681/231/176 1679/230/178
f 1684/232/261 1681/234/261 1682/233/261
f 1685/235/262 1683/237/262 1680/236/262
f 1683/238/263 1685/240/263 1686/239/263
f 1688/241/264 1684/243/264 1682/242/264
f 1689/244/265 1688/246/265 1682/245/265
f 1689/247/266 1686/249/266 1688/248/266
f 1602/250/267 1682/252/180 1687/251/186
f 1602/253/268 1691/255/268 1689/254/268
f 1692/256/269 1677/258/269 1693/257/269
f 1697/259/270 1694/261/270 1696/260/270
f 1677/262/271 1697/264/271 1693/263/271
f 1708/265/272 1692/267/272 1693/266/272
f 1710/268/273 1692/270/273 1708/269/273
f 1701/271/274 1696/273/274 1695/272/274
f 1698/274/376 1701/276/376 1695/275/376
f 1703/277/276 1698/279/276 1704/278/276
f 1699/280/277 1705/282/277 1703/281/277
f 1699/283/278 1709/285/278 1705/284/278
f 1708/286/279 1707/288/279 1709/287/279
f 1709/289/280 1707/291/280 1702/290/280
f 1709/292/281 1702/294/281 1705/293/281
f 1710/295/282 1708/297/282 1709/296/282
f 1710/298/283 1709/300/283 1706/299/283
f 1693/301/284 1697/303/285 1707/302/286
f 1693/304/284 1707/306/286 1708/305/287
f 1716/307/201 1711/309/203 1712/308/359
f 1718/310/288 1716/312/201 1712/311/359
f 1718/313/289 1712/315/289 1715/314/289
f 1718/316/290 1721/318/290 1728/317/290
f 1719/319/291 1721/321/291 1718/320/291
f 1720/322/292 1730/324/292 1716/323/292
f 1723/325/293 1722/327/293 1686/326/293
f 1725/328/294 1723/330/294 1686/329/294
f 1725/331/295 1686/333/295 1724/332/295
f 1722/334/296 1714/336/296 1678/335/296
f 1712/337/297 1714/339/297 1722/338/297
f 1723/340/298 1715/342/298 1712/341/298
f 1725/343/299 1715/345/299 1723/344/299
f 1726/346/300 1713/348/354 1716/347/201
f 1727/349/301 1713/351/301 1726/350/301
f 1726/352/302 1695/354/302 1727/353/302
f 1733/355/303 1731/357/303 1728/356/303
f 1729/358/304 1732/360/304 1728/359/304
f 1731/361/305 1695/363/305 1730/362/305
f 1704/364/306 1731/366/306 1733/365/306
f 1700/367/307 1699/369/307 1729/368/307
f 1738/370/308 1706/372/308 1699/371/308
f 1736/373/309 1739/375/309 1738/374/309
f 1742/376/310 1739/378/310 1740/377/310
f 1744/379/311 1740/381/311 1746/380/311
f 1746/382/312 1740/384/312 1737/383/312
f 1742/385/313 1710/387/313 1706/386/313
f 1741/388/314 1710/390/314 1742/389/314
f 1734/391/315 1710/393/315 1741/392/315
f 1735/394/316 1741/396/316 1745/395/316
f 1744/397/317 1741/399/317 1743/398/317
f 1645/400/318 1734/402/318 1735/401/318
f 1596/403/319 1746/405/319 1658/404/319
f 1645/406/320 1745/408/320 1596/407/320
f 1754/409/321 1747/411/321 1717/410/321
f 1749/412/322 1747/414/322 1754/413/322
f 1748/415/323 1717/417/323 1747/416/323
f 1749/418/324 1748/420/324 1747/419/324
f 1748/421/325 1752/423/325 1719/422/325
f 1751/424/326 1755/426/326 1748/425/326
f 1751/427/327 1748/429/327 1749/428/327
f 1750/430/328 1757/432/328 1749/431/328
f 1724/433/329 1686/435/329 1690/434/329
f 1754/436/330 1690/438/330 1691/437/330
f 1725/439/331 1724/441/331 1690/440/331
f 1754/442/332 1725/444/332 1690/443/332
f 1754/445/333 1717/447/333 1725/446/333
f 1668/448/334 1750/450/250 1753/449/369
f 1750/451/335 1749/453/335 1754/452/335
f 1668/454/336 1669/456/336 1750/455/336
f 1602/457/337 1753/459/337 1691/458/337
f 1668/460/338 1753/462/338 1602/461/338
f 1752/463/339 1729/465/339 1721/464/339
f 1760/466/340 1729/468/340 1752/467/340
f 1757/469/341 1756/471/341 1751/470/341
f 1760/472/342 1759/474/342 1729/473/342
f 1756/475/343 1760/477/343 1755/476/343
f 1758/478/344 1756/480/344 1757/479/344
f 1756/481/345 1759/483/345 1760/482/345
f 1756/484/346 1736/486/346 1759/485/346
f 1737/487/255 1740/489/347 1756/488/256
f 1676/490/348 1737/492/348 1758/491/348
f 1669/493/349 1676/495/349 1758/494/349
f 1763/1/1 1762/2/1 1764/3/1
f 1766/4/2 1763/5/2 1764/6/2
f 1765/7/3 1766/8/4 1767/9/5
f 1764/10/6 1762/11/6 1768/12/6
f 1766/13/7 1764/14/7 1770/15/7
f 1769/16/8 1766/17/8 1770/18/8
f 1771/19/9 1769/20/9 1770/21/9
f 1769/22/10 1771/23/10 1774/24/10
f 1765/25/3 1767/26/5 1773/27/11
f 1775/28/12 1771/29/12 1776/30/12
f 1775/31/13 1776/32/13 1777/33/13
f 1778/34/14 1767/35/14 1775/36/14
f 1782/37/15 1781/38/15 1783/39/15
f 1781/40/16 1761/41/16 1784/42/16
f 1790/43/17 1783/44/17 1789/45/17
f 1790/46/18 1788/47/18 1783/48/18
f 1790/49/19 1785/50/19 1788/51/19
f 1792/52/20 1790/53/20 1789/54/20
f 1791/55/21 1790/56/21 1786/57/21
f 1786/58/22 1796/59/22 1793/60/22
f 1794/61/23 1783/62/23 1784/63/23
f 1794/64/24 1789/65/24 1783/66/24
f 1798/67/25 1762/68/25 1800/69/25
f 1803/70/26 1798/71/27 1800/72/28
f 1801/73/393 1762/74/393 1798/75/393
f 1801/76/30 1798/77/27 1799/78/351
f 1802/79/32 1805/80/32 1804/81/32
f 1805/82/33 1803/83/33 1807/84/33
f 1804/85/34 1805/86/34 1806/87/34
f 1815/88/35 1805/89/35 1807/90/35
f 1771/91/36 1768/92/36 1809/93/36
f 1768/94/37 1762/95/37 1809/96/37
f 1810/97/38 1809/98/38 1799/99/38
f 1814/100/39 1781/101/39 1782/102/39
f 1817/103/40 1803/104/40 1813/105/40
f 1808/106/41 1815/107/41 1816/108/41
f 1807/109/380 1817/110/380 1818/111/380
f 1815/112/43 1807/113/43 1818/114/43
f 1819/115/356 1815/116/356 1820/117/356
f 1817/118/45 1813/119/45 1782/120/45
f 1818/121/46 1782/122/46 1785/123/46
f 1791/124/47 1818/125/47 1785/126/47
f 1819/127/48 1820/128/48 1791/129/48
f 1816/130/49 1791/131/49 1786/132/49
f 1816/133/50 1819/134/50 1791/135/50
f 1797/136/51 1779/137/51 1822/138/51
f 1823/139/52 1829/140/52 1822/141/52
f 1850/142/53 1787/143/53 1826/144/53
f 1787/145/54 1786/146/54 1826/147/54
f 1827/148/55 1826/149/55 1793/150/55
f 1828/151/56 1824/152/56 1827/153/56
f 1828/154/57 1830/155/57 1832/156/57
f 1827/157/394 1793/158/394 1830/159/394
f 1831/160/59 1830/161/59 1829/162/59
f 1832/163/60 1830/164/60 1831/165/60
f 1832/166/61 1829/167/61 1833/168/61
f 1821/169/62 1833/170/62 1823/171/62
f 1834/172/63 1825/173/63 1835/174/63
f 1835/175/64 1832/176/64 1833/177/64
f 1772/178/65 1835/179/65 1833/180/65
f 1837/181/66 1804/182/66 1806/183/66
f 1846/184/67 1837/185/67 1841/186/67
f 1838/187/68 1840/188/68 1848/189/68
f 1806/190/69 1808/191/69 1841/192/69
f 1846/193/70 1841/194/70 1851/195/70
f 1839/196/71 1848/197/71 1849/198/71
f 1842/199/72 1777/200/72 1843/201/72
f 1812/202/73 1802/203/73 1804/204/73
f 1842/205/74 1843/206/391 1839/207/76
f 1845/208/77 1839/209/77 1849/210/77
f 1840/211/78 1846/212/78 1847/213/78
f 1849/214/79 1847/215/80 1825/216/81
f 1850/217/82 1816/218/82 1787/219/82
f 1850/220/83 1826/221/83 1824/222/83
f 1828/223/84 1847/224/84 1824/225/84
f 1834/226/85 1852/227/85 1825/228/85
f 1765/229/3 1763/230/4 1766/231/4
f 1769/232/86 1767/233/86 1766/234/86
f 1770/235/87 1764/236/87 1768/237/87
f 1768/238/88 1771/239/88 1770/240/88
f 1774/241/89 1767/242/89 1769/243/89
f 1775/244/90 1767/245/90 1774/246/90
f 1775/247/91 1774/248/91 1771/249/91
f 1778/250/92 1773/251/11 1767/252/5
f 1778/253/93 1775/254/93 1777/255/93
f 1779/256/94 1780/257/94 1761/258/94
f 1784/259/95 1783/260/95 1781/261/95
f 1761/262/96 1780/263/96 1784/264/96
f 1795/265/97 1780/266/97 1779/267/97
f 1797/268/395 1795/269/395 1779/270/395
f 1788/271/99 1782/272/99 1783/273/99
f 1785/274/381 1782/275/381 1788/276/381
f 1790/277/101 1791/278/101 1785/279/101
f 1786/280/102 1790/281/102 1792/282/102
f 1786/283/103 1792/284/103 1796/285/103
f 1795/286/104 1796/287/104 1794/288/104
f 1796/289/105 1789/290/105 1794/291/105
f 1796/292/106 1792/293/106 1789/294/106
f 1797/295/107 1796/296/107 1795/297/107
f 1797/298/108 1793/299/108 1796/300/108
f 1780/301/109 1794/302/110 1784/303/111
f 1780/304/109 1795/305/112 1794/306/110
f 1803/307/26 1799/308/351 1798/309/27
f 1805/310/113 1799/311/351 1803/312/26
f 1805/313/114 1802/314/114 1799/315/114
f 1805/316/115 1815/317/115 1808/318/115
f 1806/319/116 1805/320/116 1808/321/116
f 1807/322/117 1803/323/117 1817/324/117
f 1810/325/118 1771/326/118 1809/327/118
f 1812/328/119 1771/329/119 1810/330/119
f 1812/331/120 1811/332/120 1771/333/120
f 1809/334/121 1762/335/121 1801/336/121
f 1799/337/122 1809/338/122 1801/339/122
f 1810/340/123 1799/341/123 1802/342/123
f 1812/343/124 1810/344/124 1802/345/124
f 1813/346/125 1803/347/26 1800/348/28
f 1814/349/126 1813/350/126 1800/351/126
f 1813/352/127 1814/353/127 1782/354/127
f 1820/355/128 1815/356/128 1818/357/128
f 1816/358/129 1815/359/129 1819/360/129
f 1818/361/130 1817/362/130 1782/363/130
f 1791/364/131 1820/365/131 1818/366/131
f 1787/367/132 1816/368/132 1786/369/132
f 1826/370/133 1786/371/133 1793/372/133
f 1824/373/134 1826/374/134 1827/375/134
f 1830/376/135 1828/377/135 1827/378/135
f 1832/379/136 1835/380/136 1828/381/136
f 1835/382/396 1825/383/396 1828/384/396
f 1830/385/138 1793/386/138 1797/387/138
f 1829/388/139 1830/389/139 1797/390/139
f 1822/391/140 1829/392/140 1797/393/140
f 1823/394/141 1833/395/141 1829/396/141
f 1832/397/397 1831/398/397 1829/399/397
f 1821/400/143 1823/401/143 1822/402/143
f 1772/403/144 1834/404/144 1835/405/144
f 1821/406/145 1772/407/145 1833/408/145
f 1843/409/146 1804/410/146 1836/411/146
f 1838/412/398 1843/413/398 1836/414/398
f 1837/415/148 1836/416/148 1804/417/148
f 1838/418/149 1836/419/149 1837/420/149
f 1837/421/150 1806/422/150 1841/423/150
f 1840/424/151 1837/425/151 1846/426/151
f 1840/427/152 1838/428/152 1837/429/152
f 1839/430/153 1838/431/153 1848/432/153
f 1811/433/154 1776/434/154 1771/435/154
f 1843/436/155 1777/437/155 1776/438/155
f 1812/439/156 1776/440/156 1811/441/156
f 1843/442/157 1776/443/157 1812/444/157
f 1843/445/399 1812/446/399 1804/447/399
f 1844/448/400 1842/449/74 1839/450/76
f 1839/451/160 1843/452/160 1838/453/160
f 1844/454/161 1839/455/161 1845/456/161
f 1778/457/162 1777/458/162 1842/459/162
f 1844/460/163 1778/461/163 1842/462/163
f 1841/463/164 1808/464/164 1816/465/164
f 1851/466/165 1841/467/165 1816/468/165
f 1848/469/166 1840/470/166 1847/471/166
f 1851/472/167 1816/473/167 1850/474/167
f 1847/475/168 1846/476/168 1851/477/168
f 1849/478/169 1848/479/169 1847/480/169
f 1847/481/170 1851/482/170 1850/483/170
f 1847/484/171 1850/485/171 1824/486/171
f 1825/487/81 1847/488/80 1828/489/172
f 1852/490/173 1849/491/173 1825/492/173
f 1845/493/174 1849/494/174 1852/495/174
f 1855/1/175 1856/3/175 1854/2/175
f 1857/4/176 1856/6/177 1855/5/178
f 1765/7/179 1858/9/180 1857/8/176
f 1856/10/181 1859/12/181 1854/11/181
f 1857/13/182 1861/15/182 1856/14/182
f 1860/16/183 1861/18/183 1857/17/183
f 1862/19/184 1861/21/184 1860/20/184
f 1860/22/185 1864/24/185 1862/23/185
f 1765/25/179 1863/27/186 1858/26/180
f 1865/28/187 1866/30/187 1862/29/187
f 1865/31/188 1867/33/188 1866/32/188
f 1778/34/189 1865/36/189 1858/35/189
f 1871/37/190 1872/39/190 1870/38/190
f 1870/40/191 1873/42/191 1853/41/191
f 1879/43/401 1878/45/401 1872/44/401
f 1879/46/193 1872/48/193 1877/47/193
f 1879/49/194 1877/51/194 1874/50/194
f 1881/52/195 1878/54/195 1879/53/195
f 1880/55/196 1875/57/196 1879/56/196
f 1875/58/197 1882/60/197 1885/59/197
f 1883/61/198 1873/63/198 1872/62/198
f 1883/64/199 1872/66/199 1878/65/199
f 1887/67/200 1889/69/200 1854/68/200
f 1892/70/201 1889/72/354 1887/71/203
f 1890/73/402 1887/75/402 1854/74/402
f 1890/76/205 1888/78/206 1887/77/203
f 1891/79/207 1893/81/207 1894/80/207
f 1894/82/208 1896/84/208 1892/83/208
f 1893/85/209 1895/87/209 1894/86/209
f 1904/88/210 1896/90/210 1894/89/210
f 1862/91/211 1898/93/211 1859/92/211
f 1859/94/212 1898/96/212 1854/95/212
f 1899/97/213 1888/99/213 1898/98/213
f 1903/100/214 1871/102/214 1870/101/214
f 1906/103/215 1902/105/215 1892/104/215
f 1897/106/216 1905/108/216 1904/107/216
f 1896/109/217 1907/111/217 1906/110/217
f 1904/112/218 1907/114/218 1896/113/218
f 1908/115/368 1909/117/368 1904/116/368
f 1906/118/220 1871/120/220 1902/119/220
f 1907/121/221 1874/123/221 1871/122/221
f 1880/124/222 1874/126/222 1907/125/222
f 1908/127/223 1880/129/223 1909/128/223
f 1905/130/224 1875/132/224 1880/131/224
f 1905/133/225 1880/135/225 1908/134/225
f 1886/136/226 1910/138/226 1868/137/226
f 1911/139/227 1910/141/227 1917/140/227
f 1935/142/228 1914/144/228 1876/143/228
f 1876/145/229 1914/147/229 1875/146/229
f 1915/148/230 1882/150/230 1914/149/230
f 1916/151/231 1915/153/231 1912/152/231
f 1916/154/232 1920/156/232 1918/155/232
f 1915/157/233 1918/159/233 1882/158/233
f 1919/160/234 1917/162/234 1918/161/234
f 1920/163/235 1919/165/235 1918/164/235
f 1920/166/236 1921/168/236 1917/167/236
f 1821/169/237 1911/171/237 1921/170/237
f 1834/172/238 1922/174/238 1913/173/238
f 1922/175/239 1921/177/239 1920/176/239
f 1772/178/240 1921/180/240 1922/179/240
f 1924/181/241 1895/183/241 1893/182/241
f 1931/184/403 1928/186/403 1924/185/403
f 1925/187/243 1933/189/243 1927/188/243
f 1895/190/244 1928/192/244 1897/191/244
f 1931/193/245 1936/195/245 1928/194/245
f 1926/196/246 1934/198/246 1933/197/246
f 1929/199/247 1930/201/247 1867/200/247
f 1901/202/248 1893/204/248 1891/203/248
f 1929/205/249 1926/207/404 1930/206/405
f 1845/208/252 1934/210/252 1926/209/252
f 1927/211/253 1932/213/253 1931/212/253
f 1934/214/254 1913/216/255 1932/215/256
f 1935/217/257 1876/219/257 1905/218/257
f 1935/220/258 1912/222/258 1914/221/258
f 1916/223/259 1912/225/259 1932/224/259
f 1834/226/260 1913/228/260 1852/227/260
f 1765/229/179 1857/231/176 1855/230/178
f 1860/232/261 1857/234/261 1858/233/261
f 1861/235/262 1859/237/262 1856/236/262
f 1859/238/263 1861/240/263 1862/239/263
f 1864/241/264 1860/243/264 1858/242/264
f 1865/244/265 1864/246/265 1858/245/265
f 1865/247/266 1862/249/266 1864/248/266
f 1778/250/267 1858/252/180 1863/251/186
f 1778/253/406 1867/255/406 1865/254/406
f 1868/256/269 1853/258/269 1869/257/269
f 1873/259/270 1870/261/270 1872/260/270
f 1853/262/271 1873/264/271 1869/263/271
f 1884/265/272 1868/267/272 1869/266/272
f 1886/268/386 1868/270/386 1884/269/386
f 1877/271/274 1872/273/274 1871/272/274
f 1874/274/275 1877/276/275 1871/275/275
f 1879/277/276 1874/279/276 1880/278/276
f 1875/280/277 1881/282/277 1879/281/277
f 1875/283/407 1885/285/407 1881/284/407
f 1884/286/279 1883/288/279 1885/287/279
f 1885/289/280 1883/291/280 1878/290/280
f 1885/292/281 1878/294/281 1881/293/281
f 1886/295/282 1884/297/282 1885/296/282
f 1886/298/283 1885/300/283 1882/299/283
f 1869/301/284 1873/303/285 1883/302/286
f 1869/304/284 1883/306/286 1884/305/287
f 1892/307/201 1887/309/203 1888/308/206
f 1894/310/288 1892/312/201 1888/311/206
f 1894/313/289 1888/315/289 1891/314/289
f 1894/316/290 1897/318/290 1904/317/290
f 1895/319/291 1897/321/291 1894/320/291
f 1896/322/292 1906/324/292 1892/323/292
f 1899/325/293 1898/327/293 1862/326/293
f 1901/328/294 1899/330/294 1862/329/294
f 1901/331/295 1862/333/295 1900/332/295
f 1898/334/296 1890/336/296 1854/335/296
f 1888/337/297 1890/339/297 1898/338/297
f 1899/340/298 1891/342/298 1888/341/298
f 1901/343/299 1891/345/299 1899/344/299
f 1902/346/300 1889/348/354 1892/347/201
f 1903/349/301 1889/351/301 1902/350/301
f 1902/352/302 1871/354/302 1903/353/302
f 1909/355/303 1907/357/303 1904/356/303
f 1905/358/304 1908/360/304 1904/359/304
f 1907/361/305 1871/363/305 1906/362/305
f 1880/364/306 1907/366/306 1909/365/306
f 1876/367/307 1875/369/307 1905/368/307
f 1914/370/308 1882/372/308 1875/371/308
f 1912/373/309 1915/375/309 1914/374/309
f 1918/376/310 1915/378/310 1916/377/310
f 1920/379/311 1916/381/311 1922/380/311
f 1922/382/312 1916/384/312 1913/383/312
f 1918/385/313 1886/387/313 1882/386/313
f 1917/388/314 1886/390/314 1918/389/314
f 1910/391/315 1886/393/315 1917/392/315
f 1911/394/316 1917/396/316 1921/395/316
f 1920/397/408 1917/399/408 1919/398/408
f 1821/400/318 1910/402/318 1911/401/318
f 1772/403/319 1922/405/319 1834/404/319
f 1821/406/320 1921/408/320 1772/407/320
f 1930/409/321 1923/411/321 1893/410/321
f 1925/412/322 1923/414/322 1930/413/322
f 1924/415/323 1893/417/323 1923/416/323
f 1925/418/324 1924/420/324 1923/419/324
f 1924/421/325 1928/423/325 1895/422/325
f 1927/424/326 1931/426/326 1924/425/326
f 1927/427/327 1924/429/327 1925/428/327
f 1926/430/328 1933/432/328 1925/431/328
f 1900/433/329 1862/435/329 1866/434/329
f 1930/436/330 1866/438/330 1867/437/330
f 1901/439/331 1900/441/331 1866/440/331
f 1930/442/332 1901/444/332 1866/443/332
f 1930/445/333 1893/447/333 1901/446/333
f 1844/448/409 1926/450/404 1929/449/249
f 1926/451/335 1925/453/335 1930/452/335
f 1844/454/336 1845/456/336 1926/455/336
f 1778/457/337 1929/459/337 1867/458/337
f 1844/460/338 1929/462/338 1778/461/338
f 1928/463/339 1905/465/339 1897/464/339
f 1936/466/340 1905/468/340 1928/467/340
f 1933/469/341 1932/471/341 1927/470/341
f 1936/472/342 1935/474/342 1905/473/342
f 1932/475/343 1936/477/343 1931/476/343
f 1934/478/344 1932/480/344 1933/479/344
f 1932/481/345 1935/483/345 1936/482/345
f 1932/484/346 1912/486/346 1935/485/346
f 1913/487/255 1916/489/347 1932/488/256
f 1852/490/348 1913/492/348 1934/491/348
f 1845/493/349 1852/495/349 1934/494/349
f 1939/1/1 1938/2/1 1940/3/1
f 1942/4/2 1939/5/2 1940/6/2
f 1941/7/3 1942/8/4 1943/9/5
f 1940/10/6 1938/11/6 1944/12/6
f 1942/13/7 1940/14/7 1946/15/7
f 1945/16/8 1942/17/8 1946/18/8
f 1947/19/9 1945/20/9 1946/21/9
f 1945/22/10 1947/23/10 1950/24/10
f 1941/25/3 1943/26/5 1949/27/11
f 1951/28/12 1947/29/12 1952/30/12
f 1951/31/13 1952/32/13 1953/33/13
f 1954/34/14 1943/35/14 1951/36/14
f 1958/37/15 1957/38/15 1959/39/15
f 1957/40/16 1937/41/16 1960/42/16
f 1966/43/410 1959/44/410 1965/45/410
f 1966/46/18 1964/47/18 1959/48/18
f 1966/49/19 1961/50/19 1964/51/19
f 1968/52/20 1966/53/20 1965/54/20
f 1967/55/21 1966/56/21 1962/57/21
f 1962/58/22 1972/59/22 1969/60/22
f 1970/61/23 1959/62/23 1960/63/23
f 1970/64/24 1965/65/24 1959/66/24
f 1974/67/25 1938/68/25 1976/69/25
f 1979/70/26 1974/71/27 1976/72/28
f 1977/73/29 1938/74/29 1974/75/29
f 1977/76/30 1974/77/27 1975/78/351
f 1978/79/32 1981/80/32 1980/81/32
f 1981/82/33 1979/83/33 1983/84/33
f 1980/85/34 1981/86/34 1982/87/34
f 1991/88/35 1981/89/35 1983/90/35
f 1947/91/36 1944/92/36 1985/93/36
f 1944/94/37 1938/95/37 1985/96/37
f 1986/97/38 1985/98/38 1975/99/38
f 1990/100/39 1957/101/39 1958/102/39
f 1993/103/40 1979/104/40 1989/105/40
f 1984/106/41 1991/107/41 1992/108/41
f 1983/109/42 1993/110/42 1994/111/42
f 1991/112/43 1983/113/43 1994/114/43
f 1995/115/356 1991/116/356 1996/117/356
f 1993/118/45 1989/119/45 1958/120/45
f 1994/121/46 1958/122/46 1961/123/46
f 1967/124/47 1994/125/47 1961/126/47
f 1995/127/48 1996/128/48 1967/129/48
f 1992/130/49 1967/131/49 1962/132/49
f 1992/133/50 1995/134/50 1967/135/50
f 1973/136/51 1955/137/51 1998/138/51
f 1999/139/52 2005/140/52 1998/141/52
f 2026/142/53 1963/143/53 2002/144/53
f 1963/145/54 1962/146/54 2002/147/54
f 2003/148/55 2002/149/55 1969/150/55
f 2004/151/56 2000/152/56 2003/153/56
f 2004/154/57 2006/155/57 2008/156/57
f 2003/157/58 1969/158/58 2006/159/58
f 2007/160/59 2006/161/59 2005/162/59
f 2008/163/60 2006/164/60 2007/165/60
f 2008/166/61 2005/167/61 2009/168/61
f 1997/169/62 2009/170/62 1999/171/62
f 2010/172/63 2001/173/63 2011/174/63
f 2011/175/64 2008/176/64 2009/177/64
f 1948/178/65 2011/179/65 2009/180/65
f 2013/181/66 1980/182/66 1982/183/66
f 2022/184/373 2013/185/373 2017/186/373
f 2014/187/68 2016/188/68 2024/189/68
f 1982/190/69 1984/191/69 2017/192/69
f 2022/193/70 2017/194/70 2027/195/70
f 2015/196/71 2024/197/71 2025/198/71
f 2018/199/72 1953/200/72 2019/201/72
f 1988/202/73 1978/203/73 1980/204/73
f 2018/205/74 2019/206/391 2015/207/76
f 2021/208/77 2015/209/77 2025/210/77
f 2016/211/78 2022/212/78 2023/213/78
f 2025/214/79 2023/215/80 2001/216/81
f 2026/217/82 1992/218/82 1963/219/82
f 2026/220/83 2002/221/83 2000/222/83
f 2004/223/84 2023/224/84 2000/225/84
f 2010/226/85 2028/227/85 2001/228/85
f 1941/229/3 1939/230/4 1942/231/4
f 1945/232/86 1943/233/86 1942/234/86
f 1946/235/87 1940/236/87 1944/237/87
f 1944/238/88 1947/239/88 1946/240/88
f 1950/241/89 1943/242/89 1945/243/89
f 1951/244/90 1943/245/90 1950/246/90
f 1951/247/91 1950/248/91 1947/249/91
f 1954/250/92 1949/251/11 1943/252/5
f 1954/253/93 1951/254/93 1953/255/93
f 1955/256/94 1956/257/94 1937/258/94
f 1960/259/95 1959/260/95 1957/261/95
f 1937/262/96 1956/263/96 1960/264/96
f 1971/265/97 1956/266/97 1955/267/97
f 1973/268/98 1971/269/98 1955/270/98
f 1964/271/99 1958/272/99 1959/273/99
f 1961/274/100 1958/275/100 1964/276/100
f 1966/277/101 1967/278/101 1961/279/101
f 1962/280/102 1966/281/102 1968/282/102
f 1962/283/411 1968/284/411 1972/285/411
f 1971/286/104 1972/287/104 1970/288/104
f 1972/289/105 1965/290/105 1970/291/105
f 1972/292/106 1968/293/106 1965/294/106
f 1973/295/107 1972/296/107 1971/297/107
f 1973/298/108 1969/299/108 1972/300/108
f 1956/301/109 1970/302/110 1960/303/111
f 1956/304/109 1971/305/112 1970/306/110
f 1979/307/26 1975/308/351 1974/309/27
f 1981/310/113 1975/311/351 1979/312/26
f 1981/313/114 1978/314/114 1975/315/114
f 1981/316/115 1991/317/115 1984/318/115
f 1982/319/116 1981/320/116 1984/321/116
f 1983/322/117 1979/323/117 1993/324/117
f 1986/325/366 1947/326/366 1985/327/366
f 1988/328/119 1947/329/119 1986/330/119
f 1988/331/120 1987/332/120 1947/333/120
f 1985/334/121 1938/335/121 1977/336/121
f 1975/337/122 1985/338/122 1977/339/122
f 1986/340/123 1975/341/123 1978/342/123
f 1988/343/124 1986/344/124 1978/345/124
f 1989/346/125 1979/347/26 1976/348/28
f 1990/349/126 1989/350/126 1976/351/126
f 1989/352/127 1990/353/127 1958/354/127
f 1996/355/128 1991/356/128 1994/357/128
f 1992/358/129 1991/359/129 1995/360/129
f 1994/361/130 1993/362/130 1958/363/130
f 1967/364/131 1996/365/131 1994/366/131
f 1963/367/132 1992/368/132 1962/369/132
f 2002/370/133 1962/371/133 1969/372/133
f 2000/373/134 2002/374/134 2003/375/134
f 2006/376/135 2004/377/135 2003/378/135
f 2008/379/136 2011/380/136 2004/381/136
f 2011/382/137 2001/383/137 2004/384/137
f 2006/385/138 1969/386/138 1973/387/138
f 2005/388/139 2006/389/139 1973/390/139
f 1998/391/140 2005/392/140 1973/393/140
f 1999/394/141 2009/395/141 2005/396/141
f 2008/397/397 2007/398/397 2005/399/397
f 1997/400/143 1999/401/143 1998/402/143
f 1948/403/144 2010/404/144 2011/405/144
f 1997/406/145 1948/407/145 2009/408/145
f 2019/409/146 1980/410/146 2012/411/146
f 2014/412/398 2019/413/398 2012/414/398
f 2013/415/148 2012/416/148 1980/417/148
f 2014/418/149 2012/419/149 2013/420/149
f 2013/421/150 1982/422/150 2017/423/150
f 2016/424/151 2013/425/151 2022/426/151
f 2016/427/152 2014/428/152 2013/429/152
f 2015/430/153 2014/431/153 2024/432/153
f 1987/433/154 1952/434/154 1947/435/154
f 2019/436/155 1953/437/155 1952/438/155
f 1988/439/156 1952/440/156 1987/441/156
f 2019/442/157 1952/443/157 1988/444/157
f 2019/445/158 1988/446/158 1980/447/158
f 2020/448/159 2018/449/74 2015/450/76
f 2015/451/160 2019/452/160 2014/453/160
f 2020/454/161 2015/455/161 2021/456/161
f 1954/457/162 1953/458/162 2018/459/162
f 2020/460/412 1954/461/412 2018/462/412
f 2017/463/164 1984/464/164 1992/465/164
f 2027/466/165 2017/467/165 1992/468/165
f 2024/469/166 2016/470/166 2023/471/166
f 2027/472/167 1992/473/167 2026/474/167
f 2023/475/168 2022/476/168 2027/477/168
f 2025/478/169 2024/479/169 2023/480/169
f 2023/481/170 2027/482/170 2026/483/170
f 2023/484/171 2026/485/171 2000/486/171
f 2001/487/81 2023/488/80 2004/489/172
f 2028/490/173 2025/491/173 2001/492/173
f 2021/493/174 2025/494/174 2028/495/174
f 2031/1/175 2032/3/175 2030/2/175
f 2033/4/176 2032/6/177 2031/5/178
f 1941/7/179 2034/9/180 2033/8/176
f 2032/10/181 2035/12/181 2030/11/181
f 2033/13/182 2037/15/182 2032/14/182
f 2036/16/183 2037/18/183 2033/17/183
f 2038/19/184 2037/21/184 2036/20/184
f 2036/22/185 2040/24/185 2038/23/185
f 1941/25/179 2039/27/186 2034/26/180
f 2041/28/187 2042/30/187 2038/29/187
f 2041/31/188 2043/33/188 2042/32/188
f 1954/34/189 2041/36/189 2034/35/189
f 2047/37/190 2048/39/190 2046/38/190
f 2046/40/191 2049/42/191 2029/41/191
f 2055/43/401 2054/45/401 2048/44/401
f 2055/46/193 2048/48/193 2053/47/193
f 2055/49/194 2053/51/194 2050/50/194
f 2057/52/195 2054/54/195 2055/53/195
f 2056/55/196 2051/57/196 2055/56/196
f 2051/58/357 2058/60/357 2061/59/357
f 2059/61/198 2049/63/198 2048/62/198
f 2059/64/199 2048/66/199 2054/65/199
f 2063/67/200 2065/69/200 2030/68/200
f 2068/70/201 2065/72/354 2063/71/203
f 2066/73/204 2063/75/204 2030/74/204
f 2066/76/205 2064/78/359 2063/77/203
f 2067/79/207 2069/81/207 2070/80/207
f 2070/82/208 2072/84/208 2068/83/208
f 2069/85/209 2071/87/209 2070/86/209
f 2080/88/210 2072/90/210 2070/89/210
f 2038/91/211 2074/93/211 2035/92/211
f 2035/94/212 2074/96/212 2030/95/212
f 2075/97/213 2064/99/213 2074/98/213
f 2079/100/214 2047/102/214 2046/101/214
f 2082/103/215 2078/105/215 2068/104/215
f 2073/106/216 2081/108/216 2080/107/216
f 2072/109/217 2083/111/217 2082/110/217
f 2080/112/218 2083/114/218 2072/113/218
f 2084/115/368 2085/117/368 2080/116/368
f 2082/118/220 2047/120/220 2078/119/220
f 2083/121/221 2050/123/221 2047/122/221
f 2056/124/222 2050/126/222 2083/125/222
f 2084/127/223 2056/129/223 2085/128/223
f 2081/130/224 2051/132/224 2056/131/224
f 2081/133/225 2056/135/225 2084/134/225
f 2062/136/226 2086/138/226 2044/137/226
f 2087/139/227 2086/141/227 2093/140/227
f 2111/142/228 2090/144/228 2052/143/228
f 2052/145/229 2090/147/229 2051/146/229
f 2091/148/230 2058/150/230 2090/149/230
f 2092/151/231 2091/153/231 2088/152/231
f 2092/154/232 2096/156/232 2094/155/232
f 2091/157/233 2094/159/233 2058/158/233
f 2095/160/234 2093/162/234 2094/161/234
f 2096/163/235 2095/165/235 2094/164/235
f 2096/166/236 2097/168/236 2093/167/236
f 1997/169/237 2087/171/237 2097/170/237
f 2010/172/238 2098/174/238 2089/173/238
f 2098/175/239 2097/177/239 2096/176/239
f 1948/178/240 2097/180/240 2098/179/240
f 2100/181/241 2071/183/241 2069/182/241
f 2107/184/242 2104/186/242 2100/185/242
f 2101/187/243 2109/189/243 2103/188/243
f 2071/190/244 2104/192/244 2073/191/244
f 2107/193/245 2112/195/245 2104/194/245
f 2102/196/246 2110/198/246 2109/197/246
f 2105/199/247 2106/201/247 2043/200/247
f 2077/202/248 2069/204/248 2067/203/248
f 2105/205/369 2102/207/404 2106/206/405
f 2021/208/252 2110/210/252 2102/209/252
f 2103/211/253 2108/213/253 2107/212/253
f 2110/214/254 2089/216/255 2108/215/256
f 2111/217/257 2052/219/257 2081/218/257
f 2111/220/258 2088/222/258 2090/221/258
f 2092/223/259 2088/225/259 2108/224/259
f 2010/226/260 2089/228/260 2028/227/260
f 1941/229/179 2033/231/176 2031/230/178
f 2036/232/261 2033/234/261 2034/233/261
f 2037/235/262 2035/237/262 2032/236/262
f 2035/238/263 2037/240/263 2038/239/263
f 2040/241/264 2036/243/264 2034/242/264
f 2041/244/265 2040/246/265 2034/245/265
f 2041/247/266 2038/249/266 2040/248/266
f 1954/250/267 2034/252/180 2039/251/186
f 1954/253/406 2043/255/406 2041/254/406
f 2044/256/269 2029/258/269 2045/257/269
f 2049/259/270 2046/261/270 2048/260/270
f 2029/262/271 2049/264/271 2045/263/271
f 2060/265/272 2044/267/272 2045/266/272
f 2062/268/273 2044/270/273 2060/269/273
f 2053/271/274 2048/273/274 2047/272/274
f 2050/274/275 2053/276/275 2047/275/275
f 2055/277/276 2050/279/276 2056/278/276
f 2051/280/277 2057/282/277 2055/281/277
f 2051/283/407 2061/285/407 2057/284/407
f 2060/286/279 2059/288/279 2061/287/279
f 2061/289/280 2059/291/280 2054/290/280
f 2061/292/281 2054/294/281 2057/293/281
f 2062/295/282 2060/297/282 2061/296/282
f 2062/298/283 2061/300/283 2058/299/283
f 2045/301/284 2049/303/285 2059/302/286
f 2045/304/284 2059/306/286 2060/305/287
f 2068/307/201 2063/309/203 2064/308/359
f 2070/310/288 2068/312/201 2064/311/359
f 2070/313/289 2064/315/289 2067/314/289
f 2070/316/290 2073/318/290 2080/317/290
f 2071/319/291 2073/321/291 2070/320/291
f 2072/322/292 2082/324/292 2068/323/292
f 2075/325/413 2074/327/413 2038/326/413
f 2077/328/294 2075/330/294 2038/329/294
f 2077/331/295 2038/333/295 2076/332/295
f 2074/334/296 2066/336/296 2030/335/296
f 2064/337/297 2066/339/297 2074/338/297
f 2075/340/298 2067/342/298 2064/341/298
f 2077/343/299 2067/345/299 2075/344/299
f 2078/346/414 2065/348/354 2068/347/201
f 2079/349/301 2065/351/301 2078/350/301
f 2078/352/302 2047/354/302 2079/353/302
f 2085/355/303 2083/357/303 2080/356/303
f 2081/358/304 2084/360/304 2080/359/304
f 2083/361/305 2047/363/305 2082/362/305
f 2056/364/306 2083/366/306 2085/365/306
f 2052/367/307 2051/369/307 2081/368/307
f 2090/370/308 2058/372/308 2051/371/308
f 2088/373/309 2091/375/309 2090/374/309
f 2094/376/310 2091/378/310 2092/377/310
f 2096/379/311 2092/381/311 2098/380/311
f 2098/382/312 2092/384/312 2089/383/312
f 2094/385/313 2062/387/313 2058/386/313
f 2093/388/314 2062/390/314 2094/389/314
f 2086/391/315 2062/393/315 2093/392/315
f 2087/394/316 2093/396/316 2097/395/316
f 2096/397/317 2093/399/317 2095/398/317
f 1997/400/318 2086/402/318 2087/401/318
f 1948/403/319 2098/405/319 2010/404/319
f 1997/406/320 2097/408/320 1948/407/320
f 2106/409/321 2099/411/321 2069/410/321
f 2101/412/415 2099/414/415 2106/413/415
f 2100/415/323 2069/417/323 2099/416/323
f 2101/418/324 2100/420/324 2099/419/324
f 2100/421/325 2104/423/325 2071/422/325
f 2103/424/326 2107/426/326 2100/425/326
f 2103/427/327 2100/429/327 2101/428/327
f 2102/430/328 2109/432/328 2101/431/328
f 2076/433/329 2038/435/329 2042/434/329
f 2106/436/330 2042/438/330 2043/437/330
f 2077/439/331 2076/441/331 2042/440/331
f 2106/442/332 2077/444/332 2042/443/332
f 2106/445/333 2069/447/333 2077/446/333
f 2020/448/409 2102/450/404 2105/449/369
f 2102/451/335 2101/453/335 2106/452/335
f 2020/454/336 2021/456/336 2102/455/336
f 1954/457/337 2105/459/337 2043/458/337
f 2020/460/338 2105/462/338 1954/461/338
f 2104/463/339 2081/465/339 2073/464/339
f 2112/466/340 2081/468/340 2104/467/340
f 2109/469/341 2108/471/341 2103/470/341
f 2112/472/342 2111/474/342 2081/473/342
f 2108/475/343 2112/477/343 2107/476/343
f 2110/478/344 2108/480/344 2109/479/344
f 2108/481/345 2111/483/345 2112/482/345
f 2108/484/346 2088/486/346 2111/485/346
f 2089/487/255 2092/489/347 2108/488/256
f 2028/490/348 2089/492/348 2110/491/348
f 2021/493/349 2028/495/349 2110/494/349
f 2115/1/1 2114/2/1 2116/3/1
f 2118/4/2 2115/5/2 2116/6/2
f 2117/7/3 2118/8/4 2119/9/5
f 2116/10/6 2114/11/6 2120/12/6
f 2118/13/7 2116/14/7 2122/15/7
f 2121/16/8 2118/17/8 2122/18/8
f 2123/19/9 2121/20/9 2122/21/9
f 2121/22/10 2123/23/10 2126/24/10
f 2117/25/3 2119/26/5 2125/27/11
f 2127/28/12 2123/29/12 2128/30/12
f 2127/31/13 2128/32/13 2129/33/13
f 2130/34/14 2119/35/14 2127/36/14
f 2134/37/15 2133/38/15 2135/39/15
f 2133/40/16 2113/41/16 2136/42/16
f 2142/43/410 2135/44/410 2141/45/410
f 2142/46/18 2140/47/18 2135/48/18
f 2142/49/19 2137/50/19 2140/51/19
f 2144/52/20 2142/53/20 2141/54/20
f 2143/55/21 2142/56/21 2138/57/21
f 2138/58/22 2148/59/22 2145/60/22
f 2146/61/416 2135/62/416 2136/63/416
f 2146/64/24 2141/65/24 2135/66/24
f 2150/67/25 2114/68/25 2152/69/25
f 2155/70/26 2150/71/27 2152/72/28
f 2153/73/29 2114/74/29 2150/75/29
f 2153/76/30 2150/77/27 2151/78/31
f 2154/79/32 2157/80/32 2156/81/32
f 2157/82/33 2155/83/33 2159/84/33
f 2156/85/34 2157/86/34 2158/87/34
f 2167/88/35 2157/89/35 2159/90/35
f 2123/91/36 2120/92/36 2161/93/36
f 2120/94/37 2114/95/37 2161/96/37
f 2162/97/38 2161/98/38 2151/99/38
f 2166/100/39 2133/101/39 2134/102/39
f 2169/103/40 2155/104/40 2165/105/40
f 2160/106/41 2167/107/41 2168/108/41
f 2159/109/42 2169/110/42 2170/111/42
f 2167/112/43 2159/113/43 2170/114/43
f 2171/115/356 2167/116/356 2172/117/356
f 2169/118/45 2165/119/45 2134/120/45
f 2170/121/46 2134/122/46 2137/123/46
f 2143/124/47 2170/125/47 2137/126/47
f 2171/127/48 2172/128/48 2143/129/48
f 2168/130/49 2143/131/49 2138/132/49
f 2168/133/50 2171/134/50 2143/135/50
f 2149/136/51 2131/137/51 2174/138/51
f 2175/139/52 2181/140/52 2174/141/52
f 2202/142/53 2139/143/53 2178/144/53
f 2139/145/54 2138/146/54 2178/147/54
f 2179/148/55 2178/149/55 2145/150/55
f 2180/151/56 2176/152/56 2179/153/56
f 2180/154/57 2182/155/57 2184/156/57
f 2179/157/58 2145/158/58 2182/159/58
f 2183/160/59 2182/161/59 2181/162/59
f 2184/163/60 2182/164/60 2183/165/60
f 2184/166/61 2181/167/61 2185/168/61
f 2173/169/62 2185/170/62 2175/171/62
f 2186/172/63 2177/173/63 2187/174/63
f 2187/175/64 2184/176/64 2185/177/64
f 2124/178/65 2187/179/65 2185/180/65
f 2189/181/66 2156/182/66 2158/183/66
f 2198/184/373 2189/185/373 2193/186/373
f 2190/187/68 2192/188/68 2200/189/68
f 2158/190/69 2160/191/69 2193/192/69
f 2198/193/70 2193/194/70 2203/195/70
f 2191/196/71 2200/197/71 2201/198/71
f 2194/199/72 2129/200/72 2195/201/72
f 2164/202/73 2154/203/73 2156/204/73
f 2194/205/74 2195/206/75 2191/207/76
f 2197/208/77 2191/209/77 2201/210/77
f 2192/211/78 2198/212/78 2199/213/78
f 2201/214/79 2199/215/80 2177/216/81
f 2202/217/82 2168/218/82 2139/219/82
f 2202/220/83 2178/221/83 2176/222/83
f 2180/223/84 2199/224/84 2176/225/84
f 2186/226/85 2204/227/85 2177/228/85
f 2117/229/3 2115/230/4 2118/231/4
f 2121/232/86 2119/233/86 2118/234/86
f 2122/235/87 2116/236/87 2120/237/87
f 2120/238/88 2123/239/88 2122/240/88
f 2126/241/89 2119/242/89 2121/243/89
f 2127/244/90 2119/245/90 2126/246/90
f 2127/247/91 2126/248/91 2123/249/91
f 2130/250/92 2125/251/11 2119/252/5
f 2130/253/417 2127/254/417 2129/255/417
f 2131/256/94 2132/257/94 2113/258/94
f 2136/259/95 2135/260/95 2133/261/95
f 2113/262/96 2132/263/96 2136/264/96
f 2147/265/97 2132/266/97 2131/267/97
f 2149/268/418 2147/269/418 2131/270/418
f 2140/271/99 2134/272/99 2135/273/99
f 2137/274/100 2134/275/100 2140/276/100
f 2142/277/101 2143/278/101 2137/279/101
f 2138/280/102 2142/281/102 2144/282/102
f 2138/283/411 2144/284/411 2148/285/411
f 2147/286/104 2148/287/104 2146/288/104
f 2148/289/105 2141/290/105 2146/291/105
f 2148/292/106 2144/293/106 2141/294/106
f 2149/295/107 2148/296/107 2147/297/107
f 2149/298/108 2145/299/108 2148/300/108
f 2132/301/109 2146/302/110 2136/303/111
f 2132/304/109 2147/305/112 2146/306/110
f 2155/307/26 2151/308/31 2150/309/27
f 2157/310/113 2151/311/31 2155/312/26
f 2157/313/114 2154/314/114 2151/315/114
f 2157/316/115 2167/317/115 2160/318/115
f 2158/319/116 2157/320/116 2160/321/116
f 2159/322/117 2155/323/117 2169/324/117
f 2162/325/366 2123/326/366 2161/327/366
f 2164/328/119 2123/329/119 2162/330/119
f 2164/331/120 2163/332/120 2123/333/120
f 2161/334/121 2114/335/121 2153/336/121
f 2151/337/122 2161/338/122 2153/339/122
f 2162/340/123 2151/341/123 2154/342/123
f 2164/343/124 2162/344/124 2154/345/124
f 2165/346/419 2155/347/26 2152/348/28
f 2166/349/126 2165/350/126 2152/351/126
f 2165/352/420 2166/353/420 2134/354/420
f 2172/355/128 2167/356/128 2170/357/128
f 2168/358/129 2167/359/129 2171/360/129
f 2170/361/130 2169/362/130 2134/363/130
f 2143/364/131 2172/365/131 2170/366/131
f 2139/367/132 2168/368/132 2138/369/132
f 2178/370/133 2138/371/133 2145/372/133
f 2176/373/134 2178/374/134 2179/375/134
f 2182/376/135 2180/377/135 2179/378/135
f 2184/379/136 2187/380/136 2180/381/136
f 2187/382/137 2177/383/137 2180/384/137
f 2182/385/138 2145/386/138 2149/387/138
f 2181/388/139 2182/389/139 2149/390/139
f 2174/391/140 2181/392/140 2149/393/140
f 2175/394/141 2185/395/141 2181/396/141
f 2184/397/142 2183/398/142 2181/399/142
f 2173/400/143 2175/401/143 2174/402/143
f 2124/403/144 2186/404/144 2187/405/144
f 2173/406/145 2124/407/145 2185/408/145
f 2195/409/146 2156/410/146 2188/411/146
f 2190/412/398 2195/413/398 2188/414/398
f 2189/415/148 2188/416/148 2156/417/148
f 2190/418/149 2188/419/149 2189/420/149
f 2189/421/150 2158/422/150 2193/423/150
f 2192/424/151 2189/425/151 2198/426/151
f 2192/427/152 2190/428/152 2189/429/152
f 2191/430/153 2190/431/153 2200/432/153
f 2163/433/154 2128/434/154 2123/435/154
f 2195/436/155 2129/437/155 2128/438/155
f 2164/439/156 2128/440/156 2163/441/156
f 2195/442/157 2128/443/157 2164/444/157
f 2195/445/158 2164/446/158 2156/447/158
f 2196/448/159 2194/449/74 2191/450/76
f 2191/451/160 2195/452/160 2190/453/160
f 2196/454/161 2191/455/161 2197/456/161
f 2130/457/162 2129/458/162 2194/459/162
f 2196/460/163 2130/461/163 2194/462/163
f 2193/463/164 2160/464/164 2168/465/164
f 2203/466/165 2193/467/165 2168/468/165
f 2200/469/166 2192/470/166 2199/471/166
f 2203/472/167 2168/473/167 2202/474/167
f 2199/475/168 2198/476/168 2203/477/168
f 2201/478/169 2200/479/169 2199/480/169
f 2199/481/170 2203/482/170 2202/483/170
f 2199/484/171 2202/485/171 2176/486/171
f 2177/487/81 2199/488/80 2180/489/172
f 2204/490/173 2201/491/173 2177/492/173
f 2197/493/174 2201/494/174 2204/495/174
f 2207/1/175 2208/3/175 2206/2/175
f 2209/4/176 2208/6/177 2207/5/178
f 2117/7/179 2210/9/180 2209/8/176
f 2208/10/181 2211/12/181 2206/11/181
f 2209/13/182 2213/15/182 2208/14/182
f 2212/16/183 2213/18/183 2209/17/183
f 2214/19/184 2213/21/184 2212/20/184
f 2212/22/185 2216/24/185 2214/23/185
f 2117/25/179 2215/27/186 2210/26/180
f 2217/28/187 2218/30/187 2214/29/187
f 2217/31/188 2219/33/188 2218/32/188
f 2130/34/189 2217/36/189 2210/35/189
f 2223/37/190 2224/39/190 2222/38/190
f 2222/40/191 2225/42/191 2205/41/191
f 2231/43/401 2230/45/401 2224/44/401
f 2231/46/193 2224/48/193 2229/47/193
f 2231/49/194 2229/51/194 2226/50/194
f 2233/52/195 2230/54/195 2231/53/195
f 2232/55/196 2227/57/196 2231/56/196
f 2227/58/357 2234/60/357 2237/59/357
f 2235/61/421 2225/63/421 2224/62/421
f 2235/64/199 2224/66/199 2230/65/199
f 2239/67/200 2241/69/200 2206/68/200
f 2244/70/201 2241/72/354 2239/71/203
f 2242/73/204 2239/75/204 2206/74/204
f 2242/76/205 2240/78/206 2239/77/203
f 2243/79/207 2245/81/207 2246/80/207
f 2246/82/208 2248/84/208 2244/83/208
f 2245/85/209 2247/87/209 2246/86/209
f 2256/88/210 2248/90/210 2246/89/210
f 2214/91/211 2250/93/211 2211/92/211
f 2211/94/212 2250/96/212 2206/95/212
f 2251/97/213 2240/99/213 2250/98/213
f 2255/100/214 2223/102/214 2222/101/214
f 2258/103/215 2254/105/215 2244/104/215
f 2249/106/216 2257/108/216 2256/107/216
f 2248/109/217 2259/111/217 2258/110/217
f 2256/112/218 2259/114/218 2248/113/218
f 2260/115/368 2261/117/368 2256/116/368
f 2258/118/220 2223/120/220 2254/119/220
f 2259/121/221 2226/123/221 2223/122/221
f 2232/124/222 2226/126/222 2259/125/222
f 2260/127/223 2232/129/223 2261/128/223
f 2257/130/224 2227/132/224 2232/131/224
f 2257/133/225 2232/135/225 2260/134/225
f 2238/136/226 2262/138/226 2220/137/226
f 2263/139/227 2262/141/227 2269/140/227
f 2287/142/228 2266/144/228 2228/143/228
f 2228/145/229 2266/147/229 2227/146/229
f 2267/148/230 2234/150/230 2266/149/230
f 2268/151/231 2267/153/231 2264/152/231
f 2268/154/232 2272/156/232 2270/155/232
f 2267/157/233 2270/159/233 2234/158/233
f 2271/160/422 2269/162/422 2270/161/422
f 2272/163/235 2271/165/235 2270/164/235
f 2272/166/236 2273/168/236 2269/167/236
f 2173/169/237 2263/171/237 2273/170/237
f 2186/172/238 2274/174/238 2265/173/238
f 2274/175/239 2273/177/239 2272/176/239
f 2124/178/240 2273/180/240 2274/179/240
f 2276/181/241 2247/183/241 2245/182/241
f 2283/184/242 2280/186/242 2276/185/242
f 2277/187/243 2285/189/243 2279/188/243
f 2247/190/244 2280/192/244 2249/191/244
f 2283/193/245 2288/195/245 2280/194/245
f 2278/196/246 2286/198/246 2285/197/246
f 2281/199/247 2282/201/247 2219/200/247
f 2253/202/248 2245/204/248 2243/203/248
f 2281/205/423 2278/207/424 2282/206/251
f 2197/208/252 2286/210/252 2278/209/252
f 2279/211/253 2284/213/253 2283/212/253
f 2286/214/254 2265/216/255 2284/215/256
f 2287/217/257 2228/219/257 2257/218/257
f 2287/220/258 2264/222/258 2266/221/258
f 2268/223/259 2264/225/259 2284/224/259
f 2186/226/260 2265/228/260 2204/227/260
f 2117/229/179 2209/231/176 2207/230/178
f 2212/232/261 2209/234/261 2210/233/261
f 2213/235/425 2211/237/425 2208/236/425
f 2211/238/263 2213/240/263 2214/239/263
f 2216/241/264 2212/243/264 2210/242/264
f 2217/244/265 2216/246/265 2210/245/265
f 2217/247/266 2214/249/266 2216/248/266
f 2130/250/267 2210/252/180 2215/251/186
f 2130/253/268 2219/255/268 2217/254/268
f 2220/256/269 2205/258/269 2221/257/269
f 2225/259/270 2222/261/270 2224/260/270
f 2205/262/271 2225/264/271 2221/263/271
f 2236/265/272 2220/267/272 2221/266/272
f 2238/268/426 2220/270/426 2236/269/426
f 2229/271/274 2224/273/274 2223/272/274
f 2226/274/275 2229/276/275 2223/275/275
f 2231/277/276 2226/279/276 2232/278/276
f 2227/280/277 2233/282/277 2231/281/277
f 2227/283/278 2237/285/278 2233/284/278
f 2236/286/279 2235/288/279 2237/287/279
f 2237/289/280 2235/291/280 2230/290/280
f 2237/292/281 2230/294/281 2233/293/281
f 2238/295/282 2236/297/282 2237/296/282
f 2238/298/283 2237/300/283 2234/299/283
f 2221/301/284 2225/303/285 2235/302/286
f 2221/304/284 2235/306/286 2236/305/287
f 2244/307/201 2239/309/203 2240/308/206
f 2246/310/288 2244/312/201 2240/311/206
f 2246/313/289 2240/315/289 2243/314/289
f 2246/316/290 2249/318/290 2256/317/290
f 2247/319/291 2249/321/291 2246/320/291
f 2248/322/292 2258/324/292 2244/323/292
f 2251/325/293 2250/327/293 2214/326/293
f 2253/328/294 2251/330/294 2214/329/294
f 2253/331/295 2214/333/295 2252/332/295
f 2250/334/296 2242/336/296 2206/335/296
f 2240/337/297 2242/339/297 2250/338/297
f 2251/340/298 2243/342/298 2240/341/298
f 2253/343/299 2243/345/299 2251/344/299
f 2254/346/300 2241/348/354 2244/347/201
f 2255/349/301 2241/351/301 2254/350/301
f 2254/352/302 2223/354/302 2255/353/302
f 2261/355/303 2259/357/303 2256/356/303
f 2257/358/304 2260/360/304 2256/359/304
f 2259/361/305 2223/363/305 2258/362/305
f 2232/364/306 2259/366/306 2261/365/306
f 2228/367/307 2227/369/307 2257/368/307
f 2266/370/308 2234/372/308 2227/371/308
f 2264/373/309 2267/375/309 2266/374/309
f 2270/376/310 2267/378/310 2268/377/310
f 2272/379/311 2268/381/311 2274/380/311
f 2274/382/312 2268/384/312 2265/383/312
f 2270/385/313 2238/387/313 2234/386/313
f 2269/388/314 2238/390/314 2270/389/314
f 2262/391/315 2238/393/315 2269/392/315
f 2263/394/316 2269/396/316 2273/395/316
f 2272/397/408 2269/399/408 2271/398/408
f 2173/400/318 2262/402/318 2263/401/318
f 2124/403/319 2274/405/319 2186/404/319
f 2173/406/320 2273/408/320 2124/407/320
f 2282/409/321 2275/411/321 2245/410/321
f 2277/412/322 2275/414/322 2282/413/322
f 2276/415/362 2245/417/362 2275/416/362
f 2277/418/324 2276/420/324 2275/419/324
f 2276/421/325 2280/423/325 2247/422/325
f 2279/424/326 2283/426/326 2276/425/326
f 2279/427/327 2276/429/327 2277/428/327
f 2278/430/328 2285/432/328 2277/431/328
f 2252/433/329 2214/435/329 2218/434/329
f 2282/436/330 2218/438/330 2219/437/330
f 2253/439/331 2252/441/331 2218/440/331
f 2282/442/332 2253/444/332 2218/443/332
f 2282/445/333 2245/447/333 2253/446/333
f 2196/448/334 2278/450/424 2281/449/423
f 2278/451/335 2277/453/335 2282/452/335
f 2196/454/336 2197/456/336 2278/455/336
f 2130/457/337 2281/459/337 2219/458/337
f 2196/460/338 2281/462/338 2130/461/338
f 2280/463/339 2257/465/339 2249/464/339
f 2288/466/340 2257/468/340 2280/467/340
f 2285/469/341 2284/471/341 2279/470/341
f 2288/472/342 2287/474/342 2257/473/342
f 2284/475/343 2288/477/343 2283/476/343
f 2286/478/344 2284/480/344 2285/479/344
f 2284/481/345 2287/483/345 2288/482/345
f 2284/484/346 2264/486/346 2287/485/346
f 2265/487/255 2268/489/347 2284/488/256
f 2204/490/348 2265/492/348 2286/491/348
f 2197/493/349 2204/495/349 2286/494/349
f 2291/1/1 2290/2/1 2292/3/1
f 2294/4/2 2291/5/2 2292/6/2
f 2293/7/3 2294/8/4 2295/9/5
f 2292/10/6 2290/11/6 2296/12/6
f 2294/13/7 2292/14/7 2298/15/7
f 2297/16/8 2294/17/8 2298/18/8
f 2299/19/9 2297/20/9 2298/21/9
f 2297/22/10 2299/23/10 2302/24/10
f 2293/25/3 2295/26/5 2301/27/11
f 2303/28/12 2299/29/12 2304/30/12
f 2303/31/13 2304/32/13 2305/33/13
f 2306/34/14 2295/35/14 2303/36/14
f 2310/37/15 2309/38/15 2311/39/15
f 2309/40/16 2289/41/16 2312/42/16
f 2318/43/410 2311/44/410 2317/45/410
f 2318/46/18 2316/47/18 2311/48/18
f 2318/49/19 2313/50/19 2316/51/19
f 2320/52/20 2318/53/20 2317/54/20
f 2319/55/21 2318/56/21 2314/57/21
f 2314/58/372 2324/59/372 2321/60/372
f 2322/61/416 2311/62/416 2312/63/416
f 2322/64/24 2317/65/24 2311/66/24
f 2326/67/25 2290/68/25 2328/69/25
f 2331/70/26 2326/71/27 2328/72/28
f 2329/73/29 2290/74/29 2326/75/29
f 2329/76/30 2326/77/27 2327/78/351
f 2330/79/32 2333/80/32 2332/81/32
f 2333/82/33 2331/83/33 2335/84/33
f 2332/85/34 2333/86/34 2334/87/34
f 2343/88/35 2333/89/35 2335/90/35
f 2299/91/36 2296/92/36 2337/93/36
f 2296/94/37 2290/95/37 2337/96/37
f 2338/97/38 2337/98/38 2327/99/38
f 2342/100/39 2309/101/39 2310/102/39
f 2345/103/40 2331/104/40 2341/105/40
f 2336/106/41 2343/107/41 2344/108/41
f 2335/109/42 2345/110/42 2346/111/42
f 2343/112/43 2335/113/43 2346/114/43
f 2347/115/44 2343/116/44 2348/117/44
f 2345/118/45 2341/119/45 2310/120/45
f 2346/121/46 2310/122/46 2313/123/46
f 2319/124/47 2346/125/47 2313/126/47
f 2347/127/48 2348/128/48 2319/129/48
f 2344/130/49 2319/131/49 2314/132/49
f 2344/133/50 2347/134/50 2319/135/50
f 2325/136/51 2307/137/51 2350/138/51
f 2351/139/52 2357/140/52 2350/141/52
f 2378/142/53 2315/143/53 2354/144/53
f 2315/145/54 2314/146/54 2354/147/54
f 2355/148/55 2354/149/55 2321/150/55
f 2356/151/56 2352/152/56 2355/153/56
f 2356/154/57 2358/155/57 2360/156/57
f 2355/157/58 2321/158/58 2358/159/58
f 2359/160/59 2358/161/59 2357/162/59
f 2360/163/60 2358/164/60 2359/165/60
f 2360/166/61 2357/167/61 2361/168/61
f 2349/169/62 2361/170/62 2351/171/62
f 2362/172/63 2353/173/63 2363/174/63
f 2363/175/64 2360/176/64 2361/177/64
f 2300/178/65 2363/179/65 2361/180/65
f 2365/181/66 2332/182/66 2334/183/66
f 2374/184/373 2365/185/373 2369/186/373
f 2366/187/68 2368/188/68 2376/189/68
f 2334/190/69 2336/191/69 2369/192/69
f 2374/193/70 2369/194/70 2379/195/70
f 2367/196/71 2376/197/71 2377/198/71
f 2370/199/72 2305/200/72 2371/201/72
f 2340/202/73 2330/203/73 2332/204/73
f 2370/205/74 2371/206/391 2367/207/427
f 2373/208/77 2367/209/77 2377/210/77
f 2368/211/78 2374/212/78 2375/213/78
f 2377/214/79 2375/215/80 2353/216/81
f 2378/217/82 2344/218/82 2315/219/82
f 2378/220/83 2354/221/83 2352/222/83
f 2356/223/84 2375/224/84 2352/225/84
f 2362/226/85 2380/227/85 2353/228/85
f 2293/229/3 2291/230/4 2294/231/4
f 2297/232/86 2295/233/86 2294/234/86
f 2298/235/87 2292/236/87 2296/237/87
f 2296/238/88 2299/239/88 2298/240/88
f 2302/241/89 2295/242/89 2297/243/89
f 2303/244/90 2295/245/90 2302/246/90
f 2303/247/91 2302/248/91 2299/249/91
f 2306/250/92 2301/251/11 2295/252/5
f 2306/253/93 2303/254/93 2305/255/93
f 2307/256/94 2308/257/94 2289/258/94
f 2312/259/95 2311/260/95 2309/261/95
f 2289/262/96 2308/263/96 2312/264/96
f 2323/265/97 2308/266/97 2307/267/97
f 2325/268/98 2323/269/98 2307/270/98
f 2316/271/99 2310/272/99 2311/273/99
f 2313/274/100 2310/275/100 2316/276/100
f 2318/277/101 2319/278/101 2313/279/101
f 2314/280/102 2318/281/102 2320/282/102
f 2314/283/103 2320/284/103 2324/285/103
f 2323/286/104 2324/287/104 2322/288/104
f 2324/289/105 2317/290/105 2322/291/105
f 2324/292/106 2320/293/106 2317/294/106
f 2325/295/107 2324/296/107 2323/297/107
f 2325/298/108 2321/299/108 2324/300/108
f 2308/301/109 2322/302/110 2312/303/111
f 2308/304/109 2323/305/112 2322/306/110
f 2331/307/26 2327/308/351 2326/309/27
f 2333/310/113 2327/311/351 2331/312/26
f 2333/313/114 2330/314/114 2327/315/114
f 2333/316/115 2343/317/115 2336/318/115
f 2334/319/116 2333/320/116 2336/321/116
f 2335/322/117 2331/323/117 2345/324/117
f 2338/325/366 2299/326/366 2337/327/366
f 2340/328/119 2299/329/119 2338/330/119
f 2340/331/120 2339/332/120 2299/333/120
f 2337/334/121 2290/335/121 2329/336/121
f 2327/337/122 2337/338/122 2329/339/122
f 2338/340/123 2327/341/123 2330/342/123
f 2340/343/124 2338/344/124 2330/345/124
f 2341/346/125 2331/347/26 2328/348/28
f 2342/349/126 2341/350/126 2328/351/126
f 2341/352/127 2342/353/127 2310/354/127
f 2348/355/128 2343/356/128 2346/357/128
f 2344/358/129 2343/359/129 2347/360/129
f 2346/361/130 2345/362/130 2310/363/130
f 2319/364/131 2348/365/131 2346/366/131
f 2315/367/132 2344/368/132 2314/369/132
f 2354/370/133 2314/371/133 2321/372/133
f 2352/373/134 2354/374/134 2355/375/134
f 2358/376/135 2356/377/135 2355/378/135
f 2360/379/136 2363/380/136 2356/381/136
f 2363/382/137 2353/383/137 2356/384/137
f 2358/385/138 2321/386/138 2325/387/138
f 2357/388/139 2358/389/139 2325/390/139
f 2350/391/140 2357/392/140 2325/393/140
f 2351/394/141 2361/395/141 2357/396/141
f 2360/397/397 2359/398/397 2357/399/397
f 2349/400/143 2351/401/143 2350/402/143
f 2300/403/144 2362/404/144 2363/405/144
f 2349/406/145 2300/407/145 2361/408/145
f 2371/409/146 2332/410/146 2364/411/146
f 2366/412/398 2371/413/398 2364/414/398
f 2365/415/148 2364/416/148 2332/417/148
f 2366/418/149 2364/419/149 2365/420/149
f 2365/421/150 2334/422/150 2369/423/150
f 2368/424/151 2365/425/151 2374/426/151
f 2368/427/152 2366/428/152 2365/429/152
f 2367/430/153 2366/431/153 2376/432/153
f 2339/433/154 2304/434/154 2299/435/154
f 2371/436/155 2305/437/155 2304/438/155
f 2340/439/156 2304/440/156 2339/441/156
f 2371/442/157 2304/443/157 2340/444/157
f 2371/445/158 2340/446/158 2332/447/158
f 2372/448/428 2370/449/74 2367/450/427
f 2367/451/160 2371/452/160 2366/453/160
f 2372/454/161 2367/455/161 2373/456/161
f 2306/457/162 2305/458/162 2370/459/162
f 2372/460/163 2306/461/163 2370/462/163
f 2369/463/164 2336/464/164 2344/465/164
f 2379/466/165 2369/467/165 2344/468/165
f 2376/469/166 2368/470/166 2375/471/166
f 2379/472/167 2344/473/167 2378/474/167
f 2375/475/168 2374/476/168 2379/477/168
f 2377/478/169 2376/479/169 2375/480/169
f 2375/481/170 2379/482/170 2378/483/170
f 2375/484/171 2378/485/171 2352/486/171
f 2353/487/81 2375/488/80 2356/489/172
f 2380/490/173 2377/491/173 2353/492/173
f 2373/493/174 2377/494/174 2380/495/174
f 2383/1/175 2384/3/175 2382/2/175
f 2385/4/176 2384/6/177 2383/5/178
f 2293/7/179 2386/9/180 2385/8/176
f 2384/10/181 2387/12/181 2382/11/181
f 2385/13/182 2389/15/182 2384/14/182
f 2388/16/183 2389/18/183 2385/17/183
f 2390/19/184 2389/21/184 2388/20/184
f 2388/22/185 2392/24/185 2390/23/185
f 2293/25/179 2391/27/186 2386/26/180
f 2393/28/187 2394/30/187 2390/29/187
f 2393/31/188 2395/33/188 2394/32/188
f 2306/34/189 2393/36/189 2386/35/189
f 2399/37/190 2400/39/190 2398/38/190
f 2398/40/191 2401/42/191 2381/41/191
f 2407/43/401 2406/45/401 2400/44/401
f 2407/46/193 2400/48/193 2405/47/193
f 2407/49/194 2405/51/194 2402/50/194
f 2409/52/195 2406/54/195 2407/53/195
f 2408/55/196 2403/57/196 2407/56/196
f 2403/58/197 2410/60/197 2413/59/197
f 2411/61/198 2401/63/198 2400/62/198
f 2411/64/199 2400/66/199 2406/65/199
f 2415/67/429 2417/69/429 2382/68/429
f 2420/70/201 2417/72/354 2415/71/203
f 2418/73/430 2415/75/430 2382/74/430
f 2418/76/205 2416/78/359 2415/77/203
f 2419/79/207 2421/81/207 2422/80/207
f 2422/82/208 2424/84/208 2420/83/208
f 2421/85/209 2423/87/209 2422/86/209
f 2432/88/210 2424/90/210 2422/89/210
f 2390/91/211 2426/93/211 2387/92/211
f 2387/94/212 2426/96/212 2382/95/212
f 2427/97/213 2416/99/213 2426/98/213
f 2431/100/214 2399/102/214 2398/101/214
f 2434/103/215 2430/105/215 2420/104/215
f 2425/106/216 2433/108/216 2432/107/216
f 2424/109/217 2435/111/217 2434/110/217
f 2432/112/218 2435/114/218 2424/113/218
f 2436/115/368 2437/117/368 2432/116/368
f 2434/118/220 2399/120/220 2430/119/220
f 2435/121/221 2402/123/221 2399/122/221
f 2408/124/222 2402/126/222 2435/125/222
f 2436/127/223 2408/129/223 2437/128/223
f 2433/130/224 2403/132/224 2408/131/224
f 2433/133/225 2408/135/225 2436/134/225
f 2414/136/226 2438/138/226 2396/137/226
f 2439/139/227 2438/141/227 2445/140/227
f 2463/142/228 2442/144/228 2404/143/228
f 2404/145/229 2442/147/229 2403/146/229
f 2443/148/230 2410/150/230 2442/149/230
f 2444/151/231 2443/153/231 2440/152/231
f 2444/154/232 2448/156/232 2446/155/232
f 2443/157/233 2446/159/233 2410/158/233
f 2447/160/234 2445/162/234 2446/161/234
f 2448/163/235 2447/165/235 2446/164/235
f 2448/166/236 2449/168/236 2445/167/236
f 2349/169/237 2439/171/237 2449/170/237
f 2362/172/238 2450/174/238 2441/173/238
f 2450/175/239 2449/177/239 2448/176/239
f 2300/178/240 2449/180/240 2450/179/240
f 2452/181/241 2423/183/241 2421/182/241
f 2459/184/403 2456/186/403 2452/185/403
f 2453/187/243 2461/189/243 2455/188/243
f 2423/190/244 2456/192/244 2425/191/244
f 2459/193/245 2464/195/245 2456/194/245
f 2454/196/246 2462/198/246 2461/197/246
f 2457/199/247 2458/201/247 2395/200/247
f 2429/202/248 2421/204/248 2419/203/248
f 2457/205/249 2454/207/404 2458/206/405
f 2373/208/252 2462/210/252 2454/209/252
f 2455/211/253 2460/213/253 2459/212/253
f 2462/214/254 2441/216/255 2460/215/256
f 2463/217/257 2404/219/257 2433/218/257
f 2463/220/258 2440/222/258 2442/221/258
f 2444/223/259 2440/225/259 2460/224/259
f 2362/226/260 2441/228/260 2380/227/260
f 2293/229/179 2385/231/176 2383/230/178
f 2388/232/261 2385/234/261 2386/233/261
f 2389/235/262 2387/237/262 2384/236/262
f 2387/238/263 2389/240/263 2390/239/263
f 2392/241/264 2388/243/264 2386/242/264
f 2393/244/265 2392/246/265 2386/245/265
f 2393/247/266 2390/249/266 2392/248/266
f 2306/250/267 2386/252/180 2391/251/186
f 2306/253/406 2395/255/406 2393/254/406
f 2396/256/269 2381/258/269 2397/257/269
f 2401/259/270 2398/261/270 2400/260/270
f 2381/262/271 2401/264/271 2397/263/271
f 2412/265/272 2396/267/272 2397/266/272
f 2414/268/273 2396/270/273 2412/269/273
f 2405/271/274 2400/273/274 2399/272/274
f 2402/274/275 2405/276/275 2399/275/275
f 2407/277/276 2402/279/276 2408/278/276
f 2403/280/277 2409/282/277 2407/281/277
f 2403/283/278 2413/285/278 2409/284/278
f 2412/286/279 2411/288/279 2413/287/279
f 2413/289/280 2411/291/280 2406/290/280
f 2413/292/281 2406/294/281 2409/293/281
f 2414/295/282 2412/297/282 2413/296/282
f 2414/298/283 2413/300/283 2410/299/283
f 2397/301/284 2401/303/285 2411/302/286
f 2397/304/284 2411/306/286 2412/305/287
f 2420/307/201 2415/309/203 2416/308/359
f 2422/310/288 2420/312/201 2416/311/359
f 2422/313/289 2416/315/289 2419/314/289
f 2422/316/290 2425/318/290 2432/317/290
f 2423/319/291 2425/321/291 2422/320/291
f 2424/322/292 2434/324/292 2420/323/292
f 2427/325/293 2426/327/293 2390/326/293
f 2429/328/294 2427/330/294 2390/329/294
f 2429/331/295 2390/333/295 2428/332/295
f 2426/334/296 2418/336/296 2382/335/296
f 2416/337/297 2418/339/297 2426/338/297
f 2427/340/298 2419/342/298 2416/341/298
f 2429/343/299 2419/345/299 2427/344/299
f 2430/346/300 2417/348/354 2420/347/201
f 2431/349/301 2417/351/301 2430/350/301
f 2430/352/302 2399/354/302 2431/353/302
f 2437/355/303 2435/357/303 2432/356/303
f 2433/358/304 2436/360/304 2432/359/304
f 2435/361/305 2399/363/305 2434/362/305
f 2408/364/306 2435/366/306 2437/365/306
f 2404/367/307 2403/369/307 2433/368/307
f 2442/370/308 2410/372/308 2403/371/308
f 2440/373/309 2443/375/309 2442/374/309
f 2446/376/310 2443/378/310 2444/377/310
f 2448/379/311 2444/381/311 2450/380/311
f 2450/382/431 2444/384/431 2441/383/431
f 2446/385/313 2414/387/313 2410/386/313
f 2445/388/314 2414/390/314 2446/389/314
f 2438/391/315 2414/393/315 2445/392/315
f 2439/394/316 2445/396/316 2449/395/316
f 2448/397/408 2445/399/408 2447/398/408
f 2349/400/318 2438/402/318 2439/401/318
f 2300/403/319 2450/405/319 2362/404/319
f 2349/406/320 2449/408/320 2300/407/320
f 2458/409/321 2451/411/321 2421/410/321
f 2453/412/322 2451/414/322 2458/413/322
f 2452/415/323 2421/417/323 2451/416/323
f 2453/418/324 2452/420/324 2451/419/324
f 2452/421/325 2456/423/325 2423/422/325
f 2455/424/326 2459/426/326 2452/425/326
f 2455/427/327 2452/429/327 2453/428/327
f 2454/430/328 2461/432/328 2453/431/328
f 2428/433/329 2390/435/329 2394/434/329
f 2458/436/330 2394/438/330 2395/437/330
f 2429/439/331 2428/441/331 2394/440/331
f 2458/442/332 2429/444/332 2394/443/332
f 2458/445/333 2421/447/333 2429/446/333
f 2372/448/409 2454/450/404 2457/449/249
f 2454/451/335 2453/453/335 2458/452/335
f 2372/454/336 2373/456/336 2454/455/336
f 2306/457/337 2457/459/337 2395/458/337
f 2372/460/338 2457/462/338 2306/461/338
f 2456/463/339 2433/465/339 2425/464/339
f 2464/466/340 2433/468/340 2456/467/340
f 2461/469/341 2460/471/341 2455/470/341
f 2464/472/342 2463/474/342 2433/473/342
f 2460/475/343 2464/477/343 2459/476/343
f 2462/478/344 2460/480/344 2461/479/344
f 2460/481/345 2463/483/345 2464/482/345
f 2460/484/346 2440/486/346 2463/485/346
f 2441/487/255 2444/489/347 2460/488/256
f 2380/490/348 2441/492/348 2462/491/348
f 2373/493/349 2380/495/349 2462/494/349
f 2467/1/1 2466/2/1 2468/3/1
f 2470/4/2 2467/5/2 2468/6/2
f 2469/7/3 2470/8/4 2471/9/5
f 2468/10/6 2466/11/6 2472/12/6
f 2470/13/7 2468/14/7 2474/15/7
f 2473/16/8 2470/17/8 2474/18/8
f 2475/19/9 2473/20/9 2474/21/9
f 2473/22/10 2475/23/10 2478/24/10
f 2469/25/3 2471/26/5 2477/27/11
f 2479/28/12 2475/29/12 2480/30/12
f 2479/31/13 2480/32/13 2481/33/13
f 2482/34/14 2471/35/14 2479/36/14
f 2486/37/15 2485/38/15 2487/39/15
f 2485/40/16 2465/41/16 2488/42/16
f 2494/43/410 2487/44/410 2493/45/410
f 2494/46/18 2492/47/18 2487/48/18
f 2494/49/19 2489/50/19 2492/51/19
f 2496/52/20 2494/53/20 2493/54/20
f 2495/55/21 2494/56/21 2490/57/21
f 2490/58/372 2500/59/372 2497/60/372
f 2498/61/23 2487/62/23 2488/63/23
f 2498/64/24 2493/65/24 2487/66/24
f 2502/67/432 2466/68/432 2504/69/432
f 2507/70/26 2502/71/27 2504/72/28
f 2505/73/393 2466/74/393 2502/75/393
f 2505/76/30 2502/77/27 2503/78/31
f 2506/79/32 2509/80/32 2508/81/32
f 2509/82/33 2507/83/33 2511/84/33
f 2508/85/34 2509/86/34 2510/87/34
f 2519/88/35 2509/89/35 2511/90/35
f 2475/91/36 2472/92/36 2513/93/36
f 2472/94/37 2466/95/37 2513/96/37
f 2514/97/38 2513/98/38 2503/99/38
f 2518/100/39 2485/101/39 2486/102/39
f 2521/103/40 2507/104/40 2517/105/40
f 2512/106/41 2519/107/41 2520/108/41
f 2511/109/42 2521/110/42 2522/111/42
f 2519/112/43 2511/113/43 2522/114/43
f 2523/115/44 2519/116/44 2524/117/44
f 2521/118/45 2517/119/45 2486/120/45
f 2522/121/46 2486/122/46 2489/123/46
f 2495/124/47 2522/125/47 2489/126/47
f 2523/127/48 2524/128/48 2495/129/48
f 2520/130/49 2495/131/49 2490/132/49
f 2520/133/50 2523/134/50 2495/135/50
f 2501/136/51 2483/137/51 2526/138/51
f 2527/139/52 2533/140/52 2526/141/52
f 2554/142/53 2491/143/53 2530/144/53
f 2491/145/54 2490/146/54 2530/147/54
f 2531/148/55 2530/149/55 2497/150/55
f 2532/151/56 2528/152/56 2531/153/56
f 2532/154/57 2534/155/57 2536/156/57
f 2531/157/58 2497/158/58 2534/159/58
f 2535/160/59 2534/161/59 2533/162/59
f 2536/163/60 2534/164/60 2535/165/60
f 2536/166/61 2533/167/61 2537/168/61
f 2525/169/62 2537/170/62 2527/171/62
f 2538/172/63 2529/173/63 2539/174/63
f 2539/175/64 2536/176/64 2537/177/64
f 2476/178/65 2539/179/65 2537/180/65
f 2541/181/66 2508/182/66 2510/183/66
f 2550/184/373 2541/185/373 2545/186/373
f 2542/187/68 2544/188/68 2552/189/68
f 2510/190/69 2512/191/69 2545/192/69
f 2550/193/70 2545/194/70 2555/195/70
f 2543/196/71 2552/197/71 2553/198/71
f 2546/199/72 2481/200/72 2547/201/72
f 2516/202/73 2506/203/73 2508/204/73
f 2546/205/74 2547/206/391 2543/207/427
f 2549/208/77 2543/209/77 2553/210/77
f 2544/211/78 2550/212/78 2551/213/78
f 2553/214/79 2551/215/80 2529/216/81
f 2554/217/82 2520/218/82 2491/219/82
f 2554/220/83 2530/221/83 2528/222/83
f 2532/223/84 2551/224/84 2528/225/84
f 2538/226/85 2556/227/85 2529/228/85
f 2469/229/3 2467/230/4 2470/231/4
f 2473/232/86 2471/233/86 2470/234/86
f 2474/235/87 2468/236/87 2472/237/87
f 2472/238/88 2475/239/88 2474/240/88
f 2478/241/89 2471/242/89 2473/243/89
f 2479/244/90 2471/245/90 2478/246/90
f 2479/247/91 2478/248/91 2475/249/91
f 2482/250/92 2477/251/11 2471/252/5
f 2482/253/417 2479/254/417 2481/255/417
f 2483/256/94 2484/257/94 2465/258/94
f 2488/259/95 2487/260/95 2485/261/95
f 2465/262/96 2484/263/96 2488/264/96
f 2499/265/97 2484/266/97 2483/267/97
f 2501/268/433 2499/269/433 2483/270/433
f 2492/271/99 2486/272/99 2487/273/99
f 2489/274/100 2486/275/100 2492/276/100
f 2494/277/101 2495/278/101 2489/279/101
f 2490/280/102 2494/281/102 2496/282/102
f 2490/283/411 2496/284/411 2500/285/411
f 2499/286/104 2500/287/104 2498/288/104
f 2500/289/105 2493/290/105 2498/291/105
f 2500/292/106 2496/293/106 2493/294/106
f 2501/295/107 2500/296/107 2499/297/107
f 2501/298/108 2497/299/108 2500/300/108
f 2484/301/109 2498/302/110 2488/303/111
f 2484/304/109 2499/305/112 2498/306/110
f 2507/307/26 2503/308/31 2502/309/27
f 2509/310/113 2503/311/31 2507/312/26
f 2509/313/114 2506/314/114 2503/315/114
f 2509/316/115 2519/317/115 2512/318/115
f 2510/319/116 2509/320/116 2512/321/116
f 2511/322/117 2507/323/117 2521/324/117
f 2514/325/118 2475/326/118 2513/327/118
f 2516/328/119 2475/329/119 2514/330/119
f 2516/331/120 2515/332/120 2475/333/120
f 2513/334/121 2466/335/121 2505/336/121
f 2503/337/122 2513/338/122 2505/339/122
f 2514/340/123 2503/341/123 2506/342/123
f 2516/343/124 2514/344/124 2506/345/124
f 2517/346/125 2507/347/26 2504/348/28
f 2518/349/126 2517/350/126 2504/351/126
f 2517/352/127 2518/353/127 2486/354/127
f 2524/355/128 2519/356/128 2522/357/128
f 2520/358/129 2519/359/129 2523/360/129
f 2522/361/130 2521/362/130 2486/363/130
f 2495/364/131 2524/365/131 2522/366/131
f 2491/367/132 2520/368/132 2490/369/132
f 2530/370/133 2490/371/133 2497/372/133
f 2528/373/134 2530/374/134 2531/375/134
f 2534/376/135 2532/377/135 2531/378/135
f 2536/379/136 2539/380/136 2532/381/136
f 2539/382/137 2529/383/137 2532/384/137
f 2534/385/138 2497/386/138 2501/387/138
f 2533/388/139 2534/389/139 2501/390/139
f 2526/391/140 2533/392/140 2501/393/140
f 2527/394/141 2537/395/141 2533/396/141
f 2536/397/397 2535/398/397 2533/399/397
f 2525/400/143 2527/401/143 2526/402/143
f 2476/403/144 2538/404/144 2539/405/144
f 2525/406/145 2476/407/145 2537/408/145
f 2547/409/146 2508/410/146 2540/411/146
f 2542/412/147 2547/413/147 2540/414/147
f 2541/415/148 2540/416/148 2508/417/148
f 2542/418/149 2540/419/149 2541/420/149
f 2541/421/150 2510/422/150 2545/423/150
f 2544/424/151 2541/425/151 2550/426/151
f 2544/427/152 2542/428/152 2541/429/152
f 2543/430/153 2542/431/153 2552/432/153
f 2515/433/154 2480/434/154 2475/435/154
f 2547/436/155 2481/437/155 2480/438/155
f 2516/439/156 2480/440/156 2515/441/156
f 2547/442/157 2480/443/157 2516/444/157
f 2547/445/399 2516/446/399 2508/447/399
f 2548/448/428 2546/449/74 2543/450/427
f 2543/451/160 2547/452/160 2542/453/160
f 2548/454/161 2543/455/161 2549/456/161
f 2482/457/162 2481/458/162 2546/459/162
f 2548/460/163 2482/461/163 2546/462/163
f 2545/463/164 2512/464/164 2520/465/164
f 2555/466/165 2545/467/165 2520/468/165
f 2552/469/166 2544/470/166 2551/471/166
f 2555/472/167 2520/473/167 2554/474/167
f 2551/475/168 2550/476/168 2555/477/168
f 2553/478/169 2552/479/169 2551/480/169
f 2551/481/170 2555/482/170 2554/483/170
f 2551/484/171 2554/485/171 2528/486/171
f 2529/487/81 2551/488/80 2532/489/172
f 2556/490/173 2553/491/173 2529/492/173
f 2549/493/174 2553/494/174 2556/495/174
f 2559/1/175 2560/3/175 2558/2/175
f 2561/4/176 2560/6/177 2559/5/178
f 2469/7/179 2562/9/180 2561/8/176
f 2560/10/181 2563/12/181 2558/11/181
f 2561/13/182 2565/15/182 2560/14/182
f 2564/16/183 2565/18/183 2561/17/183
f 2566/19/184 2565/21/184 2564/20/184
f 2564/22/185 2568/24/185 2566/23/185
f 2469/25/179 2567/27/186 2562/26/180
f 2569/28/187 2570/30/187 2566/29/187
f 2569/31/188 2571/33/188 2570/32/188
f 2482/34/189 2569/36/189 2562/35/189
f 2575/37/190 2576/39/190 2574/38/190
f 2574/40/191 2577/42/191 2557/41/191
f 2583/43/401 2582/45/401 2576/44/401
f 2583/46/193 2576/48/193 2581/47/193
f 2583/49/194 2581/51/194 2578/50/194
f 2585/52/195 2582/54/195 2583/53/195
f 2584/55/196 2579/57/196 2583/56/196
f 2579/58/197 2586/60/197 2589/59/197
f 2587/61/198 2577/63/198 2576/62/198
f 2587/64/199 2576/66/199 2582/65/199
f 2591/67/200 2593/69/200 2558/68/200
f 2596/70/201 2593/72/354 2591/71/203
f 2594/73/434 2591/75/434 2558/74/434
f 2594/76/205 2592/78/206 2591/77/203
f 2595/79/207 2597/81/207 2598/80/207
f 2598/82/208 2600/84/208 2596/83/208
f 2597/85/209 2599/87/209 2598/86/209
f 2608/88/210 2600/90/210 2598/89/210
f 2566/91/211 2602/93/211 2563/92/211
f 2563/94/212 2602/96/212 2558/95/212
f 2603/97/213 2592/99/213 2602/98/213
f 2607/100/214 2575/102/214 2574/101/214
f 2610/103/215 2606/105/215 2596/104/215
f 2601/106/216 2609/108/216 2608/107/216
f 2600/109/217 2611/111/217 2610/110/217
f 2608/112/218 2611/114/218 2600/113/218
f 2612/115/219 2613/117/219 2608/116/219
f 2610/118/220 2575/120/220 2606/119/220
f 2611/121/221 2578/123/221 2575/122/221
f 2584/124/222 2578/126/222 2611/125/222
f 2612/127/223 2584/129/223 2613/128/223
f 2609/130/224 2579/132/224 2584/131/224
f 2609/133/225 2584/135/225 2612/134/225
f 2590/136/226 2614/138/226 2572/137/226
f 2615/139/227 2614/141/227 2621/140/227
f 2639/142/228 2618/144/228 2580/143/228
f 2580/145/229 2618/147/229 2579/146/229
f 2619/148/230 2586/150/230 2618/149/230
f 2620/151/231 2619/153/231 2616/152/231
f 2620/154/232 2624/156/232 2622/155/232
f 2619/157/233 2622/159/233 2586/158/233
f 2623/160/234 2621/162/234 2622/161/234
f 2624/163/235 2623/165/235 2622/164/235
f 2624/166/236 2625/168/236 2621/167/236
f 2525/169/237 2615/171/237 2625/170/237
f 2538/172/238 2626/174/238 2617/173/238
f 2626/175/239 2625/177/239 2624/176/239
f 2476/178/240 2625/180/240 2626/179/240
f 2628/181/241 2599/183/241 2597/182/241
f 2635/184/403 2632/186/403 2628/185/403
f 2629/187/243 2637/189/243 2631/188/243
f 2599/190/244 2632/192/244 2601/191/244
f 2635/193/245 2640/195/245 2632/194/245
f 2630/196/246 2638/198/246 2637/197/246
f 2633/199/247 2634/201/247 2571/200/247
f 2605/202/248 2597/204/248 2595/203/248
f 2633/205/249 2630/207/404 2634/206/405
f 2549/208/252 2638/210/252 2630/209/252
f 2631/211/253 2636/213/253 2635/212/253
f 2638/214/254 2617/216/435 2636/215/256
f 2639/217/257 2580/219/257 2609/218/257
f 2639/220/258 2616/222/258 2618/221/258
f 2620/223/259 2616/225/259 2636/224/259
f 2538/226/260 2617/228/260 2556/227/260
f 2469/229/179 2561/231/176 2559/230/178
f 2564/232/261 2561/234/261 2562/233/261
f 2565/235/262 2563/237/262 2560/236/262
f 2563/238/263 2565/240/263 2566/239/263
f 2568/241/264 2564/243/264 2562/242/264
f 2569/244/265 2568/246/265 2562/245/265
f 2569/247/266 2566/249/266 2568/248/266
f 2482/250/267 2562/252/180 2567/251/186
f 2482/253/406 2571/255/406 2569/254/406
f 2572/256/269 2557/258/269 2573/257/269
f 2577/259/270 2574/261/270 2576/260/270
f 2557/262/271 2577/264/271 2573/263/271
f 2588/265/272 2572/267/272 2573/266/272
f 2590/268/436 2572/270/436 2588/269/436
f 2581/271/274 2576/273/274 2575/272/274
f 2578/274/275 2581/276/275 2575/275/275
f 2583/277/276 2578/279/276 2584/278/276
f 2579/280/277 2585/282/277 2583/281/277
f 2579/283/278 2589/285/278 2585/284/278
f 2588/286/279 2587/288/279 2589/287/279
f 2589/289/280 2587/291/280 2582/290/280
f 2589/292/281 2582/294/281 2585/293/281
f 2590/295/282 2588/297/282 2589/296/282
f 2590/298/283 2589/300/283 2586/299/283
f 2573/301/284 2577/303/285 2587/302/286
f 2573/304/284 2587/306/286 2588/305/287
f 2596/307/201 2591/309/203 2592/308/206
f 2598/310/288 2596/312/201 2592/311/206
f 2598/313/289 2592/315/289 2595/314/289
f 2598/316/290 2601/318/290 2608/317/290
f 2599/319/291 2601/321/291 2598/320/291
f 2600/322/292 2610/324/292 2596/323/292
f 2603/325/413 2602/327/413 2566/326/413
f 2605/328/294 2603/330/294 2566/329/294
f 2605/331/295 2566/333/295 2604/332/295
f 2602/334/296 2594/336/296 2558/335/296
f 2592/337/297 2594/339/297 2602/338/297
f 2603/340/298 2595/342/298 2592/341/298
f 2605/343/299 2595/345/299 2603/344/299
f 2606/346/414 2593/348/354 2596/347/201
f 2607/349/301 2593/351/301 2606/350/301
f 2606/352/302 2575/354/302 2607/353/302
f 2613/355/303 2611/357/303 2608/356/303
f 2609/358/304 2612/360/304 2608/359/304
f 2611/361/305 2575/363/305 2610/362/305
f 2584/364/306 2611/366/306 2613/365/306
f 2580/367/307 2579/369/307 2609/368/307
f 2618/370/308 2586/372/308 2579/371/308
f 2616/373/309 2619/375/309 2618/374/309
f 2622/376/310 2619/378/310 2620/377/310
f 2624/379/311 2620/381/311 2626/380/311
f 2626/382/312 2620/384/312 2617/383/312
f 2622/385/313 2590/387/313 2586/386/313
f 2621/388/314 2590/390/314 2622/389/314
f 2614/391/315 2590/393/315 2621/392/315
f 2615/394/316 2621/396/316 2625/395/316
f 2624/397/408 2621/399/408 2623/398/408
f 2525/400/318 2614/402/318 2615/401/318
f 2476/403/319 2626/405/319 2538/404/319
f 2525/406/320 2625/408/320 2476/407/320
f 2634/409/321 2627/411/321 2597/410/321
f 2629/412/415 2627/414/415 2634/413/415
f 2628/415/323 2597/417/323 2627/416/323
f 2629/418/324 2628/420/324 2627/419/324
f 2628/421/325 2632/423/325 2599/422/325
f 2631/424/326 2635/426/326 2628/425/326
f 2631/427/327 2628/429/327 2629/428/327
f 2630/430/328 2637/432/328 2629/431/328
f 2604/433/329 2566/435/329 2570/434/329
f 2634/436/330 2570/438/330 2571/437/330
f 2605/439/331 2604/441/331 2570/440/331
f 2634/442/332 2605/444/332 2570/443/332
f 2634/445/333 2597/447/333 2605/446/333
f 2548/448/409 2630/450/404 2633/449/249
f 2630/451/335 2629/453/335 2634/452/335
f 2548/454/336 2549/456/336 2630/455/336
f 2482/457/337 2633/459/337 2571/458/337
f 2548/460/338 2633/462/338 2482/461/338
f 2632/463/339 2609/465/339 2601/464/339
f 2640/466/340 2609/468/340 2632/467/340
f 2637/469/341 2636/471/341 2631/470/341
f 2640/472/342 2639/474/342 2609/473/342
f 2636/475/343 2640/477/343 2635/476/343
f 2638/478/344 2636/480/344 2637/479/344
f 2636/481/345 2639/483/345 2640/482/345
f 2636/484/346 2616/486/346 2639/485/346
f 2617/487/435 2620/489/347 2636/488/256
f 2556/490/348 2617/492/348 2638/491/348
f 2549/493/349 2556/495/349 2638/494/349
f 2643/1/1 2642/2/1 2644/3/1
f 2646/4/2 2643/5/2 2644/6/2
f 2645/7/3 2646/8/4 2647/9/5
f 2644/10/6 2642/11/6 2648/12/6
f 2646/13/7 2644/14/7 2650/15/7
f 2649/16/8 2646/17/8 2650/18/8
f 2651/19/9 2649/20/9 2650/21/9
f 2649/22/10 2651/23/10 2654/24/10
f 2645/25/3 2647/26/5 2653/27/11
f 2655/28/12 2651/29/12 2656/30/12
f 2655/31/13 2656/32/13 2657/33/13
f 2658/34/14 2647/35/14 2655/36/14
f 2662/37/15 2661/38/15 2663/39/15
f 2661/40/16 2641/41/16 2664/42/16
f 2670/43/410 2663/44/410 2669/45/410
f 2670/46/18 2668/47/18 2663/48/18
f 2670/49/19 2665/50/19 2668/51/19
f 2672/52/20 2670/53/20 2669/54/20
f 2671/55/21 2670/56/21 2666/57/21
f 2666/58/372 2676/59/372 2673/60/372
f 2674/61/23 2663/62/23 2664/63/23
f 2674/64/24 2669/65/24 2663/66/24
f 2678/67/25 2642/68/25 2680/69/25
f 2683/70/26 2678/71/27 2680/72/28
f 2681/73/393 2642/74/393 2678/75/393
f 2681/76/30 2678/77/27 2679/78/351
f 2682/79/32 2685/80/32 2684/81/32
f 2685/82/33 2683/83/33 2687/84/33
f 2684/85/34 2685/86/34 2686/87/34
f 2695/88/35 2685/89/35 2687/90/35
f 2651/91/36 2648/92/36 2689/93/36
f 2648/94/37 2642/95/37 2689/96/37
f 2690/97/38 2689/98/38 2679/99/38
f 2694/100/39 2661/101/39 2662/102/39
f 2697/103/40 2683/104/40 2693/105/40
f 2688/106/41 2695/107/41 2696/108/41
f 2687/109/42 2697/110/42 2698/111/42
f 2695/112/43 2687/113/43 2698/114/43
f 2699/115/44 2695/116/44 2700/117/44
f 2697/118/45 2693/119/45 2662/120/45
f 2698/121/46 2662/122/46 2665/123/46
f 2671/124/47 2698/125/47 2665/126/47
f 2699/127/48 2700/128/48 2671/129/48
f 2696/130/49 2671/131/49 2666/132/49
f 2696/133/50 2699/134/50 2671/135/50
f 2677/136/51 2659/137/51 2702/138/51
f 2703/139/52 2709/140/52 2702/141/52
f 2730/142/53 2667/143/53 2706/144/53
f 2667/145/54 2666/146/54 2706/147/54
f 2707/148/55 2706/149/55 2673/150/55
f 2708/151/56 2704/152/56 2707/153/56
f 2708/154/57 2710/155/57 2712/156/57
f 2707/157/58 2673/158/58 2710/159/58
f 2711/160/437 2710/161/437 2709/162/437
f 2712/163/60 2710/164/60 2711/165/60
f 2712/166/61 2709/167/61 2713/168/61
f 2701/169/62 2713/170/62 2703/171/62
f 2714/172/63 2705/173/63 2715/174/63
f 2715/175/64 2712/176/64 2713/177/64
f 2652/178/65 2715/179/65 2713/180/65
f 2717/181/66 2684/182/66 2686/183/66
f 2726/184/373 2717/185/373 2721/186/373
f 2718/187/68 2720/188/68 2728/189/68
f 2686/190/69 2688/191/69 2721/192/69
f 2726/193/70 2721/194/70 2731/195/70
f 2719/196/71 2728/197/71 2729/198/71
f 2722/199/72 2657/200/72 2723/201/72
f 2692/202/73 2682/203/73 2684/204/73
f 2722/205/74 2723/206/391 2719/207/438
f 2725/208/77 2719/209/77 2729/210/77
f 2720/211/78 2726/212/78 2727/213/78
f 2729/214/79 2727/215/80 2705/216/81
f 2730/217/82 2696/218/82 2667/219/82
f 2730/220/83 2706/221/83 2704/222/83
f 2708/223/84 2727/224/84 2704/225/84
f 2714/226/85 2732/227/85 2705/228/85
f 2645/229/3 2643/230/4 2646/231/4
f 2649/232/86 2647/233/86 2646/234/86
f 2650/235/87 2644/236/87 2648/237/87
f 2648/238/88 2651/239/88 2650/240/88
f 2654/241/89 2647/242/89 2649/243/89
f 2655/244/90 2647/245/90 2654/246/90
f 2655/247/91 2654/248/91 2651/249/91
f 2658/250/92 2653/251/11 2647/252/5
f 2658/253/93 2655/254/93 2657/255/93
f 2659/256/94 2660/257/94 2641/258/94
f 2664/259/95 2663/260/95 2661/261/95
f 2641/262/96 2660/263/96 2664/264/96
f 2675/265/97 2660/266/97 2659/267/97
f 2677/268/439 2675/269/439 2659/270/439
f 2668/271/99 2662/272/99 2663/273/99
f 2665/274/100 2662/275/100 2668/276/100
f 2670/277/101 2671/278/101 2665/279/101
f 2666/280/102 2670/281/102 2672/282/102
f 2666/283/103 2672/284/103 2676/285/103
f 2675/286/104 2676/287/104 2674/288/104
f 2676/289/105 2669/290/105 2674/291/105
f 2676/292/106 2672/293/106 2669/294/106
f 2677/295/107 2676/296/107 2675/297/107
f 2677/298/108 2673/299/108 2676/300/108
f 2660/301/109 2674/302/110 2664/303/111
f 2660/304/109 2675/305/112 2674/306/110
f 2683/307/26 2679/308/351 2678/309/27
f 2685/310/113 2679/311/351 2683/312/26
f 2685/313/114 2682/314/114 2679/315/114
f 2685/316/115 2695/317/115 2688/318/115
f 2686/319/116 2685/320/116 2688/321/116
f 2687/322/117 2683/323/117 2697/324/117
f 2690/325/366 2651/326/366 2689/327/366
f 2692/328/119 2651/329/119 2690/330/119
f 2692/331/120 2691/332/120 2651/333/120
f 2689/334/121 2642/335/121 2681/336/121
f 2679/337/122 2689/338/122 2681/339/122
f 2690/340/123 2679/341/123 2682/342/123
f 2692/343/124 2690/344/124 2682/345/124
f 2693/346/125 2683/347/26 2680/348/28
f 2694/349/126 2693/350/126 2680/351/126
f 2693/352/127 2694/353/127 2662/354/127
f 2700/355/128 2695/356/128 2698/357/128
f 2696/358/129 2695/359/129 2699/360/129
f 2698/361/130 2697/362/130 2662/363/130
f 2671/364/131 2700/365/131 2698/366/131
f 2667/367/132 2696/368/132 2666/369/132
f 2706/370/133 2666/371/133 2673/372/133
f 2704/373/134 2706/374/134 2707/375/134
f 2710/376/135 2708/377/135 2707/378/135
f 2712/379/136 2715/380/136 2708/381/136
f 2715/382/137 2705/383/137 2708/384/137
f 2710/385/138 2673/386/138 2677/387/138
f 2709/388/139 2710/389/139 2677/390/139
f 2702/391/140 2709/392/140 2677/393/140
f 2703/394/141 2713/395/141 2709/396/141
f 2712/397/397 2711/398/397 2709/399/397
f 2701/400/143 2703/401/143 2702/402/143
f 2652/403/144 2714/404/144 2715/405/144
f 2701/406/145 2652/407/145 2713/408/145
f 2723/409/146 2684/410/146 2716/411/146
f 2718/412/147 2723/413/147 2716/414/147
f 2717/415/148 2716/416/148 2684/417/148
f 2718/418/149 2716/419/149 2717/420/149
f 2717/421/150 2686/422/150 2721/423/150
f 2720/424/151 2717/425/151 2726/426/151
f 2720/427/152 2718/428/152 2717/429/152
f 2719/430/153 2718/431/153 2728/432/153
f 2691/433/154 2656/434/154 2651/435/154
f 2723/436/155 2657/437/155 2656/438/155
f 2692/439/156 2656/440/156 2691/441/156
f 2723/442/157 2656/443/157 2692/444/157
f 2723/445/158 2692/446/158 2684/447/158
f 2724/448/159 2722/449/74 2719/450/438
f 2719/451/440 2723/452/440 2718/453/440
f 2724/454/161 2719/455/161 2725/456/161
f 2658/457/162 2657/458/162 2722/459/162
f 2724/460/412 2658/461/412 2722/462/412
f 2721/463/164 2688/464/164 2696/465/164
f 2731/466/165 2721/467/165 2696/468/165
f 2728/469/166 2720/470/166 2727/471/166
f 2731/472/167 2696/473/167 2730/474/167
f 2727/475/168 2726/476/168 2731/477/168
f 2729/478/169 2728/479/169 2727/480/169
f 2727/481/170 2731/482/170 2730/483/170
f 2727/484/171 2730/485/171 2704/486/171
f 2705/487/81 2727/488/80 2708/489/172
f 2732/490/173 2729/491/173 2705/492/173
f 2725/493/174 2729/494/174 2732/495/174
f 2735/1/175 2736/3/175 2734/2/175
f 2737/4/176 2736/6/177 2735/5/178
f 2645/7/179 2738/9/180 2737/8/176
f 2736/10/181 2739/12/181 2734/11/181
f 2737/13/182 2741/15/182 2736/14/182
f 2740/16/183 2741/18/183 2737/17/183
f 2742/19/184 2741/21/184 2740/20/184
f 2740/22/185 2744/24/185 2742/23/185
f 2645/25/179 2743/27/186 2738/26/180
f 2745/28/187 2746/30/187 2742/29/187
f 2745/31/188 2747/33/188 2746/32/188
f 2658/34/189 2745/36/189 2738/35/189
f 2751/37/190 2752/39/190 2750/38/190
f 2750/40/191 2753/42/191 2733/41/191
f 2759/43/401 2758/45/401 2752/44/401
f 2759/46/193 2752/48/193 2757/47/193
f 2759/49/194 2757/51/194 2754/50/194
f 2761/52/195 2758/54/195 2759/53/195
f 2760/55/196 2755/57/196 2759/56/196
f 2755/58/197 2762/60/197 2765/59/197
f 2763/61/198 2753/63/198 2752/62/198
f 2763/64/199 2752/66/199 2758/65/199
f 2767/67/200 2769/69/200 2734/68/200
f 2772/70/201 2769/72/354 2767/71/203
f 2770/73/430 2767/75/430 2734/74/430
f 2770/76/205 2768/78/359 2767/77/203
f 2771/79/207 2773/81/207 2774/80/207
f 2774/82/208 2776/84/208 2772/83/208
f 2773/85/209 2775/87/209 2774/86/209
f 2784/88/210 2776/90/210 2774/89/210
f 2742/91/211 2778/93/211 2739/92/211
f 2739/94/212 2778/96/212 2734/95/212
f 2779/97/213 2768/99/213 2778/98/213
f 2783/100/214 2751/102/214 2750/101/214
f 2786/103/215 2782/105/215 2772/104/215
f 2777/106/216 2785/108/216 2784/107/216
f 2776/109/375 2787/111/375 2786/110/375
f 2784/112/218 2787/114/218 2776/113/218
f 2788/115/219 2789/117/219 2784/116/219
f 2786/118/220 2751/120/220 2782/119/220
f 2787/121/221 2754/123/221 2751/122/221
f 2760/124/222 2754/126/222 2787/125/222
f 2788/127/223 2760/129/223 2789/128/223
f 2785/130/224 2755/132/224 2760/131/224
f 2785/133/225 2760/135/225 2788/134/225
f 2766/136/226 2790/138/226 2748/137/226
f 2791/139/227 2790/141/227 2797/140/227
f 2815/142/228 2794/144/228 2756/143/228
f 2756/145/229 2794/147/229 2755/146/229
f 2795/148/230 2762/150/230 2794/149/230
f 2796/151/231 2795/153/231 2792/152/231
f 2796/154/232 2800/156/232 2798/155/232
f 2795/157/441 2798/159/441 2762/158/441
f 2799/160/234 2797/162/234 2798/161/234
f 2800/163/235 2799/165/235 2798/164/235
f 2800/166/236 2801/168/236 2797/167/236
f 2701/169/237 2791/171/237 2801/170/237
f 2714/172/238 2802/174/238 2793/173/238
f 2802/175/239 2801/177/239 2800/176/239
f 2652/178/240 2801/180/240 2802/179/240
f 2804/181/241 2775/183/241 2773/182/241
f 2811/184/242 2808/186/242 2804/185/242
f 2805/187/243 2813/189/243 2807/188/243
f 2775/190/244 2808/192/244 2777/191/244
f 2811/193/245 2816/195/245 2808/194/245
f 2806/196/246 2814/198/246 2813/197/246
f 2809/199/247 2810/201/247 2747/200/247
f 2781/202/248 2773/204/248 2771/203/248
f 2809/205/249 2806/207/250 2810/206/251
f 2725/208/252 2814/210/252 2806/209/252
f 2807/211/253 2812/213/253 2811/212/253
f 2814/214/254 2793/216/255 2812/215/256
f 2815/217/257 2756/219/257 2785/218/257
f 2815/220/258 2792/222/258 2794/221/258
f 2796/223/259 2792/225/259 2812/224/259
f 2714/226/260 2793/228/260 2732/227/260
f 2645/229/179 2737/231/176 2735/230/178
f 2740/232/261 2737/234/261 2738/233/261
f 2741/235/262 2739/237/262 2736/236/262
f 2739/238/263 2741/240/263 2742/239/263
f 2744/241/264 2740/243/264 2738/242/264
f 2745/244/265 2744/246/265 2738/245/265
f 2745/247/266 2742/249/266 2744/248/266
f 2658/250/267 2738/252/180 2743/251/186
f 2658/253/406 2747/255/406 2745/254/406
f 2748/256/269 2733/258/269 2749/257/269
f 2753/259/270 2750/261/270 2752/260/270
f 2733/262/271 2753/264/271 2749/263/271
f 2764/265/272 2748/267/272 2749/266/272
f 2766/268/273 2748/270/273 2764/269/273
f 2757/271/274 2752/273/274 2751/272/274
f 2754/274/376 2757/276/376 2751/275/376
f 2759/277/276 2754/279/276 2760/278/276
f 2755/280/277 2761/282/277 2759/281/277
f 2755/283/278 2765/285/278 2761/284/278
f 2764/286/279 2763/288/279 2765/287/279
f 2765/289/280 2763/291/280 2758/290/280
f 2765/292/281 2758/294/281 2761/293/281
f 2766/295/282 2764/297/282 2765/296/282
f 2766/298/283 2765/300/283 2762/299/283
f 2749/301/284 2753/303/285 2763/302/286
f 2749/304/284 2763/306/286 2764/305/287
f 2772/307/201 2767/309/203 2768/308/359
f 2774/310/288 2772/312/201 2768/311/359
f 2774/313/289 2768/315/289 2771/314/289
f 2774/316/290 2777/318/290 2784/317/290
f 2775/319/291 2777/321/291 2774/320/291
f 2776/322/292 2786/324/292 2772/323/292
f 2779/325/442 2778/327/442 2742/326/442
f 2781/328/294 2779/330/294 2742/329/294
f 2781/331/295 2742/333/295 2780/332/295
f 2778/334/296 2770/336/296 2734/335/296
f 2768/337/297 2770/339/297 2778/338/297
f 2779/340/298 2771/342/298 2768/341/298
f 2781/343/299 2771/345/299 2779/344/299
f 2782/346/414 2769/348/354 2772/347/201
f 2783/349/301 2769/351/301 2782/350/301
f 2782/352/302 2751/354/302 2783/353/302
f 2789/355/303 2787/357/303 2784/356/303
f 2785/358/304 2788/360/304 2784/359/304
f 2787/361/305 2751/363/305 2786/362/305
f 2760/364/306 2787/366/306 2789/365/306
f 2756/367/307 2755/369/307 2785/368/307
f 2794/370/308 2762/372/308 2755/371/308
f 2792/373/309 2795/375/309 2794/374/309
f 2798/376/310 2795/378/310 2796/377/310
f 2800/379/311 2796/381/311 2802/380/311
f 2802/382/431 2796/384/431 2793/383/431
f 2798/385/313 2766/387/313 2762/386/313
f 2797/388/314 2766/390/314 2798/389/314
f 2790/391/315 2766/393/315 2797/392/315
f 2791/394/316 2797/396/316 2801/395/316
f 2800/397/408 2797/399/408 2799/398/408
f 2701/400/318 2790/402/318 2791/401/318
f 2652/403/319 2802/405/319 2714/404/319
f 2701/406/320 2801/408/320 2652/407/320
f 2810/409/321 2803/411/321 2773/410/321
f 2805/412/322 2803/414/322 2810/413/322
f 2804/415/323 2773/417/323 2803/416/323
f 2805/418/324 2804/420/324 2803/419/324
f 2804/421/325 2808/423/325 2775/422/325
f 2807/424/326 2811/426/326 2804/425/326
f 2807/427/327 2804/429/327 2805/428/327
f 2806/430/328 2813/432/328 2805/431/328
f 2780/433/329 2742/435/329 2746/434/329
f 2810/436/330 2746/438/330 2747/437/330
f 2781/439/331 2780/441/331 2746/440/331
f 2810/442/332 2781/444/332 2746/443/332
f 2810/445/333 2773/447/333 2781/446/333
f 2724/448/334 2806/450/250 2809/449/249
f 2806/451/335 2805/453/335 2810/452/335
f 2724/454/336 2725/456/336 2806/455/336
f 2658/457/337 2809/459/337 2747/458/337
f 2724/460/338 2809/462/338 2658/461/338
f 2808/463/339 2785/465/339 2777/464/339
f 2816/466/340 2785/468/340 2808/467/340
f 2813/469/341 2812/471/341 2807/470/341
f 2816/472/342 2815/474/342 2785/473/342
f 2812/475/343 2816/477/343 2811/476/343
f 2814/478/344 2812/480/344 2813/479/344
f 2812/481/345 2815/483/345 2816/482/345
f 2812/484/346 2792/486/346 2815/485/346
f 2793/487/255 2796/489/347 2812/488/256
f 2732/490/348 2793/492/348 2814/491/348
f 2725/493/349 2732/495/349 2814/494/349
f 2819/1/1 2818/2/1 2820/3/1
f 2822/4/2 2819/5/2 2820/6/2
f 2821/7/3 2822/8/4 2823/9/5
f 2820/10/6 2818/11/6 2824/12/6
f 2822/13/7 2820/14/7 2826/15/7
f 2825/16/8 2822/17/8 2826/18/8
f 2827/19/9 2825/20/9 2826/21/9
f 2825/22/10 2827/23/10 2830/24/10
f 2821/25/3 2823/26/5 2829/27/11
f 2831/28/12 2827/29/12 2832/30/12
f 2831/31/13 2832/32/13 2833/33/13
f 2834/34/14 2823/35/14 2831/36/14
f 2838/37/15 2837/38/15 2839/39/15
f 2837/40/16 2817/41/16 2840/42/16
f 2846/43/410 2839/44/410 2845/45/410
f 2846/46/18 2844/47/18 2839/48/18
f 2846/49/19 2841/50/19 2844/51/19
f 2848/52/20 2846/53/20 2845/54/20
f 2847/55/21 2846/56/21 2842/57/21
f 2842/58/22 2852/59/22 2849/60/22
f 2850/61/23 2839/62/23 2840/63/23
f 2850/64/24 2845/65/24 2839/66/24
f 2854/67/25 2818/68/25 2856/69/25
f 2859/70/26 2854/71/27 2856/72/28
f 2857/73/443 2818/74/443 2854/75/443
f 2857/76/30 2854/77/27 2855/78/31
f 2858/79/32 2861/80/32 2860/81/32
f 2861/82/33 2859/83/33 2863/84/33
f 2860/85/34 2861/86/34 2862/87/34
f 2871/88/35 2861/89/35 2863/90/35
f 2827/91/36 2824/92/36 2865/93/36
f 2824/94/37 2818/95/37 2865/96/37
f 2866/97/38 2865/98/38 2855/99/38
f 2870/100/39 2837/101/39 2838/102/39
f 2873/103/40 2859/104/40 2869/105/40
f 2864/106/41 2871/107/41 2872/108/41
f 2863/109/380 2873/110/380 2874/111/380
f 2871/112/43 2863/113/43 2874/114/43
f 2875/115/44 2871/116/44 2876/117/44
f 2873/118/45 2869/119/45 2838/120/45
f 2874/121/46 2838/122/46 2841/123/46
f 2847/124/47 2874/125/47 2841/126/47
f 2875/127/48 2876/128/48 2847/129/48
f 2872/130/49 2847/131/49 2842/132/49
f 2872/133/50 2875/134/50 2847/135/50
f 2853/136/51 2835/137/51 2878/138/51
f 2879/139/52 2885/140/52 2878/141/52
f 2906/142/53 2843/143/53 2882/144/53
f 2843/145/54 2842/146/54 2882/147/54
f 2883/148/55 2882/149/55 2849/150/55
f 2884/151/56 2880/152/56 2883/153/56
f 2884/154/57 2886/155/57 2888/156/57
f 2883/157/394 2849/158/394 2886/159/394
f 2887/160/437 2886/161/437 2885/162/437
f 2888/163/60 2886/164/60 2887/165/60
f 2888/166/61 2885/167/61 2889/168/61
f 2877/169/62 2889/170/62 2879/171/62
f 2890/172/63 2881/173/63 2891/174/63
f 2891/175/64 2888/176/64 2889/177/64
f 2828/178/65 2891/179/65 2889/180/65
f 2893/181/66 2860/182/66 2862/183/66
f 2902/184/373 2893/185/373 2897/186/373
f 2894/187/68 2896/188/68 2904/189/68
f 2862/190/69 2864/191/69 2897/192/69
f 2902/193/70 2897/194/70 2907/195/70
f 2895/196/71 2904/197/71 2905/198/71
f 2898/199/72 2833/200/72 2899/201/72
f 2868/202/73 2858/203/73 2860/204/73
f 2898/205/74 2899/206/391 2895/207/76
f 2901/208/77 2895/209/77 2905/210/77
f 2896/211/78 2902/212/78 2903/213/78
f 2905/214/79 2903/215/80 2881/216/81
f 2906/217/82 2872/218/82 2843/219/82
f 2906/220/83 2882/221/83 2880/222/83
f 2884/223/84 2903/224/84 2880/225/84
f 2890/226/85 2908/227/85 2881/228/85
f 2821/229/3 2819/230/4 2822/231/4
f 2825/232/86 2823/233/86 2822/234/86
f 2826/235/87 2820/236/87 2824/237/87
f 2824/238/88 2827/239/88 2826/240/88
f 2830/241/89 2823/242/89 2825/243/89
f 2831/244/90 2823/245/90 2830/246/90
f 2831/247/91 2830/248/91 2827/249/91
f 2834/250/92 2829/251/11 2823/252/5
f 2834/253/417 2831/254/417 2833/255/417
f 2835/256/94 2836/257/94 2817/258/94
f 2840/259/95 2839/260/95 2837/261/95
f 2817/262/96 2836/263/96 2840/264/96
f 2851/265/97 2836/266/97 2835/267/97
f 2853/268/98 2851/269/98 2835/270/98
f 2844/271/99 2838/272/99 2839/273/99
f 2841/274/381 2838/275/381 2844/276/381
f 2846/277/101 2847/278/101 2841/279/101
f 2842/280/102 2846/281/102 2848/282/102
f 2842/283/411 2848/284/411 2852/285/411
f 2851/286/104 2852/287/104 2850/288/104
f 2852/289/105 2845/290/105 2850/291/105
f 2852/292/106 2848/293/106 2845/294/106
f 2853/295/107 2852/296/107 2851/297/107
f 2853/298/108 2849/299/108 2852/300/108
f 2836/301/109 2850/302/110 2840/303/111
f 2836/304/109 2851/305/112 2850/306/110
f 2859/307/26 2855/308/31 2854/309/27
f 2861/310/113 2855/311/31 2859/312/26
f 2861/313/114 2858/314/114 2855/315/114
f 2861/316/115 2871/317/115 2864/318/115
f 2862/319/444 2861/320/444 2864/321/444
f 2863/322/117 2859/323/117 2873/324/117
f 2866/325/445 2827/326/445 2865/327/445
f 2868/328/119 2827/329/119 2866/330/119
f 2868/331/120 2867/332/120 2827/333/120
f 2865/334/121 2818/335/121 2857/336/121
f 2855/337/122 2865/338/122 2857/339/122
f 2866/340/123 2855/341/123 2858/342/123
f 2868/343/124 2866/344/124 2858/345/124
f 2869/346/125 2859/347/26 2856/348/28
f 2870/349/126 2869/350/126 2856/351/126
f 2869/352/127 2870/353/127 2838/354/127
f 2876/355/128 2871/356/128 2874/357/128
f 2872/358/129 2871/359/129 2875/360/129
f 2874/361/130 2873/362/130 2838/363/130
f 2847/364/131 2876/365/131 2874/366/131
f 2843/367/132 2872/368/132 2842/369/132
f 2882/370/133 2842/371/133 2849/372/133
f 2880/373/134 2882/374/134 2883/375/134
f 2886/376/135 2884/377/135 2883/378/135
f 2888/379/136 2891/380/136 2884/381/136
f 2891/382/137 2881/383/137 2884/384/137
f 2886/385/138 2849/386/138 2853/387/138
f 2885/388/139 2886/389/139 2853/390/139
f 2878/391/140 2885/392/140 2853/393/140
f 2879/394/141 2889/395/141 2885/396/141
f 2888/397/397 2887/398/397 2885/399/397
f 2877/400/143 2879/401/143 2878/402/143
f 2828/403/144 2890/404/144 2891/405/144
f 2877/406/145 2828/407/145 2889/408/145
f 2899/409/146 2860/410/146 2892/411/146
f 2894/412/398 2899/413/398 2892/414/398
f 2893/415/148 2892/416/148 2860/417/148
f 2894/418/149 2892/419/149 2893/420/149
f 2893/421/446 2862/422/446 2897/423/446
f 2896/424/151 2893/425/151 2902/426/151
f 2896/427/152 2894/428/152 2893/429/152
f 2895/430/153 2894/431/153 2904/432/153
f 2867/433/154 2832/434/154 2827/435/154
f 2899/436/155 2833/437/155 2832/438/155
f 2868/439/156 2832/440/156 2867/441/156
f 2899/442/157 2832/443/157 2868/444/157
f 2899/445/399 2868/446/399 2860/447/399
f 2900/448/159 2898/449/74 2895/450/76
f 2895/451/160 2899/452/160 2894/453/160
f 2900/454/161 2895/455/161 2901/456/161
f 2834/457/162 2833/458/162 2898/459/162
f 2900/460/163 2834/461/163 2898/462/163
f 2897/463/164 2864/464/164 2872/465/164
f 2907/466/165 2897/467/165 2872/468/165
f 2904/469/166 2896/470/166 2903/471/166
f 2907/472/167 2872/473/167 2906/474/167
f 2903/475/168 2902/476/168 2907/477/168
f 2905/478/169 2904/479/169 2903/480/169
f 2903/481/170 2907/482/170 2906/483/170
f 2903/484/171 2906/485/171 2880/486/171
f 2881/487/81 2903/488/80 2884/489/172
f 2908/490/173 2905/491/173 2881/492/173
f 2901/493/174 2905/494/174 2908/495/174
f 2911/1/175 2912/3/175 2910/2/175
f 2913/4/176 2912/6/177 2911/5/178
f 2821/7/179 2914/9/180 2913/8/176
f 2912/10/181 2915/12/181 2910/11/181
f 2913/13/182 2917/15/182 2912/14/182
f 2916/16/183 2917/18/183 2913/17/183
f 2918/19/184 2917/21/184 2916/20/184
f 2916/22/185 2920/24/185 2918/23/185
f 2821/25/179 2919/27/186 2914/26/180
f 2921/28/187 2922/30/187 2918/29/187
f 2921/31/188 2923/33/188 2922/32/188
f 2834/34/189 2921/36/189 2914/35/189
f 2927/37/190 2928/39/190 2926/38/190
f 2926/40/191 2929/42/191 2909/41/191
f 2935/43/401 2934/45/401 2928/44/401
f 2935/46/193 2928/48/193 2933/47/193
f 2935/49/194 2933/51/194 2930/50/194
f 2937/52/195 2934/54/195 2935/53/195
f 2936/55/196 2931/57/196 2935/56/196
f 2931/58/357 2938/60/357 2941/59/357
f 2939/61/198 2929/63/198 2928/62/198
f 2939/64/199 2928/66/199 2934/65/199
f 2943/67/200 2945/69/200 2910/68/200
f 2948/70/447 2945/72/354 2943/71/203
f 2946/73/204 2943/75/204 2910/74/204
f 2946/76/205 2944/78/359 2943/77/203
f 2947/79/207 2949/81/207 2950/80/207
f 2950/82/208 2952/84/208 2948/83/208
f 2949/85/209 2951/87/209 2950/86/209
f 2960/88/210 2952/90/210 2950/89/210
f 2918/91/211 2954/93/211 2915/92/211
f 2915/94/212 2954/96/212 2910/95/212
f 2955/97/213 2944/99/213 2954/98/213
f 2959/100/214 2927/102/214 2926/101/214
f 2962/103/215 2958/105/215 2948/104/215
f 2953/106/216 2961/108/216 2960/107/216
f 2952/109/375 2963/111/375 2962/110/375
f 2960/112/218 2963/114/218 2952/113/218
f 2964/115/219 2965/117/219 2960/116/219
f 2962/118/220 2927/120/220 2958/119/220
f 2963/121/221 2930/123/221 2927/122/221
f 2936/124/222 2930/126/222 2963/125/222
f 2964/127/223 2936/129/223 2965/128/223
f 2961/130/224 2931/132/224 2936/131/224
f 2961/133/225 2936/135/225 2964/134/225
f 2942/136/226 2966/138/226 2924/137/226
f 2967/139/227 2966/141/227 2973/140/227
f 2991/142/228 2970/144/228 2932/143/228
f 2932/145/229 2970/147/229 2931/146/229
f 2971/148/230 2938/150/230 2970/149/230
f 2972/151/231 2971/153/231 2968/152/231
f 2972/154/232 2976/156/232 2974/155/232
f 2971/157/233 2974/159/233 2938/158/233
f 2975/160/422 2973/162/422 2974/161/422
f 2976/163/235 2975/165/235 2974/164/235
f 2976/166/236 2977/168/236 2973/167/236
f 2877/169/237 2967/171/237 2977/170/237
f 2890/172/238 2978/174/238 2969/173/238
f 2978/175/239 2977/177/239 2976/176/239
f 2828/178/240 2977/180/240 2978/179/240
f 2980/181/241 2951/183/241 2949/182/241
f 2987/184/403 2984/186/403 2980/185/403
f 2981/187/243 2989/189/243 2983/188/243
f 2951/190/244 2984/192/244 2953/191/244
f 2987/193/245 2992/195/245 2984/194/245
f 2982/196/246 2990/198/246 2989/197/246
f 2985/199/247 2986/201/247 2923/200/247
f 2957/202/248 2949/204/248 2947/203/248
f 2985/205/369 2982/207/404 2986/206/251
f 2901/208/252 2990/210/252 2982/209/252
f 2983/211/253 2988/213/253 2987/212/253
f 2990/214/254 2969/216/255 2988/215/256
f 2991/217/257 2932/219/257 2961/218/257
f 2991/220/258 2968/222/258 2970/221/258
f 2972/223/259 2968/225/259 2988/224/259
f 2890/226/260 2969/228/260 2908/227/260
f 2821/229/179 2913/231/176 2911/230/178
f 2916/232/261 2913/234/261 2914/233/261
f 2917/235/262 2915/237/262 2912/236/262
f 2915/238/263 2917/240/263 2918/239/263
f 2920/241/264 2916/243/264 2914/242/264
f 2921/244/265 2920/246/265 2914/245/265
f 2921/247/266 2918/249/266 2920/248/266
f 2834/250/267 2914/252/180 2919/251/186
f 2834/253/406 2923/255/406 2921/254/406
f 2924/256/269 2909/258/269 2925/257/269
f 2929/259/270 2926/261/270 2928/260/270
f 2909/262/271 2929/264/271 2925/263/271
f 2940/265/272 2924/267/272 2925/266/272
f 2942/268/273 2924/270/273 2940/269/273
f 2933/271/274 2928/273/274 2927/272/274
f 2930/274/376 2933/276/376 2927/275/376
f 2935/277/276 2930/279/276 2936/278/276
f 2931/280/277 2937/282/277 2935/281/277
f 2931/283/278 2941/285/278 2937/284/278
f 2940/286/279 2939/288/279 2941/287/279
f 2941/289/280 2939/291/280 2934/290/280
f 2941/292/281 2934/294/281 2937/293/281
f 2942/295/282 2940/297/282 2941/296/282
f 2942/298/283 2941/300/283 2938/299/283
f 2925/301/284 2929/303/285 2939/302/286
f 2925/304/284 2939/306/286 2940/305/287
f 2948/307/447 2943/309/203 2944/308/359
f 2950/310/288 2948/312/447 2944/311/359
f 2950/313/289 2944/315/289 2947/314/289
f 2950/316/290 2953/318/290 2960/317/290
f 2951/319/448 2953/321/448 2950/320/448
f 2952/322/292 2962/324/292 2948/323/292
f 2955/325/442 2954/327/442 2918/326/442
f 2957/328/294 2955/330/294 2918/329/294
f 2957/331/295 2918/333/295 2956/332/295
f 2954/334/296 2946/336/296 2910/335/296
f 2944/337/297 2946/339/297 2954/338/297
f 2955/340/298 2947/342/298 2944/341/298
f 2957/343/299 2947/345/299 2955/344/299
f 2958/346/414 2945/348/354 2948/347/447
f 2959/349/301 2945/351/301 2958/350/301
f 2958/352/302 2927/354/302 2959/353/302
f 2965/355/303 2963/357/303 2960/356/303
f 2961/358/304 2964/360/304 2960/359/304
f 2963/361/449 2927/363/449 2962/362/449
f 2936/364/306 2963/366/306 2965/365/306
f 2932/367/307 2931/369/307 2961/368/307
f 2970/370/308 2938/372/308 2931/371/308
f 2968/373/309 2971/375/309 2970/374/309
f 2974/376/310 2971/378/310 2972/377/310
f 2976/379/311 2972/381/311 2978/380/311
f 2978/382/312 2972/384/312 2969/383/312
f 2974/385/313 2942/387/313 2938/386/313
f 2973/388/314 2942/390/314 2974/389/314
f 2966/391/315 2942/393/315 2973/392/315
f 2967/394/316 2973/396/316 2977/395/316
f 2976/397/408 2973/399/408 2975/398/408
f 2877/400/318 2966/402/318 2967/401/318
f 2828/403/319 2978/405/319 2890/404/319
f 2877/406/320 2977/408/320 2828/407/320
f 2986/409/321 2979/411/321 2949/410/321
f 2981/412/415 2979/414/415 2986/413/415
f 2980/415/323 2949/417/323 2979/416/323
f 2981/418/324 2980/420/324 2979/419/324
f 2980/421/450 2984/423/450 2951/422/450
f 2983/424/326 2987/426/326 2980/425/326
f 2983/427/327 2980/429/327 2981/428/327
f 2982/430/328 2989/432/328 2981/431/328
f 2956/433/329 2918/435/329 2922/434/329
f 2986/436/330 2922/438/330 2923/437/330
f 2957/439/331 2956/441/331 2922/440/331
f 2986/442/332 2957/444/332 2922/443/332
f 2986/445/333 2949/447/333 2957/446/333
f 2900/448/409 2982/450/404 2985/449/369
f 2982/451/335 2981/453/335 2986/452/335
f 2900/454/336 2901/456/336 2982/455/336
f 2834/457/337 2985/459/337 2923/458/337
f 2900/460/338 2985/462/338 2834/461/338
f 2984/463/339 2961/465/339 2953/464/339
f 2992/466/340 2961/468/340 2984/467/340
f 2989/469/341 2988/471/341 2983/470/341
f 2992/472/342 2991/474/342 2961/473/342
f 2988/475/343 2992/477/343 2987/476/343
f 2990/478/344 2988/480/344 2989/479/344
f 2988/481/345 2991/483/345 2992/482/345
f 2988/484/346 2968/486/346 2991/485/346
f 2969/487/255 2972/489/347 2988/488/256
f 2908/490/348 2969/492/348 2990/491/348
f 2901/493/349 2908/495/349 2990/494/349
f 2995/1/1 2994/2/1 2996/3/1
f 2998/4/2 2995/5/2 2996/6/2
f 2997/7/371 2998/8/4 2999/9/5
f 2996/10/6 2994/11/6 3000/12/6
f 2998/13/7 2996/14/7 3002/15/7
f 3001/16/8 2998/17/8 3002/18/8
f 3003/19/9 3001/20/9 3002/21/9
f 3001/22/10 3003/23/10 3006/24/10
f 2997/25/371 2999/26/5 3005/27/11
f 3007/28/12 3003/29/12 3008/30/12
f 3007/31/13 3008/32/13 3009/33/13
f 3010/34/14 2999/35/14 3007/36/14
f 3014/37/15 3013/38/15 3015/39/15
f 3013/40/16 2993/41/16 3016/42/16
f 3022/43/410 3015/44/410 3021/45/410
f 3022/46/18 3020/47/18 3015/48/18
f 3022/49/19 3017/50/19 3020/51/19
f 3024/52/20 3022/53/20 3021/54/20
f 3023/55/21 3022/56/21 3018/57/21
f 3018/58/372 3028/59/372 3025/60/372
f 3026/61/23 3015/62/23 3016/63/23
f 3026/64/24 3021/65/24 3015/66/24
f 3030/67/25 2994/68/25 3032/69/25
f 3035/70/26 3030/71/27 3032/72/28
f 3033/73/393 2994/74/393 3030/75/393
f 3033/76/30 3030/77/27 3031/78/351
f 3034/79/32 3037/80/32 3036/81/32
f 3037/82/33 3035/83/33 3039/84/33
f 3036/85/34 3037/86/34 3038/87/34
f 3047/88/35 3037/89/35 3039/90/35
f 3003/91/36 3000/92/36 3041/93/36
f 3000/94/37 2994/95/37 3041/96/37
f 3042/97/38 3041/98/38 3031/99/38
f 3046/100/39 3013/101/39 3014/102/39
f 3049/103/40 3035/104/40 3045/105/40
f 3040/106/41 3047/107/41 3048/108/41
f 3039/109/380 3049/110/380 3050/111/380
f 3047/112/43 3039/113/43 3050/114/43
f 3051/115/44 3047/116/44 3052/117/44
f 3049/118/45 3045/119/45 3014/120/45
f 3050/121/46 3014/122/46 3017/123/46
f 3023/124/47 3050/125/47 3017/126/47
f 3051/127/48 3052/128/48 3023/129/48
f 3048/130/49 3023/131/49 3018/132/49
f 3048/133/50 3051/134/50 3023/135/50
f 3029/136/51 3011/137/51 3054/138/51
f 3055/139/52 3061/140/52 3054/141/52
f 3082/142/53 3019/143/53 3058/144/53
f 3019/145/54 3018/146/54 3058/147/54
f 3059/148/55 3058/149/55 3025/150/55
f 3060/151/56 3056/152/56 3059/153/56
f 3060/154/57 3062/155/57 3064/156/57
f 3059/157/58 3025/158/58 3062/159/58
f 3063/160/59 3062/161/59 3061/162/59
f 3064/163/60 3062/164/60 3063/165/60
f 3064/166/61 3061/167/61 3065/168/61
f 3053/169/62 3065/170/62 3055/171/62
f 3066/172/63 3057/173/63 3067/174/63
f 3067/175/64 3064/176/64 3065/177/64
f 3004/178/65 3067/179/65 3065/180/65
f 3069/181/66 3036/182/66 3038/183/66
f 3078/184/67 3069/185/67 3073/186/67
f 3070/187/68 3072/188/68 3080/189/68
f 3038/190/69 3040/191/69 3073/192/69
f 3078/193/70 3073/194/70 3083/195/70
f 3071/196/71 3080/197/71 3081/198/71
f 3074/199/72 3009/200/72 3075/201/72
f 3044/202/73 3034/203/73 3036/204/73
f 3074/205/74 3075/206/391 3071/207/76
f 3077/208/77 3071/209/77 3081/210/77
f 3072/211/78 3078/212/78 3079/213/78
f 3081/214/79 3079/215/80 3057/216/81
f 3082/217/82 3048/218/82 3019/219/82
f 3082/220/83 3058/221/83 3056/222/83
f 3060/223/84 3079/224/84 3056/225/84
f 3066/226/85 3084/227/85 3057/228/85
f 2997/229/371 2995/230/4 2998/231/4
f 3001/232/86 2999/233/86 2998/234/86
f 3002/235/87 2996/236/87 3000/237/87
f 3000/238/88 3003/239/88 3002/240/88
f 3006/241/89 2999/242/89 3001/243/89
f 3007/244/90 2999/245/90 3006/246/90
f 3007/247/91 3006/248/91 3003/249/91
f 3010/250/92 3005/251/11 2999/252/5
f 3010/253/417 3007/254/417 3009/255/417
f 3011/256/94 3012/257/94 2993/258/94
f 3016/259/95 3015/260/95 3013/261/95
f 2993/262/96 3012/263/96 3016/264/96
f 3027/265/97 3012/266/97 3011/267/97
f 3029/268/451 3027/269/451 3011/270/451
f 3020/271/99 3014/272/99 3015/273/99
f 3017/274/381 3014/275/381 3020/276/381
f 3022/277/101 3023/278/101 3017/279/101
f 3018/280/102 3022/281/102 3024/282/102
f 3018/283/103 3024/284/103 3028/285/103
f 3027/286/104 3028/287/104 3026/288/104
f 3028/289/105 3021/290/105 3026/291/105
f 3028/292/106 3024/293/106 3021/294/106
f 3029/295/107 3028/296/107 3027/297/107
f 3029/298/108 3025/299/108 3028/300/108
f 3012/301/109 3026/302/110 3016/303/111
f 3012/304/109 3027/305/112 3026/306/110
f 3035/307/26 3031/308/351 3030/309/27
f 3037/310/113 3031/311/351 3035/312/26
f 3037/313/114 3034/314/114 3031/315/114
f 3037/316/115 3047/317/115 3040/318/115
f 3038/319/116 3037/320/116 3040/321/116
f 3039/322/117 3035/323/117 3049/324/117
f 3042/325/445 3003/326/445 3041/327/445
f 3044/328/119 3003/329/119 3042/330/119
f 3044/331/120 3043/332/120 3003/333/120
f 3041/334/121 2994/335/121 3033/336/121
f 3031/337/122 3041/338/122 3033/339/122
f 3042/340/123 3031/341/123 3034/342/123
f 3044/343/124 3042/344/124 3034/345/124
f 3045/346/419 3035/347/26 3032/348/28
f 3046/349/126 3045/350/126 3032/351/126
f 3045/352/127 3046/353/127 3014/354/127
f 3052/355/128 3047/356/128 3050/357/128
f 3048/358/129 3047/359/129 3051/360/129
f 3050/361/130 3049/362/130 3014/363/130
f 3023/364/131 3052/365/131 3050/366/131
f 3019/367/132 3048/368/132 3018/369/132
f 3058/370/133 3018/371/133 3025/372/133
f 3056/373/134 3058/374/134 3059/375/134
f 3062/376/135 3060/377/135 3059/378/135
f 3064/379/136 3067/380/136 3060/381/136
f 3067/382/137 3057/383/137 3060/384/137
f 3062/385/138 3025/386/138 3029/387/138
f 3061/388/139 3062/389/139 3029/390/139
f 3054/391/140 3061/392/140 3029/393/140
f 3055/394/141 3065/395/141 3061/396/141
f 3064/397/397 3063/398/397 3061/399/397
f 3053/400/143 3055/401/143 3054/402/143
f 3004/403/144 3066/404/144 3067/405/144
f 3053/406/145 3004/407/145 3065/408/145
f 3075/409/146 3036/410/146 3068/411/146
f 3070/412/398 3075/413/398 3068/414/398
f 3069/415/148 3068/416/148 3036/417/148
f 3070/418/149 3068/419/149 3069/420/149
f 3069/421/150 3038/422/150 3073/423/150
f 3072/424/151 3069/425/151 3078/426/151
f 3072/427/152 3070/428/152 3069/429/152
f 3071/430/153 3070/431/153 3080/432/153
f 3043/433/154 3008/434/154 3003/435/154
f 3075/436/155 3009/437/155 3008/438/155
f 3044/439/156 3008/440/156 3043/441/156
f 3075/442/157 3008/443/157 3044/444/157
f 3075/445/158 3044/446/158 3036/447/158
f 3076/448/428 3074/449/74 3071/450/76
f 3071/451/160 3075/452/160 3070/453/160
f 3076/454/161 3071/455/161 3077/456/161
f 3010/457/162 3009/458/162 3074/459/162
f 3076/460/163 3010/461/163 3074/462/163
f 3073/463/164 3040/464/164 3048/465/164
f 3083/466/165 3073/467/165 3048/468/165
f 3080/469/166 3072/470/166 3079/471/166
f 3083/472/167 3048/473/167 3082/474/167
f 3079/475/168 3078/476/168 3083/477/168
f 3081/478/169 3080/479/169 3079/480/169
f 3079/481/170 3083/482/170 3082/483/170
f 3079/484/171 3082/485/171 3056/486/171
f 3057/487/81 3079/488/80 3060/489/172
f 3084/490/173 3081/491/173 3057/492/173
f 3077/493/174 3081/494/174 3084/495/174
f 3087/1/175 3088/3/175 3086/2/175
f 3089/4/176 3088/6/177 3087/5/178
f 2997/7/179 3090/9/180 3089/8/176
f 3088/10/181 3091/12/181 3086/11/181
f 3089/13/182 3093/15/182 3088/14/182
f 3092/16/183 3093/18/183 3089/17/183
f 3094/19/184 3093/21/184 3092/20/184
f 3092/22/185 3096/24/185 3094/23/185
f 2997/25/179 3095/27/186 3090/26/180
f 3097/28/187 3098/30/187 3094/29/187
f 3097/31/188 3099/33/188 3098/32/188
f 3010/34/189 3097/36/189 3090/35/189
f 3103/37/190 3104/39/190 3102/38/190
f 3102/40/191 3105/42/191 3085/41/191
f 3111/43/401 3110/45/401 3104/44/401
f 3111/46/193 3104/48/193 3109/47/193
f 3111/49/194 3109/51/194 3106/50/194
f 3113/52/195 3110/54/195 3111/53/195
f 3112/55/196 3107/57/196 3111/56/196
f 3107/58/197 3114/60/197 3117/59/197
f 3115/61/421 3105/63/421 3104/62/421
f 3115/64/199 3104/66/199 3110/65/199
f 3119/67/429 3121/69/429 3086/68/429
f 3124/70/201 3121/72/354 3119/71/203
f 3122/73/204 3119/75/204 3086/74/204
f 3122/76/205 3120/78/206 3119/77/203
f 3123/79/207 3125/81/207 3126/80/207
f 3126/82/208 3128/84/208 3124/83/208
f 3125/85/209 3127/87/209 3126/86/209
f 3136/88/210 3128/90/210 3126/89/210
f 3094/91/211 3130/93/211 3091/92/211
f 3091/94/212 3130/96/212 3086/95/212
f 3131/97/213 3120/99/213 3130/98/213
f 3135/100/214 3103/102/214 3102/101/214
f 3138/103/215 3134/105/215 3124/104/215
f 3129/106/216 3137/108/216 3136/107/216
f 3128/109/375 3139/111/375 3138/110/375
f 3136/112/218 3139/114/218 3128/113/218
f 3140/115/219 3141/117/219 3136/116/219
f 3138/118/220 3103/120/220 3134/119/220
f 3139/121/221 3106/123/221 3103/122/221
f 3112/124/222 3106/126/222 3139/125/222
f 3140/127/223 3112/129/223 3141/128/223
f 3137/130/224 3107/132/224 3112/131/224
f 3137/133/225 3112/135/225 3140/134/225
f 3118/136/226 3142/138/226 3100/137/226
f 3143/139/227 3142/141/227 3149/140/227
f 3167/142/228 3146/144/228 3108/143/228
f 3108/145/229 3146/147/229 3107/146/229
f 3147/148/230 3114/150/230 3146/149/230
f 3148/151/231 3147/153/231 3144/152/231
f 3148/154/232 3152/156/232 3150/155/232
f 3147/157/233 3150/159/233 3114/158/233
f 3151/160/422 3149/162/422 3150/161/422
f 3152/163/235 3151/165/235 3150/164/235
f 3152/166/236 3153/168/236 3149/167/236
f 3053/169/237 3143/171/237 3153/170/237
f 3066/172/238 3154/174/238 3145/173/238
f 3154/175/239 3153/177/239 3152/176/239
f 3004/178/240 3153/180/240 3154/179/240
f 3156/181/241 3127/183/241 3125/182/241
f 3163/184/403 3160/186/403 3156/185/403
f 3157/187/243 3165/189/243 3159/188/243
f 3127/190/244 3160/192/244 3129/191/244
f 3163/193/245 3168/195/245 3160/194/245
f 3158/196/246 3166/198/246 3165/197/246
f 3161/199/247 3162/201/247 3099/200/247
f 3133/202/248 3125/204/248 3123/203/248
f 3161/205/423 3158/207/424 3162/206/251
f 3077/208/252 3166/210/252 3158/209/252
f 3159/211/253 3164/213/253 3163/212/253
f 3166/214/254 3145/216/255 3164/215/256
f 3167/217/257 3108/219/257 3137/218/257
f 3167/220/258 3144/222/258 3146/221/258
f 3148/223/259 3144/225/259 3164/224/259
f 3066/226/260 3145/228/260 3084/227/260
f 2997/229/179 3089/231/176 3087/230/178
f 3092/232/261 3089/234/261 3090/233/261
f 3093/235/425 3091/237/425 3088/236/425
f 3091/238/263 3093/240/263 3094/239/263
f 3096/241/264 3092/243/264 3090/242/264
f 3097/244/265 3096/246/265 3090/245/265
f 3097/247/266 3094/249/266 3096/248/266
f 3010/250/267 3090/252/180 3095/251/186
f 3010/253/406 3099/255/406 3097/254/406
f 3100/256/269 3085/258/269 3101/257/269
f 3105/259/270 3102/261/270 3104/260/270
f 3085/262/271 3105/264/271 3101/263/271
f 3116/265/272 3100/267/272 3101/266/272
f 3118/268/452 3100/270/452 3116/269/452
f 3109/271/274 3104/273/274 3103/272/274
f 3106/274/376 3109/276/376 3103/275/376
f 3111/277/276 3106/279/276 3112/278/276
f 3107/280/277 3113/282/277 3111/281/277
f 3107/283/407 3117/285/407 3113/284/407
f 3116/286/279 3115/288/279 3117/287/279
f 3117/289/280 3115/291/280 3110/290/280
f 3117/292/281 3110/294/281 3113/293/281
f 3118/295/282 3116/297/282 3117/296/282
f 3118/298/283 3117/300/283 3114/299/283
f 3101/301/284 3105/303/285 3115/302/286
f 3101/304/284 3115/306/286 3116/305/287
f 3124/307/201 3119/309/203 3120/308/206
f 3126/310/288 3124/312/201 3120/311/206
f 3126/313/289 3120/315/289 3123/314/289
f 3126/316/290 3129/318/290 3136/317/290
f 3127/319/291 3129/321/291 3126/320/291
f 3128/322/292 3138/324/292 3124/323/292
f 3131/325/442 3130/327/442 3094/326/442
f 3133/328/294 3131/330/294 3094/329/294
f 3133/331/295 3094/333/295 3132/332/295
f 3130/334/296 3122/336/296 3086/335/296
f 3120/337/297 3122/339/297 3130/338/297
f 3131/340/298 3123/342/298 3120/341/298
f 3133/343/299 3123/345/299 3131/344/299
f 3134/346/300 3121/348/354 3124/347/201
f 3135/349/301 3121/351/301 3134/350/301
f 3134/352/302 3103/354/302 3135/353/302
f 3141/355/303 3139/357/303 3136/356/303
f 3137/358/304 3140/360/304 3136/359/304
f 3139/361/305 3103/363/305 3138/362/305
f 3112/364/306 3139/366/306 3141/365/306
f 3108/367/307 3107/369/307 3137/368/307
f 3146/370/308 3114/372/308 3107/371/308
f 3144/373/309 3147/375/309 3146/374/309
f 3150/376/310 3147/378/310 3148/377/310
f 3152/379/311 3148/381/311 3154/380/311
f 3154/382/312 3148/384/312 3145/383/312
f 3150/385/313 3118/387/313 3114/386/313
f 3149/388/314 3118/390/314 3150/389/314
f 3142/391/315 3118/393/315 3149/392/315
f 3143/394/316 3149/396/316 3153/395/316
f 3152/397/408 3149/399/408 3151/398/408
f 3053/400/318 3142/402/318 3143/401/318
f 3004/403/319 3154/405/319 3066/404/319
f 3053/406/320 3153/408/320 3004/407/320
f 3162/409/321 3155/411/321 3125/410/321
f 3157/412/322 3155/414/322 3162/413/322
f 3156/415/323 3125/417/323 3155/416/323
f 3157/418/324 3156/420/324 3155/419/324
f 3156/421/450 3160/423/450 3127/422/450
f 3159/424/326 3163/426/326 3156/425/326
f 3159/427/327 3156/429/327 3157/428/327
f 3158/430/328 3165/432/328 3157/431/328
f 3132/433/329 3094/435/329 3098/434/329
f 3162/436/330 3098/438/330 3099/437/330
f 3133/439/331 3132/441/331 3098/440/331
f 3162/442/332 3133/444/332 3098/443/332
f 3162/445/333 3125/447/333 3133/446/333
f 3076/448/334 3158/450/424 3161/449/423
f 3158/451/453 3157/453/453 3162/452/453
f 3076/454/336 3077/456/336 3158/455/336
f 3010/457/337 3161/459/337 3099/458/337
f 3076/460/383 3161/462/383 3010/461/383
f 3160/463/339 3137/465/339 3129/464/339
f 3168/466/340 3137/468/340 3160/467/340
f 3165/469/341 3164/471/341 3159/470/341
f 3168/472/342 3167/474/342 3137/473/342
f 3164/475/343 3168/477/343 3163/476/343
f 3166/478/344 3164/480/344 3165/479/344
f 3164/481/345 3167/483/345 3168/482/345
f 3164/484/346 3144/486/346 3167/485/346
f 3145/487/255 3148/489/347 3164/488/256
f 3084/490/348 3145/492/348 3166/491/348
f 3077/493/349 3084/495/349 3166/494/349
f 3171/1/1 3170/2/1 3172/3/1
f 3174/4/2 3171/5/2 3172/6/2
f 3173/7/3 3174/8/4 3175/9/5
f 3172/10/6 3170/11/6 3176/12/6
f 3174/13/7 3172/14/7 3178/15/7
f 3177/16/8 3174/17/8 3178/18/8
f 3179/19/9 3177/20/9 3178/21/9
f 3177/22/10 3179/23/10 3182/24/10
f 3173/25/3 3175/26/5 3181/27/11
f 3183/28/12 3179/29/12 3184/30/12
f 3183/31/13 3184/32/13 3185/33/13
f 3186/34/14 3175/35/14 3183/36/14
f 3190/37/15 3189/38/15 3191/39/15
f 3189/40/16 3169/41/16 3192/42/16
f 3198/43/410 3191/44/410 3197/45/410
f 3198/46/18 3196/47/18 3191/48/18
f 3198/49/19 3193/50/19 3196/51/19
f 3200/52/20 3198/53/20 3197/54/20
f 3199/55/21 3198/56/21 3194/57/21
f 3194/58/22 3204/59/22 3201/60/22
f 3202/61/23 3191/62/23 3192/63/23
f 3202/64/24 3197/65/24 3191/66/24
f 3206/67/432 3170/68/432 3208/69/432
f 3211/70/26 3206/71/27 3208/72/28
f 3209/73/29 3170/74/29 3206/75/29
f 3209/76/30 3206/77/27 3207/78/31
f 3210/79/32 3213/80/32 3212/81/32
f 3213/82/33 3211/83/33 3215/84/33
f 3212/85/34 3213/86/34 3214/87/34
f 3223/88/35 3213/89/35 3215/90/35
f 3179/91/36 3176/92/36 3217/93/36
f 3176/94/37 3170/95/37 3217/96/37
f 3218/97/38 3217/98/38 3207/99/38
f 3222/100/39 3189/101/39 3190/102/39
f 3225/103/40 3211/104/40 3221/105/40
f 3216/106/41 3223/107/41 3224/108/41
f 3215/109/380 3225/110/380 3226/111/380
f 3223/112/43 3215/113/43 3226/114/43
f 3227/115/356 3223/116/356 3228/117/356
f 3225/118/45 3221/119/45 3190/120/45
f 3226/121/46 3190/122/46 3193/123/46
f 3199/124/47 3226/125/47 3193/126/47
f 3227/127/48 3228/128/48 3199/129/48
f 3224/130/49 3199/131/49 3194/132/49
f 3224/133/50 3227/134/50 3199/135/50
f 3205/136/51 3187/137/51 3230/138/51
f 3231/139/52 3237/140/52 3230/141/52
f 3258/142/53 3195/143/53 3234/144/53
f 3195/145/54 3194/146/54 3234/147/54
f 3235/148/55 3234/149/55 3201/150/55
f 3236/151/56 3232/152/56 3235/153/56
f 3236/154/57 3238/155/57 3240/156/57
f 3235/157/394 3201/158/394 3238/159/394
f 3239/160/59 3238/161/59 3237/162/59
f 3240/163/60 3238/164/60 3239/165/60
f 3240/166/61 3237/167/61 3241/168/61
f 3229/169/62 3241/170/62 3231/171/62
f 3242/172/63 3233/173/63 3243/174/63
f 3243/175/64 3240/176/64 3241/177/64
f 3180/178/65 3243/179/65 3241/180/65
f 3245/181/66 3212/182/66 3214/183/66
f 3254/184/67 3245/185/67 3249/186/67
f 3246/187/68 3248/188/68 3256/189/68
f 3214/190/69 3216/191/69 3249/192/69
f 3254/193/70 3249/194/70 3259/195/70
f 3247/196/71 3256/197/71 3257/198/71
f 3250/199/72 3185/200/72 3251/201/72
f 3220/202/73 3210/203/73 3212/204/73
f 3250/205/74 3251/206/391 3247/207/76
f 3253/208/77 3247/209/77 3257/210/77
f 3248/211/78 3254/212/78 3255/213/78
f 3257/214/79 3255/215/454 3233/216/81
f 3258/217/82 3224/218/82 3195/219/82
f 3258/220/83 3234/221/83 3232/222/83
f 3236/223/84 3255/224/84 3232/225/84
f 3242/226/85 3260/227/85 3233/228/85
f 3173/229/3 3171/230/4 3174/231/4
f 3177/232/86 3175/233/86 3174/234/86
f 3178/235/87 3172/236/87 3176/237/87
f 3176/238/88 3179/239/88 3178/240/88
f 3182/241/89 3175/242/89 3177/243/89
f 3183/244/90 3175/245/90 3182/246/90
f 3183/247/91 3182/248/91 3179/249/91
f 3186/250/92 3181/251/11 3175/252/5
f 3186/253/93 3183/254/93 3185/255/93
f 3187/256/94 3188/257/94 3169/258/94
f 3192/259/95 3191/260/95 3189/261/95
f 3169/262/96 3188/263/96 3192/264/96
f 3203/265/97 3188/266/97 3187/267/97
f 3205/268/433 3203/269/433 3187/270/433
f 3196/271/99 3190/272/99 3191/273/99
f 3193/274/100 3190/275/100 3196/276/100
f 3198/277/101 3199/278/101 3193/279/101
f 3194/280/102 3198/281/102 3200/282/102
f 3194/283/411 3200/284/411 3204/285/411
f 3203/286/104 3204/287/104 3202/288/104
f 3204/289/105 3197/290/105 3202/291/105
f 3204/292/106 3200/293/106 3197/294/106
f 3205/295/107 3204/296/107 3203/297/107
f 3205/298/108 3201/299/108 3204/300/108
f 3188/301/109 3202/302/110 3192/303/111
f 3188/304/109 3203/305/112 3202/306/110
f 3211/307/26 3207/308/31 3206/309/27
f 3213/310/113 3207/311/31 3211/312/26
f 3213/313/114 3210/314/114 3207/315/114
f 3213/316/115 3223/317/115 3216/318/115
f 3214/319/444 3213/320/444 3216/321/444
f 3215/322/117 3211/323/117 3225/324/117
f 3218/325/455 3179/326/455 3217/327/455
f 3220/328/119 3179/329/119 3218/330/119
f 3220/331/120 3219/332/120 3179/333/120
f 3217/334/121 3170/335/121 3209/336/121
f 3207/337/122 3217/338/122 3209/339/122
f 3218/340/123 3207/341/123 3210/342/123
f 3220/343/456 3218/344/456 3210/345/456
f 3221/346/419 3211/347/26 3208/348/28
f 3222/349/126 3221/350/126 3208/351/126
f 3221/352/127 3222/353/127 3190/354/127
f 3228/355/128 3223/356/128 3226/357/128
f 3224/358/129 3223/359/129 3227/360/129
f 3226/361/130 3225/362/130 3190/363/130
f 3199/364/131 3228/365/131 3226/366/131
f 3195/367/132 3224/368/132 3194/369/132
f 3234/370/133 3194/371/133 3201/372/133
f 3232/373/134 3234/374/134 3235/375/134
f 3238/376/135 3236/377/135 3235/378/135
f 3240/379/136 3243/380/136 3236/381/136
f 3243/382/137 3233/383/137 3236/384/137
f 3238/385/138 3201/386/138 3205/387/138
f 3237/388/139 3238/389/139 3205/390/139
f 3230/391/140 3237/392/140 3205/393/140
f 3231/394/141 3241/395/141 3237/396/141
f 3240/397/397 3239/398/397 3237/399/397
f 3229/400/143 3231/401/143 3230/402/143
f 3180/403/144 3242/404/144 3243/405/144
f 3229/406/145 3180/407/145 3241/408/145
f 3251/409/146 3212/410/146 3244/411/146
f 3246/412/398 3251/413/398 3244/414/398
f 3245/415/148 3244/416/148 3212/417/148
f 3246/418/149 3244/419/149 3245/420/149
f 3245/421/446 3214/422/446 3249/423/446
f 3248/424/151 3245/425/151 3254/426/151
f 3248/427/152 3246/428/152 3245/429/152
f 3247/430/153 3246/431/153 3256/432/153
f 3219/433/154 3184/434/154 3179/435/154
f 3251/436/155 3185/437/155 3184/438/155
f 3220/439/457 3184/440/457 3219/441/457
f 3251/442/157 3184/443/157 3220/444/157
f 3251/445/158 3220/446/158 3212/447/158
f 3252/448/428 3250/449/74 3247/450/76
f 3247/451/160 3251/452/160 3246/453/160
f 3252/454/161 3247/455/161 3253/456/161
f 3186/457/162 3185/458/162 3250/459/162
f 3252/460/163 3186/461/163 3250/462/163
f 3249/463/164 3216/464/164 3224/465/164
f 3259/466/165 3249/467/165 3224/468/165
f 3256/469/166 3248/470/166 3255/471/166
f 3259/472/167 3224/473/167 3258/474/167
f 3255/475/168 3254/476/168 3259/477/168
f 3257/478/169 3256/479/169 3255/480/169
f 3255/481/170 3259/482/170 3258/483/170
f 3255/484/171 3258/485/171 3232/486/171
f 3233/487/81 3255/488/454 3236/489/172
f 3260/490/173 3257/491/173 3233/492/173
f 3253/493/174 3257/494/174 3260/495/174
f 3263/1/175 3264/3/175 3262/2/175
f 3265/4/176 3264/6/177 3263/5/178
f 3173/7/179 3266/9/180 3265/8/176
f 3264/10/181 3267/12/181 3262/11/181
f 3265/13/182 3269/15/182 3264/14/182
f 3268/16/183 3269/18/183 3265/17/183
f 3270/19/184 3269/21/184 3268/20/184
f 3268/22/185 3272/24/185 3270/23/185
f 3173/25/179 3271/27/186 3266/26/180
f 3273/28/187 3274/30/187 3270/29/187
f 3273/31/188 3275/33/188 3274/32/188
f 3186/34/189 3273/36/189 3266/35/189
f 3279/37/190 3280/39/190 3278/38/190
f 3278/40/191 3281/42/191 3261/41/191
f 3287/43/192 3286/45/192 3280/44/192
f 3287/46/193 3280/48/193 3285/47/193
f 3287/49/194 3285/51/194 3282/50/194
f 3289/52/195 3286/54/195 3287/53/195
f 3288/55/196 3283/57/196 3287/56/196
f 3283/58/357 3290/60/357 3293/59/357
f 3291/61/198 3281/63/198 3280/62/198
f 3291/64/199 3280/66/199 3286/65/199
f 3295/67/458 3297/69/458 3262/68/458
f 3300/70/201 3297/72/354 3295/71/203
f 3298/73/430 3295/75/430 3262/74/430
f 3298/76/205 3296/78/359 3295/77/203
f 3299/79/207 3301/81/207 3302/80/207
f 3302/82/208 3304/84/208 3300/83/208
f 3301/85/209 3303/87/209 3302/86/209
f 3312/88/210 3304/90/210 3302/89/210
f 3270/91/211 3306/93/211 3267/92/211
f 3267/94/212 3306/96/212 3262/95/212
f 3307/97/213 3296/99/213 3306/98/213
f 3311/100/214 3279/102/214 3278/101/214
f 3314/103/215 3310/105/215 3300/104/215
f 3305/106/216 3313/108/216 3312/107/216
f 3304/109/375 3315/111/375 3314/110/375
f 3312/112/218 3315/114/218 3304/113/218
f 3316/115/219 3317/117/219 3312/116/219
f 3314/118/220 3279/120/220 3310/119/220
f 3315/121/221 3282/123/221 3279/122/221
f 3288/124/222 3282/126/222 3315/125/222
f 3316/127/223 3288/129/223 3317/128/223
f 3313/130/224 3283/132/224 3288/131/224
f 3313/133/225 3288/135/225 3316/134/225
f 3294/136/226 3318/138/226 3276/137/226
f 3319/139/227 3318/141/227 3325/140/227
f 3343/142/228 3322/144/228 3284/143/228
f 3284/145/229 3322/147/229 3283/146/229
f 3323/148/230 3290/150/230 3322/149/230
f 3324/151/231 3323/153/231 3320/152/231
f 3324/154/232 3328/156/232 3326/155/232
f 3323/157/441 3326/159/441 3290/158/441
f 3327/160/234 3325/162/234 3326/161/234
f 3328/163/235 3327/165/235 3326/164/235
f 3328/166/236 3329/168/236 3325/167/236
f 3229/169/237 3319/171/237 3329/170/237
f 3242/172/238 3330/174/238 3321/173/238
f 3330/175/239 3329/177/239 3328/176/239
f 3180/178/240 3329/180/240 3330/179/240
f 3332/181/241 3303/183/241 3301/182/241
f 3339/184/403 3336/186/403 3332/185/403
f 3333/187/243 3341/189/243 3335/188/243
f 3303/190/244 3336/192/244 3305/191/244
f 3339/193/245 3344/195/245 3336/194/245
f 3334/196/246 3342/198/246 3341/197/246
f 3337/199/247 3338/201/247 3275/200/247
f 3309/202/248 3301/204/248 3299/203/248
f 3337/205/423 3334/207/404 3338/206/405
f 3253/208/252 3342/210/252 3334/209/252
f 3335/211/253 3340/213/253 3339/212/253
f 3342/214/254 3321/216/255 3340/215/256
f 3343/217/257 3284/219/257 3313/218/257
f 3343/220/258 3320/222/258 3322/221/258
f 3324/223/259 3320/225/259 3340/224/259
f 3242/226/260 3321/228/260 3260/227/260
f 3173/229/179 3265/231/176 3263/230/178
f 3268/232/261 3265/234/261 3266/233/261
f 3269/235/425 3267/237/425 3264/236/425
f 3267/238/263 3269/240/263 3270/239/263
f 3272/241/264 3268/243/264 3266/242/264
f 3273/244/265 3272/246/265 3266/245/265
f 3273/247/266 3270/249/266 3272/248/266
f 3186/250/267 3266/252/180 3271/251/186
f 3186/253/268 3275/255/268 3273/254/268
f 3276/256/269 3261/258/269 3277/257/269
f 3281/259/270 3278/261/270 3280/260/270
f 3261/262/271 3281/264/271 3277/263/271
f 3292/265/272 3276/267/272 3277/266/272
f 3294/268/426 3276/270/426 3292/269/426
f 3285/271/274 3280/273/274 3279/272/274
f 3282/274/376 3285/276/376 3279/275/376
f 3287/277/276 3282/279/276 3288/278/276
f 3283/280/277 3289/282/277 3287/281/277
f 3283/283/278 3293/285/278 3289/284/278
f 3292/286/279 3291/288/279 3293/287/279
f 3293/289/280 3291/291/280 3286/290/280
f 3293/292/281 3286/294/281 3289/293/281
f 3294/295/282 3292/297/282 3293/296/282
f 3294/298/283 3293/300/283 3290/299/283
f 3277/301/284 3281/303/285 3291/302/286
f 3277/304/284 3291/306/286 3292/305/287
f 3300/307/201 3295/309/203 3296/308/359
f 3302/310/288 3300/312/201 3296/311/359
f 3302/313/289 3296/315/289 3299/314/289
f 3302/316/290 3305/318/290 3312/317/290
f 3303/319/291 3305/321/291 3302/320/291
f 3304/322/292 3314/324/292 3300/323/292
f 3307/325/442 3306/327/442 3270/326/442
f 3309/328/294 3307/330/294 3270/329/294
f 3309/331/295 3270/333/295 3308/332/295
f 3306/334/296 3298/336/296 3262/335/296
f 3296/337/297 3298/339/297 3306/338/297
f 3307/340/298 3299/342/298 3296/341/298
f 3309/343/299 3299/345/299 3307/344/299
f 3310/346/300 3297/348/354 3300/347/201
f 3311/349/301 3297/351/301 3310/350/301
f 3310/352/302 3279/354/302 3311/353/302
f 3317/355/303 3315/357/303 3312/356/303
f 3313/358/304 3316/360/304 3312/359/304
f 3315/361/305 3279/363/305 3314/362/305
f 3288/364/306 3315/366/306 3317/365/306
f 3284/367/307 3283/369/307 3313/368/307
f 3322/370/308 3290/372/308 3283/371/308
f 3320/373/309 3323/375/309 3322/374/309
f 3326/376/310 3323/378/310 3324/377/310
f 3328/379/311 3324/381/311 3330/380/311
f 3330/382/431 3324/384/431 3321/383/431
f 3326/385/313 3294/387/313 3290/386/313
f 3325/388/314 3294/390/314 3326/389/314
f 3318/391/315 3294/393/315 3325/392/315
f 3319/394/316 3325/396/316 3329/395/316
f 3328/397/408 3325/399/408 3327/398/408
f 3229/400/318 3318/402/318 3319/401/318
f 3180/403/459 3330/405/459 3242/404/459
f 3229/406/320 3329/408/320 3180/407/320
f 3338/409/321 3331/411/321 3301/410/321
f 3333/412/322 3331/414/322 3338/413/322
f 3332/415/323 3301/417/323 3331/416/323
f 3333/418/324 3332/420/324 3331/419/324
f 3332/421/325 3336/423/325 3303/422/325
f 3335/424/326 3339/426/326 3332/425/326
f 3335/427/327 3332/429/327 3333/428/327
f 3334/430/328 3341/432/328 3333/431/328
f 3308/433/329 3270/435/329 3274/434/329
f 3338/436/330 3274/438/330 3275/437/330
f 3309/439/331 3308/441/331 3274/440/331
f 3338/442/332 3309/444/332 3274/443/332
f 3338/445/333 3301/447/333 3309/446/333
f 3252/448/409 3334/450/404 3337/449/423
f 3334/451/453 3333/453/453 3338/452/453
f 3252/454/336 3253/456/336 3334/455/336
f 3186/457/337 3337/459/337 3275/458/337
f 3252/460/338 3337/462/338 3186/461/338
f 3336/463/339 3313/465/339 3305/464/339
f 3344/466/340 3313/468/340 3336/467/340
f 3341/469/341 3340/471/341 3335/470/341
f 3344/472/342 3343/474/342 3313/473/342
f 3340/475/343 3344/477/343 3339/476/343
f 3342/478/344 3340/480/344 3341/479/344
f 3340/481/345 3343/483/345 3344/482/345
f 3340/484/346 3320/486/346 3343/485/346
f 3321/487/255 3324/489/347 3340/488/256
f 3260/490/348 3321/492/348 3342/491/348
f 3253/493/349 3260/495/349 3342/494/349
f 3347/1/1 3346/2/1 3348/3/1
f 3350/4/2 3347/5/2 3348/6/2
f 3349/7/3 3350/8/4 3351/9/5
f 3348/10/6 3346/11/6 3352/12/6
f 3350/13/7 3348/14/7 3354/15/7
f 3353/16/8 3350/17/8 3354/18/8
f 3355/19/9 3353/20/9 3354/21/9
f 3353/22/10 3355/23/10 3358/24/10
f 3349/25/3 3351/26/5 3357/27/11
f 3359/28/12 3355/29/12 3360/30/12
f 3359/31/13 3360/32/13 3361/33/13
f 3362/34/14 3351/35/14 3359/36/14
f 3366/37/15 3365/38/15 3367/39/15
f 3365/40/16 3345/41/16 3368/42/16
f 3374/43/410 3367/44/410 3373/45/410
f 3374/46/18 3372/47/18 3367/48/18
f 3374/49/19 3369/50/19 3372/51/19
f 3376/52/20 3374/53/20 3373/54/20
f 3375/55/21 3374/56/21 3370/57/21
f 3370/58/372 3380/59/372 3377/60/372
f 3378/61/23 3367/62/23 3368/63/23
f 3378/64/24 3373/65/24 3367/66/24
f 3382/67/460 3346/68/460 3384/69/460
f 3387/70/26 3382/71/27 3384/72/28
f 3385/73/461 3346/74/461 3382/75/461
f 3385/76/30 3382/77/27 3383/78/31
f 3386/79/32 3389/80/32 3388/81/32
f 3389/82/33 3387/83/33 3391/84/33
f 3388/85/34 3389/86/34 3390/87/34
f 3399/88/35 3389/89/35 3391/90/35
f 3355/91/36 3352/92/36 3393/93/36
f 3352/94/37 3346/95/37 3393/96/37
f 3394/97/38 3393/98/38 3383/99/38
f 3398/100/39 3365/101/39 3366/102/39
f 3401/103/40 3387/104/40 3397/105/40
f 3392/106/41 3399/107/41 3400/108/41
f 3391/109/380 3401/110/380 3402/111/380
f 3399/112/43 3391/113/43 3402/114/43
f 3403/115/356 3399/116/356 3404/117/356
f 3401/118/45 3397/119/45 3366/120/45
f 3402/121/46 3366/122/46 3369/123/46
f 3375/124/47 3402/125/47 3369/126/47
f 3403/127/48 3404/128/48 3375/129/48
f 3400/130/49 3375/131/49 3370/132/49
f 3400/133/50 3403/134/50 3375/135/50
f 3381/136/51 3363/137/51 3406/138/51
f 3407/139/52 3413/140/52 3406/141/52
f 3434/142/53 3371/143/53 3410/144/53
f 3371/145/54 3370/146/54 3410/147/54
f 3411/148/55 3410/149/55 3377/150/55
f 3412/151/56 3408/152/56 3411/153/56
f 3412/154/57 3414/155/57 3416/156/57
f 3411/157/58 3377/158/58 3414/159/58
f 3415/160/437 3414/161/437 3413/162/437
f 3416/163/60 3414/164/60 3415/165/60
f 3416/166/61 3413/167/61 3417/168/61
f 3405/169/62 3417/170/62 3407/171/62
f 3418/172/63 3409/173/63 3419/174/63
f 3419/175/64 3416/176/64 3417/177/64
f 3356/178/65 3419/179/65 3417/180/65
f 3421/181/66 3388/182/66 3390/183/66
f 3430/184/373 3421/185/373 3425/186/373
f 3422/187/68 3424/188/68 3432/189/68
f 3390/190/69 3392/191/69 3425/192/69
f 3430/193/70 3425/194/70 3435/195/70
f 3423/196/71 3432/197/71 3433/198/71
f 3426/199/72 3361/200/72 3427/201/72
f 3396/202/73 3386/203/73 3388/204/73
f 3426/205/74 3427/206/75 3423/207/76
f 3429/208/77 3423/209/77 3433/210/77
f 3424/211/78 3430/212/78 3431/213/78
f 3433/214/79 3431/215/80 3409/216/81
f 3434/217/82 3400/218/82 3371/219/82
f 3434/220/83 3410/221/83 3408/222/83
f 3412/223/84 3431/224/84 3408/225/84
f 3418/226/85 3436/227/85 3409/228/85
f 3349/229/3 3347/230/4 3350/231/4
f 3353/232/86 3351/233/86 3350/234/86
f 3354/235/87 3348/236/87 3352/237/87
f 3352/238/88 3355/239/88 3354/240/88
f 3358/241/89 3351/242/89 3353/243/89
f 3359/244/90 3351/245/90 3358/246/90
f 3359/247/91 3358/248/91 3355/249/91
f 3362/250/92 3357/251/11 3351/252/5
f 3362/253/417 3359/254/417 3361/255/417
f 3363/256/94 3364/257/94 3345/258/94
f 3368/259/95 3367/260/95 3365/261/95
f 3345/262/96 3364/263/96 3368/264/96
f 3379/265/97 3364/266/97 3363/267/97
f 3381/268/98 3379/269/98 3363/270/98
f 3372/271/99 3366/272/99 3367/273/99
f 3369/274/381 3366/275/381 3372/276/381
f 3374/277/101 3375/278/101 3369/279/101
f 3370/280/102 3374/281/102 3376/282/102
f 3370/283/103 3376/284/103 3380/285/103
f 3379/286/104 3380/287/104 3378/288/104
f 3380/289/105 3373/290/105 3378/291/105
f 3380/292/106 3376/293/106 3373/294/106
f 3381/295/107 3380/296/107 3379/297/107
f 3381/298/108 3377/299/108 3380/300/108
f 3364/301/109 3378/302/110 3368/303/111
f 3364/304/109 3379/305/112 3378/306/110
f 3387/307/26 3383/308/31 3382/309/27
f 3389/310/113 3383/311/31 3387/312/26
f 3389/313/114 3386/314/114 3383/315/114
f 3389/316/115 3399/317/115 3392/318/115
f 3390/319/444 3389/320/444 3392/321/444
f 3391/322/117 3387/323/117 3401/324/117
f 3394/325/455 3355/326/455 3393/327/455
f 3396/328/119 3355/329/119 3394/330/119
f 3396/331/120 3395/332/120 3355/333/120
f 3393/334/121 3346/335/121 3385/336/121
f 3383/337/122 3393/338/122 3385/339/122
f 3394/340/123 3383/341/123 3386/342/123
f 3396/343/456 3394/344/456 3386/345/456
f 3397/346/125 3387/347/26 3384/348/28
f 3398/349/126 3397/350/126 3384/351/126
f 3397/352/127 3398/353/127 3366/354/127
f 3404/355/128 3399/356/128 3402/357/128
f 3400/358/129 3399/359/129 3403/360/129
f 3402/361/130 3401/362/130 3366/363/130
f 3375/364/131 3404/365/131 3402/366/131
f 3371/367/132 3400/368/132 3370/369/132
f 3410/370/133 3370/371/133 3377/372/133
f 3408/373/134 3410/374/134 3411/375/134
f 3414/376/135 3412/377/135 3411/378/135
f 3416/379/136 3419/380/136 3412/381/136
f 3419/382/137 3409/383/137 3412/384/137
f 3414/385/138 3377/386/138 3381/387/138
f 3413/388/139 3414/389/139 3381/390/139
f 3406/391/140 3413/392/140 3381/393/140
f 3407/394/141 3417/395/141 3413/396/141
f 3416/397/397 3415/398/397 3413/399/397
f 3405/400/143 3407/401/143 3406/402/143
f 3356/403/144 3418/404/144 3419/405/144
f 3405/406/145 3356/407/145 3417/408/145
f 3427/409/146 3388/410/146 3420/411/146
f 3422/412/398 3427/413/398 3420/414/398
f 3421/415/148 3420/416/148 3388/417/148
f 3422/418/149 3420/419/149 3421/420/149
f 3421/421/150 3390/422/150 3425/423/150
f 3424/424/151 3421/425/151 3430/426/151
f 3424/427/152 3422/428/152 3421/429/152
f 3423/430/153 3422/431/153 3432/432/153
f 3395/433/154 3360/434/154 3355/435/154
f 3427/436/155 3361/437/155 3360/438/155
f 3396/439/156 3360/440/156 3395/441/156
f 3427/442/157 3360/443/157 3396/444/157
f 3427/445/158 3396/446/158 3388/447/158
f 3428/448/428 3426/449/74 3423/450/76
f 3423/451/160 3427/452/160 3422/453/160
f 3428/454/161 3423/455/161 3429/456/161
f 3362/457/162 3361/458/162 3426/459/162
f 3428/460/163 3362/461/163 3426/462/163
f 3425/463/164 3392/464/164 3400/465/164
f 3435/466/165 3425/467/165 3400/468/165
f 3432/469/166 3424/470/166 3431/471/166
f 3435/472/167 3400/473/167 3434/474/167
f 3431/475/168 3430/476/168 3435/477/168
f 3433/478/169 3432/479/169 3431/480/169
f 3431/481/170 3435/482/170 3434/483/170
f 3431/484/171 3434/485/171 3408/486/171
f 3409/487/81 3431/488/80 3412/489/172
f 3436/490/173 3433/491/173 3409/492/173
f 3429/493/174 3433/494/174 3436/495/174
f 3439/1/175 3440/3/175 3438/2/175
f 3441/4/176 3440/6/177 3439/5/178
f 3349/7/179 3442/9/180 3441/8/176
f 3440/10/181 3443/12/181 3438/11/181
f 3441/13/182 3445/15/182 3440/14/182
f 3444/16/183 3445/18/183 3441/17/183
f 3446/19/184 3445/21/184 3444/20/184
f 3444/22/185 3448/24/185 3446/23/185
f 3349/25/179 3447/27/186 3442/26/180
f 3449/28/187 3450/30/187 3446/29/187
f 3449/31/188 3451/33/188 3450/32/188
f 3362/34/189 3449/36/189 3442/35/189
f 3455/37/190 3456/39/190 3454/38/190
f 3454/40/191 3457/42/191 3437/41/191
f 3463/43/401 3462/45/401 3456/44/401
f 3463/46/193 3456/48/193 3461/47/193
f 3463/49/194 3461/51/194 3458/50/194
f 3465/52/195 3462/54/195 3463/53/195
f 3464/55/196 3459/57/196 3463/56/196
f 3459/58/197 3466/60/197 3469/59/197
f 3467/61/198 3457/63/198 3456/62/198
f 3467/64/199 3456/66/199 3462/65/199
f 3471/67/200 3473/69/200 3438/68/200
f 3476/70/201 3473/72/354 3471/71/203
f 3474/73/462 3471/75/462 3438/74/462
f 3474/76/205 3472/78/359 3471/77/203
f 3475/79/207 3477/81/207 3478/80/207
f 3478/82/208 3480/84/208 3476/83/208
f 3477/85/209 3479/87/209 3478/86/209
f 3488/88/210 3480/90/210 3478/89/210
f 3446/91/211 3482/93/211 3443/92/211
f 3443/94/212 3482/96/212 3438/95/212
f 3483/97/213 3472/99/213 3482/98/213
f 3487/100/214 3455/102/214 3454/101/214
f 3490/103/215 3486/105/215 3476/104/215
f 3481/106/216 3489/108/216 3488/107/216
f 3480/109/375 3491/111/375 3490/110/375
f 3488/112/218 3491/114/218 3480/113/218
f 3492/115/219 3493/117/219 3488/116/219
f 3490/118/220 3455/120/220 3486/119/220
f 3491/121/221 3458/123/221 3455/122/221
f 3464/124/222 3458/126/222 3491/125/222
f 3492/127/223 3464/129/223 3493/128/223
f 3489/130/224 3459/132/224 3464/131/224
f 3489/133/225 3464/135/225 3492/134/225
f 3470/136/226 3494/138/226 3452/137/226
f 3495/139/227 3494/141/227 3501/140/227
f 3519/142/228 3498/144/228 3460/143/228
f 3460/145/229 3498/147/229 3459/146/229
f 3499/148/230 3466/150/230 3498/149/230
f 3500/151/231 3499/153/231 3496/152/231
f 3500/154/232 3504/156/232 3502/155/232
f 3499/157/233 3502/159/233 3466/158/233
f 3503/160/234 3501/162/234 3502/161/234
f 3504/163/235 3503/165/235 3502/164/235
f 3504/166/236 3505/168/236 3501/167/236
f 3405/169/237 3495/171/237 3505/170/237
f 3418/172/238 3506/174/238 3497/173/238
f 3506/175/239 3505/177/239 3504/176/239
f 3356/178/240 3505/180/240 3506/179/240
f 3508/181/241 3479/183/241 3477/182/241
f 3515/184/242 3512/186/242 3508/185/242
f 3509/187/243 3517/189/243 3511/188/243
f 3479/190/244 3512/192/244 3481/191/244
f 3515/193/245 3520/195/245 3512/194/245
f 3510/196/246 3518/198/246 3517/197/246
f 3513/199/247 3514/201/247 3451/200/247
f 3485/202/248 3477/204/248 3475/203/248
f 3513/205/249 3510/207/250 3514/206/405
f 3429/208/252 3518/210/252 3510/209/252
f 3511/211/253 3516/213/253 3515/212/253
f 3518/214/254 3497/216/360 3516/215/361
f 3519/217/257 3460/219/257 3489/218/257
f 3519/220/258 3496/222/258 3498/221/258
f 3500/223/259 3496/225/259 3516/224/259
f 3418/226/260 3497/228/260 3436/227/260
f 3349/229/179 3441/231/176 3439/230/178
f 3444/232/261 3441/234/261 3442/233/261
f 3445/235/262 3443/237/262 3440/236/262
f 3443/238/263 3445/240/263 3446/239/263
f 3448/241/264 3444/243/264 3442/242/264
f 3449/244/265 3448/246/265 3442/245/265
f 3449/247/266 3446/249/266 3448/248/266
f 3362/250/267 3442/252/180 3447/251/186
f 3362/253/406 3451/255/406 3449/254/406
f 3452/256/269 3437/258/269 3453/257/269
f 3457/259/270 3454/261/270 3456/260/270
f 3437/262/271 3457/264/271 3453/263/271
f 3468/265/272 3452/267/272 3453/266/272
f 3470/268/386 3452/270/386 3468/269/386
f 3461/271/274 3456/273/274 3455/272/274
f 3458/274/376 3461/276/376 3455/275/376
f 3463/277/276 3458/279/276 3464/278/276
f 3459/280/277 3465/282/277 3463/281/277
f 3459/283/407 3469/285/407 3465/284/407
f 3468/286/279 3467/288/279 3469/287/279
f 3469/289/280 3467/291/280 3462/290/280
f 3469/292/281 3462/294/281 3465/293/281
f 3470/295/282 3468/297/282 3469/296/282
f 3470/298/283 3469/300/283 3466/299/283
f 3453/301/284 3457/303/285 3467/302/286
f 3453/304/284 3467/306/286 3468/305/287
f 3476/307/201 3471/309/203 3472/308/359
f 3478/310/288 3476/312/201 3472/311/359
f 3478/313/289 3472/315/289 3475/314/289
f 3478/316/290 3481/318/290 3488/317/290
f 3479/319/448 3481/321/448 3478/320/448
f 3480/322/292 3490/324/292 3476/323/292
f 3483/325/413 3482/327/413 3446/326/413
f 3485/328/294 3483/330/294 3446/329/294
f 3485/331/295 3446/333/295 3484/332/295
f 3482/334/296 3474/336/296 3438/335/296
f 3472/337/297 3474/339/297 3482/338/297
f 3483/340/298 3475/342/298 3472/341/298
f 3485/343/463 3475/345/463 3483/344/463
f 3486/346/414 3473/348/354 3476/347/201
f 3487/349/301 3473/351/301 3486/350/301
f 3486/352/302 3455/354/302 3487/353/302
f 3493/355/303 3491/357/303 3488/356/303
f 3489/358/304 3492/360/304 3488/359/304
f 3491/361/305 3455/363/305 3490/362/305
f 3464/364/306 3491/366/306 3493/365/306
f 3460/367/307 3459/369/307 3489/368/307
f 3498/370/308 3466/372/308 3459/371/308
f 3496/373/309 3499/375/309 3498/374/309
f 3502/376/310 3499/378/310 3500/377/310
f 3504/379/311 3500/381/311 3506/380/311
f 3506/382/312 3500/384/312 3497/383/312
f 3502/385/313 3470/387/313 3466/386/313
f 3501/388/314 3470/390/314 3502/389/314
f 3494/391/315 3470/393/315 3501/392/315
f 3495/394/316 3501/396/316 3505/395/316
f 3504/397/408 3501/399/408 3503/398/408
f 3405/400/318 3494/402/318 3495/401/318
f 3356/403/319 3506/405/319 3418/404/319
f 3405/406/320 3505/408/320 3356/407/320
f 3514/409/321 3507/411/321 3477/410/321
f 3509/412/322 3507/414/322 3514/413/322
f 3508/415/323 3477/417/323 3507/416/323
f 3509/418/324 3508/420/324 3507/419/324
f 3508/421/325 3512/423/325 3479/422/325
f 3511/424/326 3515/426/326 3508/425/326
f 3511/427/327 3508/429/327 3509/428/327
f 3510/430/328 3517/432/328 3509/431/328
f 3484/433/329 3446/435/329 3450/434/329
f 3514/436/330 3450/438/330 3451/437/330
f 3485/439/331 3484/441/331 3450/440/331
f 3514/442/332 3485/444/332 3450/443/332
f 3514/445/333 3477/447/333 3485/446/333
f 3428/448/334 3510/450/250 3513/449/249
f 3510/451/453 3509/453/453 3514/452/453
f 3428/454/336 3429/456/336 3510/455/336
f 3362/457/337 3513/459/337 3451/458/337
f 3428/460/383 3513/462/383 3362/461/383
f 3512/463/339 3489/465/339 3481/464/339
f 3520/466/340 3489/468/340 3512/467/340
f 3517/469/341 3516/471/341 3511/470/341
f 3520/472/342 3519/474/342 3489/473/342
f 3516/475/343 3520/477/343 3515/476/343
f 3518/478/344 3516/480/344 3517/479/344
f 3516/481/345 3519/483/345 3520/482/345
f 3516/484/346 3496/486/346 3519/485/346
f 3497/487/360 3500/489/347 3516/488/361
f 3436/490/348 3497/492/348 3518/491/348
f 3429/493/349 3436/495/349 3518/494/349
